SYMBOL,TICKER,NAME_OF_COMPANY,SERIES,CLOSE_PRICE,PREV_CLOSE,CHANGE_PCT,TTL_TRD_QNTY,TURNOVER_LACS,DELIV_PER,DATE_OF_LISTING,SESSION_DATE
20MICRONS,20MICRONS.NS,20 Microns Limited,EQ,207.26,214.59,-3.415816207651807,92549,192.69,46.1,06-OCT-2008,02-Oct-2026
21STCENMGM,21STCENMGM.NS,21st Century Management Services Limited,EQ,38.0,38.67,-1.7326092578226058,4636,1.79,73.55,03-MAY-1995,02-Oct-2026
360ONE,360ONE.NS,360 ONE WAM LIMITED,EQ,1040.0,1030.0,0.9708737864077669,1213803,12489.3,60.36,19-SEP-2019,02-Oct-2026
3BBLACKBIO,3BBLACKBIO.NS,3B Blackbio Dx Limited,EQ,1646.8,1710.4,-3.718428437792337,27802,466.39,34.44,20-APR-2026,02-Oct-2026
3IINFOLTD,3IINFOLTD.NS,3i Infotech Limited,BE,22.45,22.52,-0.3108348134991131,285733,64.22,0.0,22-OCT-2021,02-Oct-2026
3MINDIA,3MINDIA.NS,3M India Limited,EQ,30795.0,32160.0,-4.244402985074626,6078,1885.01,45.31,13-AUG-2004,02-Oct-2026
3PLAND,3PLAND.NS,3P Land Holdings Limited,EQ,31.12,31.01,0.35472428248951765,8529,2.59,88.96,19-JUL-1995,02-Oct-2026
5PAISA,5PAISA.NS,5Paisa Capital Limited,EQ,316.35,305.2,3.6533420707732747,104625,329.53,44.96,16-NOV-2017,02-Oct-2026
63MOONS,63MOONS.NS,63 moons technologies limited,EQ,802.25,811.05,-1.085013254423273,207253,1667.9,38.29,20-JUN-2005,02-Oct-2026
A2ZINFRA,A2ZINFRA.NS,A2Z Infra Engineering Limited,EQ,14.38,14.93,-3.6838580040187474,378693,55.08,42.79,23-DEC-2010,02-Oct-2026
AAATECH,AAATECH.NS,AAA Technologies Limited,EQ,92.74,94.73,-2.1007072733030814,20399,19.17,44.03,28-NOV-2022,02-Oct-2026
AADHARHFC,AADHARHFC.NS,Aadhar Housing Finance Limited,EQ,448.4,436.0,2.8440366972477014,620361,2743.81,47.89,15-MAY-2024,02-Oct-2026
AAKAAR,AAKAAR.NS,AAKAAR,SM,65.0,65.95,-1.4404852160727866,4800,3.17,100.0,,02-Oct-2026
AAKASH,AAKASH.NS,Aakash Exploration Services Limited,EQ,8.34,8.44,-1.1848341232227448,120731,10.15,79.78,29-SEP-2020,02-Oct-2026
AARADHYA,AARADHYA.NS,AARADHYA,ST,123.05,125.35,-1.8348623853210986,2400,2.95,100.0,,02-Oct-2026
AAREYDRUGS,AAREYDRUGS.NS,Aarey Drugs & Pharmaceuticals Limited,EQ,103.85,102.72,1.1000778816199333,449714,476.53,63.95,06-AUG-2021,02-Oct-2026
AARNAV,AARNAV.NS,Aarnav Fashions Limited,BE,35.5,36.0,-1.3888888888888888,13310,4.68,0.0,25-FEB-2026,02-Oct-2026
AARON,AARON.NS,Aaron Industries Limited,EQ,123.11,124.68,-1.2592236124478724,7589,9.3,71.41,06-NOV-2020,02-Oct-2026
AARTECH,AARTECH.NS,Aartech Solonics Limited,BE,47.92,50.14,-4.427602712405263,57601,27.79,0.0,10-JUL-2023,02-Oct-2026
AARTIDRUGS,AARTIDRUGS.NS,Aarti Drugs Limited,EQ,421.0,430.9,-2.2975168252494726,171972,729.82,48.47,19-SEP-2003,02-Oct-2026
AARTIIND,AARTIIND.NS,Aarti Industries Limited,EQ,465.1,475.7,-2.228295143998311,486186,2277.87,50.7,08-FEB-1995,02-Oct-2026
AARTIPHARM,AARTIPHARM.NS,Aarti Pharmalabs Limited,EQ,968.5,953.75,1.546526867627785,658749,6238.52,41.56,30-JAN-2023,02-Oct-2026
AARTISURF,AARTISURF.NS,Aarti Surfactants Limited,BE,498.5,493.2,1.0746147607461498,8753,43.72,0.0,14-JUL-2020,02-Oct-2026
AARVI,AARVI.NS,Aarvi Encon Limited,EQ,137.12,136.83,0.21194182562303004,18690,25.3,64.15,24-JUN-2020,02-Oct-2026
AASTHA,AASTHA.NS,Aastha Spintex Limited,EQ,32.45,34.15,-4.978038067349915,583887,190.54,64.08,06-JUL-2026,02-Oct-2026
AAVAS,AAVAS.NS,Aavas Financiers Limited,EQ,1190.9,1211.9,-1.7328162389636106,280168,3296.53,72.3,08-OCT-2018,02-Oct-2026
ABAN,ABAN.NS,Aban Offshore Limited,BE,15.36,14.63,4.989747095010244,16344,2.51,0.0,29-MAR-1995,02-Oct-2026
ABANSENT,ABANSENT.NS,Abans Enterprises Limited,EQ,27.6,26.46,4.308390022675739,8148,2.21,68.83,20-APR-2026,02-Oct-2026
ABB,ABB.NS,ABB India Limited,EQ,6900.0,6776.0,1.829988193624557,240835,16476.99,39.09,08-FEB-1995,02-Oct-2026
ABBOTINDIA,ABBOTINDIA.NS,Abbott India Limited,EQ,26840.0,27125.0,-1.0506912442396314,6879,1847.06,55.37,08-JAN-2010,02-Oct-2026
ABCAPITAL,ABCAPITAL.NS,Aditya Birla Capital Limited,EQ,375.05,380.6,-1.4582238570677908,5001023,18688.07,66.05,01-SEP-2017,02-Oct-2026
ABCOTS,ABCOTS.NS,A B Cotspin India Limited,EQ,189.91,196.49,-3.3487709298183175,8222,15.62,61.36,24-SEP-2025,02-Oct-2026
ABDL,ABDL.NS,Allied Blenders and Distillers Limited,EQ,679.45,718.9,-5.487550424259275,1056525,7284.14,56.95,02-JUL-2024,02-Oct-2026
ABFRL,ABFRL.NS,Aditya Birla Fashion and Retail Limited,EQ,44.53,46.32,-3.8644214162348858,5512411,2479.22,44.26,17-JUL-2013,02-Oct-2026
ABH,ABH.NS,ABH,SM,41.45,41.3,0.3631961259080041,20400,8.41,58.82,,02-Oct-2026
ABHAPOWER,ABHAPOWER.NS,ABHAPOWER,SM,23.85,23.4,1.9230769230769353,3200,0.77,100.0,,02-Oct-2026
ABINFRA,ABINFRA.NS,A B Infrabuild Limited,BE,12.56,12.71,-1.1801730920535038,235024,29.71,0.0,08-NOV-2024,02-Oct-2026
ABLBL,ABLBL.NS,Aditya Birla Lifestyle Brands Limited,EQ,74.44,76.52,-2.7182435964453715,1647089,1227.49,56.29,23-JUN-2025,02-Oct-2026
ABMINTLLTD,ABMINTLLTD.NS,ABM International Limited,BE,45.2,45.2,0.0,175,0.08,0.0,09-SEP-2021,02-Oct-2026
ABMKNO,ABMKNO.NS,ABM Knowledgeware Limited,EQ,168.07,170.98,-1.7019534448473488,991,1.68,83.35,20-APR-2026,02-Oct-2026
ABREL,ABREL.NS,Aditya Birla Real Estate Limited,EQ,1100.5,1130.7,-2.6709118245334786,435320,4778.36,52.63,27-JUN-2003,02-Oct-2026
ABSL10BANK,ABSL10BANK.NS,ABSL10BANK,EQ,162.3,162.51,-0.12922281705739927,1562,2.54,90.85,,02-Oct-2026
ABSLAMC,ABSLAMC.NS,Aditya Birla Sun Life AMC Limited,EQ,991.7,995.3,-0.3616999899527689,282008,2719.71,34.89,11-OCT-2021,02-Oct-2026
ABSLBANETF,ABSLBANETF.NS,ABSLBANETF,EQ,55.97,56.04,-0.12491077801570358,13067,7.32,28.69,,02-Oct-2026
ABSLLIQUID,ABSLLIQUID.NS,ABSLLIQUID,EQ,1000.0,1000.0,0.0,6529,65.29,95.68,,02-Oct-2026
ABSLMSCIN,ABSLMSCIN.NS,ABSLMSCIN,EQ,27.68,28.33,-2.2943875750088196,1273,0.35,67.79,,02-Oct-2026
ABSLNN50ET,ABSLNN50ET.NS,ABSLNN50ET,EQ,73.05,73.58,-0.720304430551782,22668,16.53,77.0,,02-Oct-2026
ABSLPSE,ABSLPSE.NS,ABSLPSE,EQ,9.73,9.78,-0.5112474437627703,174388,16.83,49.2,,02-Oct-2026
ABSMARINE,ABSMARINE.NS,ABSMARINE,SM,330.7,345.95,-4.408151466974997,130000,424.28,55.38,,02-Oct-2026
ACC,ACC.NS,ACC Limited,EQ,1182.8,1204.1,-1.7689560667718591,146983,1743.7,49.73,20-NOV-1996,02-Oct-2026
ACCELYA,ACCELYA.NS,Accelya Solutions India Limited,EQ,1094.2,1090.3,0.3576997156745933,41701,460.77,60.03,01-DEC-1999,02-Oct-2026
ACCENTMIC,ACCENTMIC.NS,ACCENTMIC,SM,669.9,674.65,-0.7040687764025791,118000,773.57,47.88,,02-Oct-2026
ACCPL,ACCPL.NS,ACCPL,ST,203.3,214.0,-4.999999999999995,24000,49.45,90.0,,02-Oct-2026
ACCURACY,ACCURACY.NS,Accuracy Shipping Limited,BE,4.13,4.26,-3.0516431924882603,26378,1.1,0.0,11-DEC-2020,02-Oct-2026
ACE,ACE.NS,Action Construction Equipment Limited,EQ,1212.3,1232.0,-1.5990259740259778,465866,5673.57,36.58,26-SEP-2006,02-Oct-2026
ACEINTEG,ACEINTEG.NS,Ace Integrated Solutions Limited,EQ,17.14,16.77,2.2063208109719796,1162,0.19,64.54,04-NOV-2022,02-Oct-2026
ACETEC,ACETEC.NS,ACETEC,SM,140.0,145.0,-3.4482758620689653,4800,6.72,100.0,,02-Oct-2026
ACGL,ACGL.NS,Automobile Corporation of Goa Limited,EQ,1622.7,1638.0,-0.9340659340659313,696,11.25,67.53,17-AUG-2026,02-Oct-2026
ACI,ACI.NS,Archean Chemical Industries Limited,EQ,475.05,485.85,-2.2229083050324197,156132,738.42,49.84,21-NOV-2022,02-Oct-2026
ACL,ACL.NS,Andhra Cements Limited,EQ,39.33,39.33,0.0,10720,4.24,63.66,10-MAY-2023,02-Oct-2026
ACMESOLAR,ACMESOLAR.NS,Acme Solar Holdings Limited,EQ,432.55,439.0,-1.4692482915717513,1085604,4766.09,30.7,13-NOV-2024,02-Oct-2026
ACSTECH,ACSTECH.NS,ACS Technologies Limited,BE,77.85,79.43,-1.9891728566033142,12998,10.12,0.0,20-APR-2026,02-Oct-2026
ACUTAAS,ACUTAAS.NS,Acutaas Chemicals Limited,EQ,3196.5,3279.4,-2.527901445386354,381484,12167.67,50.99,14-SEP-2021,02-Oct-2026
ADANIENSOL,ADANIENSOL.NS,Adani Energy Solutions Limited,EQ,1326.4,1314.6,0.897611440742445,7267118,98695.79,33.53,31-JUL-2015,02-Oct-2026
ADANIENT,ADANIENT.NS,Adani Enterprises Limited,EQ,2816.8,2903.4,-2.982709926293308,2100334,59670.33,42.05,04-JUN-1997,02-Oct-2026
ADANIGREEN,ADANIGREEN.NS,Adani Green Energy Limited,EQ,1276.1,1278.0,-0.14866979655712761,6355094,81456.75,66.77,18-JUN-2018,02-Oct-2026
ADANIPORTS,ADANIPORTS.NS,Adani Ports and Special Economic Zone Limited,EQ,1737.8,1798.3,-3.364288494689429,2157928,37776.32,52.62,27-NOV-2007,02-Oct-2026
ADANIPOWER,ADANIPOWER.NS,Adani Power Limited,EQ,196.21,204.0,-3.8186274509803884,33548439,66307.76,41.4,20-AUG-2009,02-Oct-2026
ADDICTIVE,ADDICTIVE.NS,ADDICTIVE,ST,41.0,42.05,-2.4970273483947616,19500,7.86,94.87,,02-Oct-2026
ADDIND,ADDIND.NS,Addi Industries Limited,EQ,76.4,78.74,-2.971805943611874,132,0.1,37.12,17-AUG-2026,02-Oct-2026
ADFFOODS,ADFFOODS.NS,ADF Foods Limited,EQ,281.4,273.1,3.039179787623564,266181,737.97,36.03,15-SEP-2010,02-Oct-2026
ADISOFT,ADISOFT.NS,ADISOFT,SM,248.65,256.6,-3.0982073265783385,109600,276.32,67.15,,02-Oct-2026
ADL,ADL.NS,Archidply Decor Limited,EQ,72.52,77.6,-6.5463917525773185,1361,1.03,36.37,01-OCT-2020,02-Oct-2026
ADOR,ADOR.NS,Ador Welding Limited,EQ,1570.4,1591.8,-1.3443899987435524,29732,466.35,47.62,10-MAY-1995,02-Oct-2026
ADROITIND,ADROITIND.NS,Adroit Industries (India) Limited,BE,235.98,248.39,-4.996175369378799,2262604,5626.69,0.0,30-SEP-2026,02-Oct-2026
ADROITINFO,ADROITINFO.NS,Adroit Infotech Limited,BE,13.94,14.67,-4.97614178595774,54612,7.74,0.0,13-AUG-1997,02-Oct-2026
ADSL,ADSL.NS,Allied Digital Services Limited,EQ,106.38,108.53,-1.98101907306736,188974,199.57,42.79,25-JUL-2007,02-Oct-2026
ADVAIT,ADVAIT.NS,Advait Energy Transitions Limited,EQ,1863.0,1901.8,-2.04017246818803,28363,527.13,53.57,20-JAN-2026,02-Oct-2026
ADVANCE,ADVANCE.NS,Advance Agrolife Limited,EQ,116.75,121.19,-3.663668619523061,704242,823.73,88.83,08-OCT-2025,02-Oct-2026
ADVANIHOTR,ADVANIHOTR.NS,Advani Hotels & Resorts (India) Limited,EQ,46.98,48.01,-2.1453863778379527,33487,15.84,81.5,25-JUN-2007,02-Oct-2026
ADVENTHTL,ADVENTHTL.NS,Advent Hotels International Limited,EQ,123.77,126.32,-2.018682710576312,203366,253.09,66.36,13-NOV-2025,02-Oct-2026
ADVENZYMES,ADVENZYMES.NS,Advanced Enzyme Technologies Limited,EQ,274.25,281.6,-2.610085227272735,228704,627.09,53.97,01-AUG-2016,02-Oct-2026
ADVIKCA,ADVIKCA.NS,Advik Capital Limited,EQ,1.0,1.0,0.0,192362,1.93,66.74,17-AUG-2026,02-Oct-2026
AEGISLOG,AEGISLOG.NS,Aegis Logistics Limited,EQ,1401.1,1380.1,1.5216288674733716,1061975,14745.7,33.83,03-APR-1996,02-Oct-2026
AEGISVOPAK,AEGISVOPAK.NS,Aegis Vopak Terminals Limited,EQ,290.75,296.8,-2.0384097035040467,1739742,5145.37,38.85,02-JUN-2025,02-Oct-2026
AEPL,AEPL.NS,Artemis Electricals and Projects Limited,EQ,15.34,15.18,1.054018445322794,33854,5.04,76.75,12-MAR-2026,02-Oct-2026
AEQUS,AEQUS.NS,Aequs Limited,EQ,275.05,279.48,-1.5850865893802801,5756074,15842.78,47.58,10-DEC-2025,02-Oct-2026
AEROENTER,AEROENTER.NS,Aeroflex Enterprises Limited,EQ,121.93,124.0,-1.6693548387096717,310374,376.34,40.02,21-NOV-2022,02-Oct-2026
AEROFLEX,AEROFLEX.NS,Aeroflex Industries Limited,EQ,521.35,536.6,-2.841967946328736,1183839,6194.57,38.28,31-AUG-2023,02-Oct-2026
AERON,AERON.NS,AERON,SM,82.4,81.6,0.9803921568627592,4000,3.3,100.0,,02-Oct-2026
AERONEU,AERONEU.NS,Aeroflex Neu Limited,EQ,70.56,70.84,-0.39525691699604903,67368,48.41,31.37,12-JAN-2023,02-Oct-2026
AEROPLANE,AEROPLANE.NS,Amir Chand Jagdish Kumar (Exports) Limited,EQ,208.14,206.57,0.7600329186232238,590536,1228.99,54.37,02-APR-2026,02-Oct-2026
AETHER,AETHER.NS,Aether Industries Limited,EQ,1670.0,1699.3,-1.7242393926911053,373389,6185.49,57.37,03-JUN-2022,02-Oct-2026
AFCONS,AFCONS.NS,Afcons Infrastructure Limited,EQ,242.39,247.8,-2.183212267958041,428586,1040.77,43.14,04-NOV-2024,02-Oct-2026
AFFLE,AFFLE.NS,Affle 3i Limited,EQ,1449.6,1511.0,-4.0635340833884905,179131,2617.21,49.14,08-AUG-2019,02-Oct-2026
AFFORDABLE,AFFORDABLE.NS,Affordable Robotic & Automation Limited,EQ,168.11,171.1,-1.7475160724722272,15039,25.3,63.24,23-OCT-2024,02-Oct-2026
AFIL,AFIL.NS,Akme Fintrade (India) Limited,EQ,7.86,7.93,-0.8827238335434981,199018,15.6,69.41,26-JUN-2024,02-Oct-2026
AFSL,AFSL.NS,Abans Financial Services Limited,EQ,201.0,201.0,0.0,32860,66.05,97.24,23-DEC-2022,02-Oct-2026
AGARIND,AGARIND.NS,Agarwal Industrial Corporation Limited,EQ,386.0,391.95,-1.5180507717821121,28169,108.68,69.73,26-MAY-2014,02-Oct-2026
AGARWALEYE,AGARWALEYE.NS,Dr. Agarwal's Health Care Limited,EQ,486.45,479.3,1.491758814938447,413281,2000.86,66.65,04-FEB-2025,02-Oct-2026
AGARWALFT,AGARWALFT.NS,AGARWALFT,SM,26.9,28.3,-4.946996466431103,9000,2.42,83.33,,02-Oct-2026
AGARWALTUF,AGARWALTUF.NS,AGARWALTUF,SM,171.45,165.75,3.4389140271493144,615600,1040.2,27.68,,02-Oct-2026
AGASTYAEN,AGASTYAEN.NS,Agastya Energy and Infrastructure Limited,BE,69.55,70.96,-1.9870349492671882,115250,82.55,0.0,15-JUL-2019,02-Oct-2026
AGI,AGI.NS,AGI Greenpac Limited,EQ,790.8,804.4,-1.6907011437096002,124574,985.38,53.87,31-MAY-2000,02-Oct-2026
AGIIL,AGIIL.NS,Agi Infra Limited,EQ,260.0,264.7,-1.775595013222512,169356,441.8,41.24,15-JUL-2024,02-Oct-2026
AGL,AGL.NS,Allcargo Global Limited,EQ,12.59,13.13,-4.112718964204119,1857173,234.51,53.38,03-JUL-2026,02-Oct-2026
AGNI,AGNI.NS,AGNI,SM,14.55,15.05,-3.322259136212624,82500,11.9,75.76,,02-Oct-2026
AGRITECH,AGRITECH.NS,Agri-Tech (India) Limited,EQ,89.96,91.17,-1.3271909619392432,4536,4.15,68.23,28-JAN-2014,02-Oct-2026
AGROPHOS,AGROPHOS.NS,Agro Phos India Limited,EQ,23.0,23.48,-2.0442930153321996,12887,3.03,74.48,08-MAR-2019,02-Oct-2026
AGSTRA,AGSTRA.NS,AGS Transact Technologies Limited,BZ,2.54,2.59,-1.930501930501924,27003,0.69,0.0,31-JAN-2022,02-Oct-2026
AHCL,AHCL.NS,Anlon Healthcare Limited,EQ,32.86,34.58,-4.973973395026023,1444357,474.62,99.97,03-SEP-2025,02-Oct-2026
AHLADA,AHLADA.NS,Ahlada Engineers Limited,EQ,37.06,37.09,-0.08088433540038052,2131,0.79,92.49,28-JAN-2021,02-Oct-2026
AHLEAST,AHLEAST.NS,Asian Hotels (East) Limited,EQ,136.0,134.44,1.160368937816128,133,0.18,62.41,11-AUG-2010,02-Oct-2026
AHLUCONT,AHLUCONT.NS,Ahluwalia Contracts (India) Limited,EQ,555.9,550.05,1.063539678211076,78249,431.2,43.23,14-DEC-2009,02-Oct-2026
AHLWEST,AHLWEST.NS,Asian Hotels (West) Limited,BE,535.05,535.05,0.0,201,1.08,0.0,05-AUG-2010,02-Oct-2026
AIAENG,AIAENG.NS,AIA Engineering Limited,EQ,3824.4,3869.0,-1.1527526492633733,30989,1181.3,51.34,14-DEC-2005,02-Oct-2026
AIIL,AIIL.NS,Authum Investment & Infrastructure Limited,EQ,539.3,546.6,-1.3355287230150141,224276,1202.33,57.99,23-APR-2024,02-Oct-2026
AILIMITED,AILIMITED.NS,AILIMITED,SM,14.85,14.85,0.0,3000,0.45,100.0,,02-Oct-2026
AIMTRON,AIMTRON.NS,AIMTRON,SM,1898.85,1950.25,-2.635559543648255,78600,1474.34,57.25,,02-Oct-2026
AIRAN,AIRAN.NS,Airan Limited,EQ,15.6,16.18,-3.5846724351050687,69908,11.1,77.48,03-MAY-2019,02-Oct-2026
AIROLAM,AIROLAM.NS,Airo Lam limited,EQ,89.58,92.85,-3.5218093699515305,27357,24.15,97.92,13-OCT-2021,02-Oct-2026
AISL,AISL.NS,AISL,SM,66.85,63.7,4.945054945054932,22200,14.84,97.3,,02-Oct-2026
AJANTPHARM,AJANTPHARM.NS,Ajanta Pharma Limited,EQ,3581.0,3620.8,-1.0992045956694703,75759,2684.85,46.07,29-MAY-2000,02-Oct-2026
AJAXENGG,AJAXENGG.NS,Ajax Engineering Limited,EQ,586.4,587.0,-0.10221465076661375,76581,449.83,34.67,17-FEB-2025,02-Oct-2026
AJMERA,AJMERA.NS,Ajmera Realty & Infra India Limited,EQ,119.6,118.74,0.7242715176014818,255968,300.51,47.53,16-JUN-2009,02-Oct-2026
AJOONI,AJOONI.NS,Ajooni Biotech Limited,EQ,3.1,3.13,-0.9584664536741151,421187,13.34,60.32,07-MAY-2021,02-Oct-2026
AKANKSHA,AKANKSHA.NS,AKANKSHA,SM,169.35,173.25,-2.2510822510822543,75000,127.36,64.0,,02-Oct-2026
AKASH,AKASH.NS,Akash Infra-Projects Limited,EQ,24.95,24.94,0.040096230954282316,1157,0.29,37.51,11-OCT-2019,02-Oct-2026
AKCAPIT,AKCAPIT.NS,AK Capital Services Limited,EQ,1714.1,1706.3,0.4571294614077216,660,11.29,74.85,20-APR-2026,02-Oct-2026
AKG,AKG.NS,Akg Exim Limited,EQ,9.71,9.74,-0.3080082135523548,8772,0.85,86.26,16-FEB-2021,02-Oct-2026
AKI,AKI.NS,AKI India Limited,BE,6.16,6.14,0.3257328990228089,188708,11.41,0.0,06-APR-2023,02-Oct-2026
AKIKO,AKIKO.NS,AKIKO,SM,415.5,427.45,-2.795648613872965,8000,33.6,60.0,,02-Oct-2026
AKSHAR,AKSHAR.NS,Akshar Spintex Limited,EQ,0.41,0.42,-2.380952380952383,701186,2.94,66.7,23-MAY-2022,02-Oct-2026
AKSHARCHEM,AKSHARCHEM.NS,AksharChem India Limited,BE,379.1,388.1,-2.3189899510435454,5119,19.47,0.0,28-MAR-2017,02-Oct-2026
AKSHOPTFBR,AKSHOPTFBR.NS,Aksh Optifibre Limited,BE,7.07,6.97,1.4347202295552444,324128,22.83,0.0,18-AUG-2000,02-Oct-2026
AKUMS,AKUMS.NS,Akums Drugs and Pharmaceuticals Limited,EQ,813.1,818.5,-0.6597434331093436,191282,1560.82,44.88,06-AUG-2024,02-Oct-2026
ALANKIT,ALANKIT.NS,Alankit Limited,EQ,7.65,7.83,-2.29885057471264,111640,8.56,84.86,30-JUN-2015,02-Oct-2026
ALBERTDAVD,ALBERTDAVD.NS,Albert David Limited,EQ,856.7,872.25,-1.7827457724276246,11319,98.28,82.35,14-JUN-2016,02-Oct-2026
ALEMBICLTD,ALEMBICLTD.NS,Alembic Limited,EQ,104.11,107.23,-2.9096334980882257,868233,907.59,41.33,22-SEP-1999,02-Oct-2026
ALGOQUANT,ALGOQUANT.NS,Algoquant Fintech Limited,EQ,67.51,66.03,2.2414054217779857,1379737,913.71,20.75,06-JAN-2026,02-Oct-2026
ALICON,ALICON.NS,Alicon Castalloy Limited,EQ,871.95,869.8,0.24718326051967016,864818,7500.72,27.76,29-SEP-2006,02-Oct-2026
ALIVUS,ALIVUS.NS,Alivus Life Sciences Limited,EQ,1374.2,1379.3,-0.369752773145792,112499,1522.96,53.18,06-AUG-2021,02-Oct-2026
ALKALI,ALKALI.NS,Alkali Metals Limited,BE,87.1,91.43,-4.735863502132792,8664,7.63,0.0,06-NOV-2008,02-Oct-2026
ALKEM,ALKEM.NS,Alkem Laboratories Limited,EQ,5220.0,5163.5,1.0942190374745813,291015,15069.18,66.6,23-DEC-2015,02-Oct-2026
ALKYLAMINE,ALKYLAMINE.NS,Alkyl Amines Chemicals Limited,EQ,1741.4,1761.7,-1.152296077652265,37732,654.75,45.4,26-NOV-2007,02-Oct-2026
ALLCARGO,ALLCARGO.NS,Allcargo Logistics Limited,EQ,10.12,10.13,-0.09871668311946262,4561834,457.2,47.94,23-JUN-2006,02-Oct-2026
ALLDIGI,ALLDIGI.NS,Alldigi Tech Limited,EQ,756.35,767.25,-1.4206581948517403,6690,50.66,70.06,09-MAY-2005,02-Oct-2026
ALLETEC,ALLETEC.NS,ALLETEC,SM,122.7,122.25,0.36809815950920477,14000,17.13,71.43,,02-Oct-2026
ALLTIME,ALLTIME.NS,All Time Plastics Limited,EQ,188.04,194.0,-3.0721649484536124,133472,249.4,60.58,14-AUG-2025,02-Oct-2026
ALMONDZ,ALMONDZ.NS,Almondz Global Securities Limited,BE,19.11,20.0,-4.450000000000003,105478,20.52,0.0,16-JUN-2008,02-Oct-2026
ALOKINDS,ALOKINDS.NS,Alok Industries Limited,EQ,7.06,7.09,-0.423131170662909,15212425,1069.61,50.47,19-FEB-2020,02-Oct-2026
ALPA,ALPA.NS,Alpa Laboratories Limited,EQ,59.26,59.51,-0.4200974626113258,4521,2.69,77.11,06-AUG-2007,02-Oct-2026
ALPEXSOLAR,ALPEXSOLAR.NS,ALPEXSOLAR,SM,823.2,847.1,-2.8213906268445257,53000,436.3,78.49,,02-Oct-2026
ALPHA,ALPHA.NS,ALPHA,EQ,51.28,51.9,-1.1946050096339065,2770317,1420.09,61.15,,02-Oct-2026
ALPHAETF,ALPHAETF.NS,ALPHAETF,EQ,25.04,25.23,-0.753071739992078,999519,250.22,72.76,,02-Oct-2026
ALPHAGEO,ALPHAGEO.NS,Alphageo (India) Limited,BE,258.2,256.5,0.6627680311890793,6327,16.02,0.0,11-MAY-2007,02-Oct-2026
ALPINETEX,ALPINETEX.NS,Alpine Texworld Limited,EQ,46.63,47.8,-2.4476987447698635,144287,67.39,54.83,21-JUL-2026,02-Oct-2026
ALPL30IETF,ALPL30IETF.NS,ALPL30IETF,EQ,25.9,26.2,-1.145038167938934,506513,130.61,61.09,,02-Oct-2026
ALUFLUOR,ALUFLUOR.NS,Alufluoride Limited,EQ,633.8,632.7,0.17385806859489633,28012,177.12,81.4,17-AUG-2026,02-Oct-2026
ALUWIND,ALUWIND.NS,ALUWIND,SM,48.0,49.75,-3.5175879396984926,6000,2.89,75.0,,02-Oct-2026
AMAGI,AMAGI.NS,Amagi Media Labs Limited,EQ,554.05,549.45,0.8372008372008206,919619,5081.95,42.64,21-JAN-2026,02-Oct-2026
AMAL,AMAL.NS,Amal Limited,EQ,702.4,684.5,2.6150474799123415,9548,66.72,72.35,17-AUG-2026,02-Oct-2026
AMANTA,AMANTA.NS,Amanta Healthcare Limited,BE,190.4,190.39,0.005252376700467108,44349,85.01,0.0,09-SEP-2025,02-Oct-2026
AMARJOTHI,AMARJOTHI.NS,Amarjothi Spinning Mills Limited,EQ,150.0,149.0,0.6711409395973155,1626,2.41,94.9,17-AUG-2026,02-Oct-2026
AMBAAUTO,AMBAAUTO.NS,AMBAAUTO,SM,108.5,104.55,3.7780966044954596,6000,6.29,100.0,,02-Oct-2026
AMBALALSA,AMBALALSA.NS,Ambalal Sarabhai Enterprises Limited,BE,37.89,39.54,-4.172989377845217,58255,22.31,0.0,20-APR-2026,02-Oct-2026
AMBANIORGO,AMBANIORGO.NS,AMBANIORGO,SM,115.05,115.0,0.043478260869562746,61000,70.18,100.0,,02-Oct-2026
AMBER,AMBER.NS,Amber Enterprises India Limited,EQ,6500.0,6672.5,-2.58523791682278,133557,8789.43,32.04,30-JAN-2018,02-Oct-2026
AMBICAAGAR,AMBICAAGAR.NS,Ambica Agarbathies & Aroma industries Limited,EQ,23.89,24.4,-2.0901639344262217,2450,0.59,97.55,29-JUN-2004,02-Oct-2026
AMBIKCO,AMBIKCO.NS,Ambika Cotton Mills Limited,EQ,1505.8,1520.6,-0.9733000131527,7854,118.23,73.86,29-JAN-2008,02-Oct-2026
AMBUJACEM,AMBUJACEM.NS,Ambuja Cements Limited,EQ,362.25,374.0,-3.141711229946524,3893265,14131.73,33.67,18-FEB-1998,02-Oct-2026
AMCL,AMCL.NS,AMCL,SM,341.05,349.0,-2.277936962750713,4800,16.47,100.0,,02-Oct-2026
AMDIND,AMDIND.NS,AMD Industries Limited,BE,52.09,53.45,-2.5444340505144982,14062,7.36,0.0,19-MAR-2007,02-Oct-2026
AMEYA,AMEYA.NS,AMEYA,SM,150.5,153.5,-1.9543973941368076,6000,8.88,100.0,,02-Oct-2026
AMJLAND,AMJLAND.NS,Amj Land Holdings Limited,EQ,37.02,37.62,-1.594896331738422,30216,11.24,76.37,08-FEB-1995,02-Oct-2026
AMNPLST,AMNPLST.NS,Amines & Plasticizers Limited,EQ,165.43,171.57,-3.57871422742903,4515,7.49,79.29,10-NOV-2023,02-Oct-2026
AMRUTANJAN,AMRUTANJAN.NS,Amrutanjan Health Care Limited,EQ,513.2,514.75,-0.30111704711023884,97538,497.19,57.38,02-JAN-2015,02-Oct-2026
ANANDRATHI,ANANDRATHI.NS,Anand Rathi Wealth Limited,EQ,2117.5,2120.0,-0.1179245283018868,284498,5998.4,55.95,14-DEC-2021,02-Oct-2026
ANANTRAJ,ANANTRAJ.NS,Anant Raj Limited,EQ,577.85,598.9,-3.514777091334105,1533673,8925.78,39.88,27-SEP-2006,02-Oct-2026
ANAWIL,ANAWIL.NS,ANAWIL,SM,425.75,478.5,-11.024033437826542,746000,3230.96,52.55,,02-Oct-2026
ANDHRAPAP,ANDHRAPAP.NS,ANDHRA PAPER LIMITED,EQ,71.36,72.68,-1.8161805173362786,222862,158.49,51.23,13-MAY-2004,02-Oct-2026
ANDHRSUGAR,ANDHRSUGAR.NS,The Andhra Sugars Limited,EQ,91.06,93.15,-2.2436929683306532,308635,281.1,45.76,01-NOV-1995,02-Oct-2026
ANDREWYU,ANDREWYU.NS,Andrew Yule & Company Limited,EQ,24.98,26.02,-3.9969254419677136,143819,36.17,67.68,17-AUG-2026,02-Oct-2026
ANGELONE,ANGELONE.NS,Angel One Limited,EQ,276.8,274.0,1.0218978102189822,6751156,18452.36,34.37,05-OCT-2020,02-Oct-2026
ANIKINDS,ANIKINDS.NS,Anik Industries Limited,EQ,44.0,44.45,-1.0123734533183415,2343,1.03,82.5,21-MAY-2008,02-Oct-2026
ANKITMETAL,ANKITMETAL.NS,Ankit Metal & Power Limited,BZ,2.06,1.97,4.56852791878173,144069,2.97,0.0,14-MAR-2013,02-Oct-2026
ANLON,ANLON.NS,ANLON,SM,758.55,816.35,-7.080296441477316,17600,135.96,77.27,,02-Oct-2026
ANMOL,ANMOL.NS,Anmol India Limited,BE,13.5,13.71,-1.5317286652078836,50602,6.9,0.0,04-JUN-2021,02-Oct-2026
ANNAPURNA,ANNAPURNA.NS,Annapurna Swadisht Limited,EQ,128.6,131.0,-1.8320610687022942,40390,52.12,67.9,12-AUG-2026,02-Oct-2026
ANNU,ANNU.NS,Annu Projects Limited,EQ,47.09,48.22,-2.343425964330144,610098,291.42,34.84,02-SEP-2026,02-Oct-2026
ANONDITA,ANONDITA.NS,ANONDITA,SM,1078.7,1084.6,-0.5439793472247708,116200,1236.88,71.08,,02-Oct-2026
ANSALAPI,ANSALAPI.NS,Ansal Properties & Infrastructure Limited,BZ,4.08,4.16,-1.9230769230769247,6717,0.28,0.0,27-JAN-2006,02-Oct-2026
ANSALBU,ANSALBU.NS,Ansal Buildwell Limited,EQ,85.13,87.75,-2.985754985754991,531,0.46,90.02,17-AUG-2026,02-Oct-2026
ANTELOPUS,ANTELOPUS.NS,Antelopus Selan Energy Limited,EQ,1106.5,1125.9,-1.7230659916511313,496027,5500.43,21.01,26-SEP-2006,02-Oct-2026
ANTGRAPHIC,ANTGRAPHIC.NS,Antarctica Limited,EQ,0.69,0.71,-2.8169014084507067,127074,0.89,92.52,31-DEC-1997,02-Oct-2026
ANTHEM,ANTHEM.NS,Anthem Biosciences Limited,EQ,855.75,858.6,-0.3319357092942025,648832,5473.49,58.99,21-JUL-2025,02-Oct-2026
ANUHPHR,ANUHPHR.NS,Anuh Pharma Limited,EQ,85.85,87.4,-1.7734553775743838,130021,111.46,54.14,20-DEC-2024,02-Oct-2026
ANUP,ANUP.NS,The Anup Engineering Limited,EQ,1566.7,1596.3,-1.8542880410950264,26234,410.17,48.08,01-MAR-2019,02-Oct-2026
ANURAS,ANURAS.NS,Anupam Rasayan India Limited,EQ,1163.7,1181.0,-1.4648602878916135,224878,2624.25,53.14,24-MAR-2021,02-Oct-2026
ANYA,ANYA.NS,ANYA,SM,17.3,17.95,-3.621169916434533,40000,7.08,100.0,,02-Oct-2026
AONEGOLD,AONEGOLD.NS,AONEGOLD,EQ,13.68,13.72,-0.2915451895043799,325454,44.64,50.09,,02-Oct-2026
AONELIQUID,AONELIQUID.NS,AONELIQUID,EQ,1079.57,1079.0,0.052826691380902346,16340,176.4,42.44,,02-Oct-2026
AONENIFTY,AONENIFTY.NS,AONENIFTY,EQ,9.36,9.37,-0.10672358591248439,356413,33.1,72.64,,02-Oct-2026
AONESILVER,AONESILVER.NS,AONESILVER,EQ,8.35,8.36,-0.11961722488038024,419116,35.1,78.63,,02-Oct-2026
AONESTEELS,AONESTEELS.NS,A-One Steels India Limited,EQ,416.55,405.0,2.8518518518518547,14841745,64792.15,40.82,01-OCT-2026,02-Oct-2026
AONETMMQ50,AONETMMQ50.NS,AONETMMQ50,EQ,9.84,9.95,-1.1055276381909491,324411,32.06,91.48,,02-Oct-2026
AONETOTAL,AONETOTAL.NS,AONETOTAL,EQ,11.22,11.37,-1.3192612137203041,337958,37.92,56.82,,02-Oct-2026
APARINDS,APARINDS.NS,Apar Industries Limited,EQ,17648.0,17384.0,1.5186378278877128,138360,24294.07,31.61,12-JUL-2004,02-Oct-2026
APCL,APCL.NS,Anjani Portland Cement Limited,EQ,94.76,94.22,0.5731267246869096,2221,2.09,81.99,10-APR-2017,02-Oct-2026
APCOTEXIND,APCOTEXIND.NS,Apcotex Industries Limited,EQ,593.25,595.6,-0.39456010745467135,84363,495.8,55.3,06-SEP-1995,02-Oct-2026
APEX,APEX.NS,Apex Frozen Foods Limited,EQ,326.3,336.5,-3.031203566121839,123991,406.73,36.28,04-SEP-2017,02-Oct-2026
APEXECO,APEXECO.NS,APEXECO,ST,255.95,269.35,-4.974939669574915,17600,45.42,100.0,,02-Oct-2026
APLAPOLLO,APLAPOLLO.NS,APL Apollo Tubes Limited,EQ,2115.7,2190.1,-3.397105155015757,1615913,34388.9,46.48,14-DEC-2011,02-Oct-2026
APLLTD,APLLTD.NS,Alembic Pharmaceuticals Limited,EQ,815.25,825.45,-1.2356896238415465,327528,2669.71,63.59,20-SEP-2011,02-Oct-2026
APOLLO,APOLLO.NS,Apollo Micro Systems Limited,EQ,394.0,403.45,-2.3422976824885335,4102186,16231.01,35.0,22-JAN-2018,02-Oct-2026
APOLLOHOSP,APOLLOHOSP.NS,Apollo Hospitals Enterprise Limited,EQ,8133.5,8165.5,-0.391892719368073,939105,75489.92,55.48,10-JAN-1996,02-Oct-2026
APOLLOPIPE,APOLLOPIPE.NS,Apollo Pipes Limited,EQ,512.6,507.85,0.9353155459289159,140005,715.15,40.62,11-NOV-2019,02-Oct-2026
APOLLOTYRE,APOLLOTYRE.NS,Apollo Tyres Limited,EQ,404.75,404.7,0.012354830738821687,708176,2828.17,41.13,31-MAY-1995,02-Oct-2026
APOLSINHOT,APOLSINHOT.NS,Apollo Sindoori Hotels Limited,EQ,1155.9,1162.6,-0.5762945123000016,762,8.9,76.64,28-JAN-2015,02-Oct-2026
APOORVA,APOORVA.NS,Apoorva Leasing Finance and Investment Company Limited,BE,33.0,33.0,0.0,263,0.09,0.0,17-AUG-2026,02-Oct-2026
APRAMEYA,APRAMEYA.NS,APRAMEYA,SM,102.0,104.5,-2.3923444976076556,10500,10.77,95.24,,02-Oct-2026
APS,APS.NS,APS,SM,226.7,227.3,-0.26396832380115387,21750,49.78,73.56,,02-Oct-2026
APSISAERO,APSISAERO.NS,APSISAERO,ST,555.0,571.8,-2.938090241343119,15600,87.4,100.0,,02-Oct-2026
APTECHT,APTECHT.NS,Aptech Limited,EQ,87.03,88.26,-1.393609789259012,46982,40.83,52.57,27-SEP-2002,02-Oct-2026
APTUS,APTUS.NS,Aptus Value Housing Finance India Limited,EQ,226.4,232.53,-2.6362189824968802,1566543,3557.98,57.38,24-AUG-2021,02-Oct-2026
AQYLON,AQYLON.NS,Aqylon Nexus Limited,EQ,15.46,16.26,-4.920049200492009,669216,104.59,64.3,01-APR-2024,02-Oct-2026
ARABIAN,ARABIAN.NS,ARABIAN,SM,88.0,88.0,0.0,30000,25.24,66.67,,02-Oct-2026
ARCHIDPLY,ARCHIDPLY.NS,Archidply Industries Limited,EQ,101.79,103.5,-1.6521739130434723,27789,28.36,84.02,04-JUL-2008,02-Oct-2026
ARCHIES,ARCHIES.NS,Archies Limited,EQ,12.37,12.39,-0.16142050040356212,18310,2.26,64.75,02-SEP-1998,02-Oct-2026
ARCIIL,ARCIIL.NS,ARCIIL,SM,30.7,32.0,-4.062500000000002,10000,3.08,90.0,,02-Oct-2026
ARCIL,ARCIL.NS,Asset Reconstruction Company (India) Limited,EQ,139.92,144.59,-3.229822256034315,1662073,2347.37,54.68,17-SEP-2026,02-Oct-2026
ARCL,ARCL.NS,ARCL Organics Limited,EQ,229.81,241.9,-4.9979330301777605,7120,16.64,48.76,17-AUG-2026,02-Oct-2026
ARDEE,ARDEE.NS,Ardee Industries Limited,EQ,48.81,50.77,-3.8605475674611007,2106823,1039.19,50.3,12-AUG-2026,02-Oct-2026
ARE&M,ARE&M.NS,Amara Raja Energy & Mobility Limited,EQ,747.4,754.55,-0.9475846531044965,509131,3806.4,49.26,05-SEP-2003,02-Oct-2026
ARENTERP,ARENTERP.NS,Rajdarshan Industries Limited,EQ,33.79,33.9,-0.3244837758112078,56,0.02,71.43,18-OCT-1995,02-Oct-2026
ARFIN,ARFIN.NS,Arfin India Limited,EQ,87.25,89.19,-2.1751317412265925,1211274,1061.01,30.14,22-JUL-2025,02-Oct-2026
ARHAM,ARHAM.NS,ARHAM,SM,206.3,220.1,-6.269877328487043,360000,741.53,80.56,,02-Oct-2026
ARIES,ARIES.NS,Aries Agro Limited,BE,477.4,480.55,-0.6554989075018278,27860,132.81,0.0,11-JAN-2008,02-Oct-2026
ARIHANT,ARIHANT.NS,Arihant Foundations & Housing Limited,EQ,894.1,900.7,-0.7327634062395939,570,5.08,68.42,20-APR-2026,02-Oct-2026
ARIHANTCAP,ARIHANTCAP.NS,Arihant Capital Markets Limited,EQ,88.59,89.74,-1.281479830621787,183141,161.69,50.31,15-JUN-2021,02-Oct-2026
ARIHANTSUP,ARIHANTSUP.NS,Arihant Superstructures Limited,EQ,216.63,222.85,-2.7911150998429433,6122,13.43,62.92,28-MAR-2017,02-Oct-2026
ARIS,ARIS.NS,Arisinfra Solutions Limited,EQ,138.66,143.88,-3.6280233527939942,1086645,1511.98,51.5,25-JUN-2025,02-Oct-2026
ARISTO,ARISTO.NS,ARISTO,SM,92.0,95.0,-3.1578947368421053,800,0.74,100.0,,02-Oct-2026
ARKADE,ARKADE.NS,Arkade Developers Limited,EQ,118.69,119.39,-0.5863137616215788,123249,145.73,42.75,24-SEP-2024,02-Oct-2026
ARMANFIN,ARMANFIN.NS,Arman Financial Services Limited,EQ,1764.4,1744.2,1.1581240683407892,38263,666.9,47.04,14-JUN-2016,02-Oct-2026
ARMEE,ARMEE.NS,ArMee Infotech Limited,EQ,273.35,300.0,-8.883333333333326,7738466,21290.76,12.42,30-SEP-2026,02-Oct-2026
ARMOUR,ARMOUR.NS,ARMOUR,ST,20.1,21.1,-4.739336492890995,16000,3.22,100.0,,02-Oct-2026
AROGRANITE,AROGRANITE.NS,Aro Granite Industries Limited,EQ,22.35,23.28,-3.9948453608247405,3964,0.9,59.99,24-APR-2007,02-Oct-2026
ARROWGREEN,ARROWGREEN.NS,Arrow Greentech Limited,EQ,865.2,856.05,1.0688628000701001,40400,344.49,49.62,21-MAY-2015,02-Oct-2026
ARSHIYA,ARSHIYA.NS,Arshiya Limited,BZ,0.81,0.81,0.0,59625,0.5,0.0,14-DEC-2009,02-Oct-2026
ARSSBL,ARSSBL.NS,Anand Rathi Share and Stock Brokers Limited,EQ,521.05,515.1,1.1551155115511418,301379,1566.76,53.25,30-SEP-2025,02-Oct-2026
ARTEMISMED,ARTEMISMED.NS,Artemis Medicare Services Limited,EQ,336.4,345.55,-2.6479525394299044,804191,2697.92,49.72,23-JAN-2020,02-Oct-2026
ARTNIRMAN,ARTNIRMAN.NS,Art Nirman Limited,EQ,40.0,40.24,-0.5964214711729672,39,0.02,100.0,18-OCT-2021,02-Oct-2026
ARUNAYA,ARUNAYA.NS,ARUNAYA,SM,13.95,14.2,-1.7605633802816902,18000,2.55,77.78,,02-Oct-2026
ARVEE,ARVEE.NS,Arvee Laboratories (India) Limited,EQ,215.32,225.16,-4.370225617338782,7676,16.58,44.93,22-MAR-2021,02-Oct-2026
ARVIND,ARVIND.NS,Arvind Limited,EQ,534.05,539.9,-1.0835339877755181,565179,3003.44,38.22,08-FEB-1995,02-Oct-2026
ARVINDFASN,ARVINDFASN.NS,Arvind Fashions Limited,EQ,379.7,387.45,-2.0002580978190734,227031,862.15,52.82,08-MAR-2019,02-Oct-2026
ARVINDPORT,ARVINDPORT.NS,ARVINDPORT,SM,33.05,33.05,0.0,3000,0.99,100.0,,02-Oct-2026
ARVSMART,ARVSMART.NS,Arvind SmartSpaces Limited,EQ,592.5,601.75,-1.5371832156211052,55885,332.24,45.61,26-AUG-2015,02-Oct-2026
ARYAMAN,ARYAMAN.NS,Aryaman Financial Services Limited,EQ,624.0,630.0,-0.9523809523809524,14,0.09,100.0,17-AUG-2026,02-Oct-2026
ASAHIINDIA,ASAHIINDIA.NS,Asahi India Glass Limited,EQ,944.25,958.85,-1.5226573499504636,148204,1400.68,44.95,18-MAR-1998,02-Oct-2026
ASAHISONG,ASAHISONG.NS,Asahi Songwon Colors Limited,BE,371.25,389.15,-4.5997687267120595,9671,36.41,0.0,29-AUG-2011,02-Oct-2026
ASAL,ASAL.NS,Automotive Stampings and Assemblies Limited,EQ,426.9,433.5,-1.5224913494809742,9400,40.14,57.3,12-MAR-2002,02-Oct-2026
ASALCBR,ASALCBR.NS,Associated Alcohols & Breweries Ltd.,EQ,611.1,615.45,-0.706799902510362,48945,297.51,64.34,12-FEB-2020,02-Oct-2026
ASHALOG,ASHALOG.NS,ASHALOG,SM,61.0,61.0,0.0,1000,0.61,100.0,,02-Oct-2026
ASHAPURMIN,ASHAPURMIN.NS,Ashapura Minechem Limited,EQ,489.95,504.15,-2.816622037092133,247497,1221.35,49.63,20-SEP-1995,02-Oct-2026
ASHIANA,ASHIANA.NS,Ashiana Housing Limited,EQ,383.95,386.0,-0.5310880829015574,37988,144.99,55.7,29-JUN-2011,02-Oct-2026
ASHIKAG,ASHIKAG.NS,Ashika Global Securities Limited,BE,392.05,397.85,-1.4578358677893706,26221,102.77,0.0,20-APR-2026,02-Oct-2026
ASHIMASYN,ASHIMASYN.NS,Ashima Limited,EQ,15.31,15.98,-4.192740926157697,158547,24.68,84.32,27-JUL-1995,02-Oct-2026
ASHOKA,ASHOKA.NS,Ashoka Buildcon Limited,EQ,105.31,107.75,-2.2645011600928053,960898,1012.49,43.04,14-OCT-2010,02-Oct-2026
ASHOKAMET,ASHOKAMET.NS,Ashoka Metcast Limited,EQ,14.53,15.18,-4.281949934123849,45837,6.77,66.55,27-JUN-2023,02-Oct-2026
ASHOKLEY,ASHOKLEY.NS,Ashok Leyland Limited,EQ,150.48,154.19,-2.406122316622354,20574319,31002.27,37.98,25-MAY-1995,02-Oct-2026
ASHUTOSH,ASHUTOSH.NS,ASHUTOSH,SM,148.6,153.5,-3.192182410423457,205200,307.04,63.74,,02-Oct-2026
ASHWINI,ASHWINI.NS,ASHWINI,SM,162.5,166.0,-2.108433734939759,2000,3.28,100.0,,02-Oct-2026
ASIANENE,ASIANENE.NS,Asian Energy Services Limited,EQ,466.75,471.85,-1.0808519656670599,229027,1055.15,46.77,09-DEC-2021,02-Oct-2026
ASIANHOTNR,ASIANHOTNR.NS,Asian Hotels (North) Limited,EQ,348.1,354.8,-1.8883878241262653,32017,112.5,73.9,07-APR-2010,02-Oct-2026
ASIANPAINT,ASIANPAINT.NS,Asian Paints Limited,EQ,2407.0,2402.6,0.1831349371514231,1005836,24003.89,70.4,31-MAY-1995,02-Oct-2026
ASIANTILES,ASIANTILES.NS,Asian Granito India Limited,EQ,47.95,49.68,-3.4822866344605417,1282482,624.44,43.22,23-AUG-2007,02-Oct-2026
ASIANTNE,ASIANTNE.NS,Asian Tea & Exports Limited,EQ,8.95,9.22,-2.9284164859002315,3483,0.31,66.15,17-AUG-2026,02-Oct-2026
ASKAUTOLTD,ASKAUTOLTD.NS,ASK Automotive Limited,EQ,618.15,640.1,-3.429151695047656,325106,2003.1,45.74,15-NOV-2023,02-Oct-2026
ASMS,ASMS.NS,Avio Smart Market Stack Limited,EQ,5.92,6.06,-2.3102310231023053,174867,10.39,73.48,09-FEB-2023,02-Oct-2026
ASPINWALL,ASPINWALL.NS,Aspinwall and Company Limited,EQ,240.1,241.85,-0.7235890014471781,23169,55.78,75.45,14-JUN-2016,02-Oct-2026
ASPIRE,ASPIRE.NS,ASPIRE,SM,14.95,14.25,4.912280701754381,58000,8.65,82.76,,02-Oct-2026
ASSAMENT,ASSAMENT.NS,Assam Entrade Limited,EQ,799.0,818.0,-2.3227383863080684,3,0.02,66.67,17-AUG-2026,02-Oct-2026
ASTAR,ASTAR.NS,Asian Star Company Limited,EQ,664.5,679.7,-2.236280712078865,325,2.17,66.15,20-APR-2026,02-Oct-2026
ASTEC,ASTEC.NS,Astec LifeSciences Limited,EQ,708.6,722.75,-1.9578000691802113,71196,502.68,34.03,25-NOV-2009,02-Oct-2026
ASTERDM,ASTERDM.NS,Aster DM Quality Care Limited,EQ,708.9,697.15,1.6854335508857492,1534481,10789.94,63.63,26-FEB-2018,02-Oct-2026
ASTRAL,ASTRAL.NS,Astral Limited,EQ,1344.0,1370.4,-1.9264448336252256,299231,4007.35,49.48,20-MAR-2007,02-Oct-2026
ASTRAMICRO,ASTRAMICRO.NS,Astra Microwave Products Limited,EQ,1624.5,1636.7,-0.7454023339646878,308113,4991.21,51.12,01-NOV-2004,02-Oct-2026
ASTRAZEN,ASTRAZEN.NS,AstraZeneca Pharma India Limited,EQ,6031.0,6186.0,-2.5056579372777237,11473,695.92,45.54,04-MAY-2001,02-Oct-2026
ASTRON,ASTRON.NS,Astron Paper & Board Mill Limited,BZ,2.81,2.8,0.3571428571428654,33088,0.93,0.0,29-DEC-2017,02-Oct-2026
ATALREAL,ATALREAL.NS,Atal Realtech Limited,EQ,12.78,12.58,1.5898251192368782,2168896,269.67,43.89,12-MAY-2023,02-Oct-2026
ATAM,ATAM.NS,Atam Valves Limited,EQ,55.35,56.34,-1.7571884984025594,5829,3.22,57.59,10-MAY-2023,02-Oct-2026
ATCENERGY,ATCENERGY.NS,ATCENERGY,SM,20.6,22.85,-9.846827133479213,159600,34.2,40.6,,02-Oct-2026
ATGL,ATGL.NS,Adani Total Gas Limited,EQ,583.05,593.9,-1.8269068866812634,812043,4731.8,28.36,05-NOV-2018,02-Oct-2026
ATHERENERG,ATHERENERG.NS,Ather Energy Limited,EQ,1406.1,1425.0,-1.3263157894736906,4210984,58778.82,42.2,06-MAY-2025,02-Oct-2026
ATL,ATL.NS,Allcargo Terminals Limited,EQ,23.59,24.44,-3.47790507364976,146141,34.68,71.93,10-AUG-2023,02-Oct-2026
ATLANTAA,ATLANTAA.NS,ATLANTAA LIMITED,EQ,35.71,37.25,-4.134228187919461,448047,162.33,20.63,25-SEP-2006,02-Oct-2026
ATLANTAELE,ATLANTAELE.NS,Atlanta Electricals Limited,EQ,1716.5,1608.1,6.740874323736092,345205,5867.33,28.99,29-SEP-2025,02-Oct-2026
ATLASCYCLE,ATLASCYCLE.NS,Atlas Cycles (Haryana) Limited,EQ,91.74,93.53,-1.9138244413557215,10125,9.42,46.71,23-OCT-1996,02-Oct-2026
ATMASTCO,ATMASTCO.NS,ATMASTCO,SM,115.5,114.0,1.3157894736842104,8800,10.13,95.45,,02-Oct-2026
ATUL,ATUL.NS,Atul Limited,EQ,5861.0,5915.5,-0.9213084270137774,22403,1315.4,52.49,06-MAY-1998,02-Oct-2026
ATULAUTO,ATULAUTO.NS,Atul Auto Limited,EQ,424.8,448.15,-5.2103090483097105,671718,2949.6,22.04,26-JUN-2013,02-Oct-2026
AUBANK,AUBANK.NS,AU Small Finance Bank Limited,EQ,987.0,1010.3,-2.3062456696030837,2487890,24743.27,54.82,10-JUL-2017,02-Oct-2026
AUGMONT,AUGMONT.NS,Augmont Enterprises Limited,EQ,1195.2,1086.55,9.99953982789564,2504499,29546.7,26.77,31-AUG-2026,02-Oct-2026
AURIONPRO,AURIONPRO.NS,Aurionpro Solutions Limited,EQ,607.8,622.1,-2.2986658093554198,181004,1105.24,51.59,25-OCT-2005,02-Oct-2026
AUROIMPEX,AUROIMPEX.NS,AUROIMPEX,ST,38.85,40.85,-4.8959608323133414,3200,1.24,100.0,,02-Oct-2026
AUROPHARMA,AUROPHARMA.NS,Aurobindo Pharma Limited,EQ,1676.8,1672.0,0.28708133971291594,1074057,17995.14,50.41,19-JUL-2000,02-Oct-2026
AURUM,AURUM.NS,Aurum PropTech Limited,EQ,223.41,232.37,-3.855919438826014,104235,235.06,47.98,19-AUG-2015,02-Oct-2026
AURUS,AURUS.NS,AURUS GEM CORPORATION LIMITED,EQ,4.4,4.43,-0.6772009029345228,16761,0.75,68.97,05-NOV-2013,02-Oct-2026
AUSL,AUSL.NS,AUSL,SM,23.5,23.0,2.1739130434782608,4000,0.94,100.0,,02-Oct-2026
AUSOMENT,AUSOMENT.NS,Ausom Enterprise Limited,EQ,139.0,140.68,-1.1941996019334706,1677,2.33,98.39,17-APR-1996,02-Oct-2026
AUSTENG,AUSTENG.NS,Austin Engineering Company  Limited,EQ,167.72,171.52,-2.215485074626872,33542,57.35,64.32,17-AUG-2026,02-Oct-2026
AUTOAXLES,AUTOAXLES.NS,Automotive Axles Limited,EQ,1683.0,1706.5,-1.377087606211544,9485,160.3,72.84,29-MAY-2003,02-Oct-2026
AUTOBEES,AUTOBEES.NS,AUTOBEES,EQ,263.65,272.25,-3.1588613406795307,699626,1846.49,54.76,,02-Oct-2026
AUTOIETF,AUTOIETF.NS,AUTOIETF,EQ,26.54,27.3,-2.7838827838827895,2925083,773.99,59.63,,02-Oct-2026
AUTOIND,AUTOIND.NS,Autoline Industries Limited,EQ,81.4,82.66,-1.524316477135242,141949,114.74,63.6,31-JAN-2007,02-Oct-2026
AVADHSUGAR,AVADHSUGAR.NS,Avadh Sugar & Energy Limited,EQ,764.6,800.2,-4.4488877780554885,124667,954.27,45.65,28-JUL-2017,02-Oct-2026
AVALON,AVALON.NS,Avalon Technologies Limited,EQ,2280.2,2296.7,-0.7184220838594505,321345,7352.31,32.14,18-APR-2023,02-Oct-2026
AVANA,AVANA.NS,AVANA,ST,126.6,129.95,-2.5779145825317387,16000,20.38,75.0,,02-Oct-2026
AVANCE,AVANCE.NS,Avance Technologies Limited,EQ,0.8,0.82,-2.4390243902438913,4173288,34.0,66.99,17-AUG-2026,02-Oct-2026
AVANTEL,AVANTEL.NS,Avantel Limited,EQ,150.28,154.06,-2.453589510580294,1236855,1856.02,30.55,31-JUL-2024,02-Oct-2026
AVANTIFEED,AVANTIFEED.NS,Avanti Feeds Limited,EQ,711.55,717.8,-0.870716076901644,325188,2314.43,38.81,15-APR-2015,02-Oct-2026
AVATAR,AVATAR.NS,AVATAR,ST,152.75,160.75,-4.976671850699844,8000,12.22,100.0,,02-Oct-2026
AVG,AVG.NS,AVG Logistics Limited,BE,166.0,167.23,-0.7355139628057107,5213,8.74,0.0,12-MAY-2023,02-Oct-2026
AVIANSH,AVIANSH.NS,AVIANSH,SM,100.5,100.5,0.0,1000,1.01,100.0,,02-Oct-2026
AVIENCE,AVIENCE.NS,AVIENCE,SM,323.75,359.7,-9.994439810953569,213600,706.78,47.75,,02-Oct-2026
AVL,AVL.NS,Aditya Vision Limited,EQ,572.3,594.35,-3.7099352233532543,241841,1381.88,46.97,06-NOV-2024,02-Oct-2026
AVONMORE,AVONMORE.NS,Avonmore Capital & Management Services Limited,EQ,12.79,12.94,-1.159196290571873,92766,12.0,71.52,04-JAN-2023,02-Oct-2026
AVPINFRA,AVPINFRA.NS,AVPINFRA,SM,56.75,59.55,-4.701931150293866,24000,13.67,53.33,,02-Oct-2026
AVROIND,AVROIND.NS,AVRO INDIA LIMITED,EQ,6.68,6.83,-2.196193265007326,47444,3.19,76.36,07-APR-2022,02-Oct-2026
AVTNPL,AVTNPL.NS,AVT Natural Products Limited,EQ,87.85,91.29,-3.7682111950925754,198387,174.17,51.76,10-JAN-2007,02-Oct-2026
AWFIS,AWFIS.NS,Awfis Space Solutions Limited,EQ,235.26,244.1,-3.6214666120442454,458720,1093.69,51.86,30-MAY-2024,02-Oct-2026
AWHCL,AWHCL.NS,Antony Waste Handling Cell Limited,EQ,355.4,364.55,-2.5099437662872126,92442,326.99,57.55,01-JAN-2021,02-Oct-2026
AWL,AWL.NS,AWL Agri Business Limited,EQ,175.43,177.68,-1.2663214768122468,1991498,3508.48,54.57,08-FEB-2022,02-Oct-2026
AXIOMGAS,AXIOMGAS.NS,AXIOMGAS,ST,44.1,46.4,-4.956896551724132,20000,8.82,100.0,,02-Oct-2026
AXISBANK,AXISBANK.NS,Axis Bank Limited,EQ,1217.1,1226.0,-0.7259380097879357,7005197,85900.64,60.93,16-NOV-1998,02-Oct-2026
AXISCADES,AXISCADES.NS,AXISCADES Technologies Limited,EQ,2307.3,2231.2,3.410720688418805,681040,15506.38,34.45,21-DEC-2000,02-Oct-2026
AXITA,AXITA.NS,Axita Cotton Limited,EQ,7.58,7.71,-1.686121919584953,1182454,89.88,84.13,21-JUN-2022,02-Oct-2026
AXTEL,AXTEL.NS,Axtel Industries Limited,EQ,435.45,440.8,-1.2137023593466476,2288,10.01,69.93,17-AUG-2026,02-Oct-2026
AYE,AYE.NS,Aye Finance Limited,EQ,163.29,155.89,4.7469369427160215,1485970,2359.88,39.27,16-FEB-2026,02-Oct-2026
AYMSYNTEX,AYMSYNTEX.NS,AYM Syntex Limited,EQ,279.95,292.15,-4.175937018654797,157272,437.8,69.37,14-AUG-2015,02-Oct-2026
AZAD,AZAD.NS,Azad Engineering Limited,EQ,2860.9,2963.2,-3.4523488120950234,1334621,38359.0,23.26,28-DEC-2023,02-Oct-2026
AZADIND,AZADIND.NS,Azad India Mobility Limited,EQ,85.95,84.6,1.595744680851074,233540,201.18,19.87,17-AUG-2026,02-Oct-2026
BABAFP,BABAFP.NS,BABAFP,SM,21.3,22.2,-4.054054054054048,3200,0.7,100.0,,02-Oct-2026
BAFNAPH,BAFNAPH.NS,Bafna Pharmaceuticals Limited,BE,378.75,371.35,1.9927292311835134,500,1.89,0.0,27-FEB-2020,02-Oct-2026
BAGDIGITAL,BAGDIGITAL.NS,BAGDIGITAL,SM,106.7,100.75,5.90570719602978,81600,85.67,43.14,,02-Oct-2026
BAGFILMS,BAGFILMS.NS,B.A.G Films and Media Limited,EQ,4.07,4.1,-0.7317073170731552,27797,1.14,95.7,17-OCT-2003,02-Oct-2026
BAHETI,BAHETI.NS,BAHETI,SM,733.1,748.5,-2.057448229792916,15750,115.61,69.05,,02-Oct-2026
BAIDFIN,BAIDFIN.NS,Baid Finserv Limited,EQ,10.31,10.38,-0.6743737957610817,42200,4.35,81.89,20-JAN-2023,02-Oct-2026
BAJAJ-AUTO,BAJAJ-AUTO.NS,Bajaj Auto Limited,EQ,10045.0,10874.0,-7.623689534669855,1491300,151003.56,26.54,26-MAY-2008,02-Oct-2026
BAJAJCON,BAJAJCON.NS,Bajaj Consumer Care Limited,EQ,497.05,495.55,0.30269397638986983,519447,2573.82,53.02,18-AUG-2010,02-Oct-2026
BAJAJELEC,BAJAJELEC.NS,Bajaj Electricals Limited,EQ,299.8,303.4,-1.18655240606459,107359,322.33,48.14,02-NOV-2007,02-Oct-2026
BAJAJFINSV,BAJAJFINSV.NS,Bajaj Finserv Limited,EQ,1732.6,1731.0,0.09243212016175095,2292234,39475.98,73.62,26-MAY-2008,02-Oct-2026
BAJAJHCARE,BAJAJHCARE.NS,Bajaj Healthcare Limited,EQ,322.95,327.2,-1.2988997555012225,128069,411.37,50.02,25-NOV-2021,02-Oct-2026
BAJAJHFL,BAJAJHFL.NS,Bajaj Housing Finance Limited,EQ,82.91,82.0,1.1097560975609715,5602067,4593.51,54.28,16-SEP-2024,02-Oct-2026
BAJAJHIND,BAJAJHIND.NS,Bajaj Hindusthan Sugar Limited,EQ,19.19,19.54,-1.7911975435005008,10262513,1970.24,28.46,10-MAY-1995,02-Oct-2026
BAJAJHLDNG,BAJAJHLDNG.NS,Bajaj Holdings & Investment Limited,EQ,10666.0,10788.0,-1.1308861698183166,39942,4234.99,48.92,15-MAR-1995,02-Oct-2026
BAJAJINDEF,BAJAJINDEF.NS,Indef Manufacturing Limited,EQ,208.52,211.02,-1.1847218273149465,13085,27.07,63.69,21-FEB-2025,02-Oct-2026
BAJAJST,BAJAJST.NS,Bajaj Steel Industries Limited,EQ,335.7,345.45,-2.822405557967868,10573,35.54,57.12,20-APR-2026,02-Oct-2026
BAJEL,BAJEL.NS,Bajel Projects Limited,EQ,163.63,164.9,-0.7701637355973379,151355,246.85,54.62,19-DEC-2023,02-Oct-2026
BAJFINANCE,BAJFINANCE.NS,Bajaj Finance Limited,EQ,948.3,959.4,-1.1569731081926227,5698769,53981.23,59.38,01-APR-2003,02-Oct-2026
BALAJEE,BALAJEE.NS,Shree Tirupati Balajee Agro Trading Company Limited,EQ,25.2,25.2,0.0,15952,4.01,76.19,12-SEP-2024,02-Oct-2026
BALAJIPHOS,BALAJIPHOS.NS,BALAJIPHOS,SM,106.4,105.75,0.6146572104018967,4000,4.25,50.0,,02-Oct-2026
BALAJITELE,BALAJITELE.NS,Balaji Telefilms Limited,EQ,90.04,91.26,-1.3368397983782585,383292,344.67,57.79,22-NOV-2000,02-Oct-2026
BALAMINES,BALAMINES.NS,Balaji Amines Limited,EQ,2052.2,2118.5,-3.1295728109511534,213491,4388.85,44.17,05-APR-2007,02-Oct-2026
BALAXI,BALAXI.NS,BALAXI PHARMACEUTICALS LIMITED,EQ,22.34,22.78,-1.9315188762072049,20508,4.61,86.48,30-NOV-2015,02-Oct-2026
BALCO,BALCO.NS,BALCO,SM,19.0,18.9,0.5291005291005366,2400,0.44,50.0,,02-Oct-2026
BALKRISHNA,BALKRISHNA.NS,Balkrishna Paper Mills Limited,EQ,15.94,16.29,-2.1485573971761798,7587,1.2,84.18,28-JUL-2015,02-Oct-2026
BALKRISIND,BALKRISIND.NS,Balkrishna Industries Limited,EQ,2083.5,2117.0,-1.582427964100142,326468,6785.09,65.67,27-JAN-2006,02-Oct-2026
BALMLAWRIE,BALMLAWRIE.NS,Balmer Lawrie & Company Limited,EQ,159.3,161.16,-1.1541325390915769,116563,186.41,59.22,06-JUL-1995,02-Oct-2026
BALPHARMA,BALPHARMA.NS,Bal Pharma Limited,EQ,105.74,109.53,-3.460239203871091,54348,57.76,49.54,08-MAY-2006,02-Oct-2026
BALRAMCHIN,BALRAMCHIN.NS,Balrampur Chini Mills Limited,EQ,649.05,662.85,-2.081918986195982,838261,5463.77,28.73,08-FEB-1995,02-Oct-2026
BALUFORGE,BALUFORGE.NS,Balu Forge Industries Limited,EQ,488.95,496.35,-1.4908834491790135,375442,1828.72,38.57,29-APR-2024,02-Oct-2026
BANARBEADS,BANARBEADS.NS,Banaras Beads Limited,EQ,116.0,120.75,-3.9337474120082816,1632,1.95,64.77,07-JUL-1995,02-Oct-2026
BANARISUG,BANARISUG.NS,Bannari Amman Sugars Limited,EQ,3300.5,3300.2,0.009090358160117022,1105,36.46,83.08,28-MAY-2003,02-Oct-2026
BANCOINDIA,BANCOINDIA.NS,Banco Products (I) Limited,EQ,589.85,606.3,-2.7131782945736322,78841,466.96,51.32,22-DEC-2006,02-Oct-2026
BANDHANBNK,BANDHANBNK.NS,Bandhan Bank Limited,EQ,176.0,178.23,-1.2511922796386636,11142144,19668.4,35.31,27-MAR-2018,02-Oct-2026
BANG,BANG.NS,Bang Overseas Limited,EQ,31.44,32.27,-2.5720483421134235,30072,9.72,60.63,20-FEB-2008,02-Oct-2026
BANK10ADD,BANK10ADD.NS,BANK10ADD,EQ,15.99,16.27,-1.720958819913948,41450,6.69,43.28,,02-Oct-2026
BANK10BETF,BANK10BETF.NS,BANK10BETF,EQ,19.76,19.89,-0.6535947712418251,14486081,2915.69,87.22,,02-Oct-2026
BANKA,BANKA.NS,Banka BioLoo Limited,EQ,68.51,70.0,-2.1285714285714215,19107,12.96,99.27,29-OCT-2020,02-Oct-2026
BANKADD,BANKADD.NS,BANKADD,EQ,55.71,56.23,-0.9247732527120683,29494,16.59,91.11,,02-Oct-2026
BANKBARODA,BANKBARODA.NS,Bank of Baroda,EQ,230.82,230.55,0.11711125569290037,9034271,20943.94,51.59,19-FEB-1997,02-Oct-2026
BANKBEES,BANKBEES.NS,BANKBEES,EQ,565.03,567.42,-0.4212047513305817,858482,4861.94,52.45,,02-Oct-2026
BANKBETA,BANKBETA.NS,BANKBETA,EQ,56.42,57.02,-1.0522623640827804,66034,37.25,48.53,,02-Oct-2026
BANKBETF,BANKBETF.NS,BANKBETF,EQ,55.45,55.6,-0.26978417266186794,15677,8.71,44.8,,02-Oct-2026
BANKETF,BANKETF.NS,BANKETF,EQ,555.87,557.44,-0.28164466130884935,67918,377.95,54.9,,02-Oct-2026
BANKIETF,BANKIETF.NS,BANKIETF,EQ,56.13,56.42,-0.5140021269053512,253905,142.5,58.21,,02-Oct-2026
BANKINDIA,BANKINDIA.NS,Bank of India,EQ,129.48,130.24,-0.5835380835380983,4296454,5540.78,36.94,30-APR-1997,02-Oct-2026
BANKNIFTY1,BANKNIFTY1.NS,BANKNIFTY1,EQ,56.57,56.78,-0.3698485382176838,288250,163.34,66.28,,02-Oct-2026
BANKPSU,BANKPSU.NS,BANKPSU,EQ,80.0,81.09,-1.3441854729313152,10606,8.48,54.21,,02-Oct-2026
BANSALWIRE,BANSALWIRE.NS,Bansal Wire Industries Limited,EQ,323.05,323.45,-0.12366671819445889,76604,245.84,44.18,10-JUL-2024,02-Oct-2026
BANSWRAS,BANSWRAS.NS,Banswara Syntex Limited,EQ,105.1,108.61,-3.231746616333676,22416,23.76,71.02,11-APR-2007,02-Oct-2026
BARFLEX,BARFLEX.NS,BARFLEX,SM,50.5,49.25,2.5380710659898478,26000,13.0,100.0,,02-Oct-2026
BASF,BASF.NS,BASF India Limited,EQ,3417.1,3447.8,-0.8904228783572212,11006,375.41,48.38,17-MAY-1995,02-Oct-2026
BASILIC,BASILIC.NS,BASILIC,SM,178.45,171.65,3.9615496650160105,58200,102.42,84.54,,02-Oct-2026
BASML,BASML.NS,Bannari Amman Spinning Mills Limited,BE,22.66,23.0,-1.4782608695652166,69255,15.58,0.0,14-NOV-2005,02-Oct-2026
BATAINDIA,BATAINDIA.NS,Bata India Limited,EQ,613.0,618.75,-0.9292929292929294,126719,778.11,47.78,18-JUN-2003,02-Oct-2026
BATLIBOI,BATLIBOI.NS,Batliboi Limited,EQ,82.35,82.95,-0.7233273056057968,25936,21.07,57.14,20-APR-2026,02-Oct-2026
BAWEJA,BAWEJA.NS,BAWEJA,SM,26.5,25.65,3.3138401559454254,24800,6.87,90.32,,02-Oct-2026
BAYERCROP,BAYERCROP.NS,Bayer Cropscience Limited,EQ,3554.2,3627.6,-2.0233763369721056,22516,800.64,61.76,08-JAN-2010,02-Oct-2026
BBETF0432,BBETF0432.NS,BBETF0432,EQ,1333.92,1335.5,-0.11830774990639664,1002,13.4,71.86,,02-Oct-2026
BBL,BBL.NS,Bharat Bijlee Limited,EQ,2069.6,2095.2,-1.2218403970981249,30611,635.09,55.78,21-NOV-2006,02-Oct-2026
BBNPNBETF,BBNPNBETF.NS,BBNPNBETF,EQ,55.0,55.39,-0.7040982126737688,576,0.32,86.46,,02-Oct-2026
BBNPPGOLD,BBNPPGOLD.NS,BBNPPGOLD,EQ,141.9,142.05,-0.10559662090813494,10260,14.56,26.71,,02-Oct-2026
BBOX,BBOX.NS,Black Box Limited,EQ,795.85,804.8,-1.1120775347912442,735809,5896.86,33.94,22-JUL-2003,02-Oct-2026
BBTC,BBTC.NS,The Bombay Burmah Trading Corporation Limited,EQ,1334.2,1357.4,-1.7091498452924743,78135,1036.18,59.85,03-APR-1996,02-Oct-2026
BBTCL,BBTCL.NS,B&B Triplewall Containers Limited,EQ,229.49,228.67,0.358595355752841,2533,5.81,84.21,23-NOV-2022,02-Oct-2026
BCG,BCG.NS,Brightcom Group Limited,EQ,9.52,9.22,3.2537960954446734,7417823,689.83,65.03,08-MAY-2015,02-Oct-2026
BCLIND,BCLIND.NS,Bcl Industries Limited,EQ,31.24,31.79,-1.730103806228376,529504,164.81,54.51,04-MAR-2021,02-Oct-2026
BCONCEPTS,BCONCEPTS.NS,Brand Concepts Limited,EQ,140.41,140.66,-0.17773354187402246,7732,11.01,75.96,11-JAN-2022,02-Oct-2026
BCPL,BCPL.NS,BCPL Railway Infrastructure Limited,EQ,67.25,68.86,-2.338077258205053,12237,8.25,55.32,27-MAR-2026,02-Oct-2026
BDL,BDL.NS,Bharat Dynamics Limited,EQ,1087.9,1110.1,-1.99981983605079,928850,10127.37,38.52,23-MAR-2018,02-Oct-2026
BEACON,BEACON.NS,BEACON,SM,85.0,85.5,-0.5847953216374269,10000,8.72,90.0,,02-Oct-2026
BEARDSELL,BEARDSELL.NS,Beardsell Limited,EQ,22.13,22.43,-1.337494427106557,43859,9.64,51.02,13-JAN-2015,02-Oct-2026
BECTORFOOD,BECTORFOOD.NS,Mrs. Bectors Food Specialities Limited,EQ,213.03,206.74,3.04246880139305,1664376,3536.06,32.06,24-DEC-2020,02-Oct-2026
BEDMUTHA,BEDMUTHA.NS,Bedmutha Industries Limited,EQ,110.33,109.96,0.3364859949072431,4916,5.43,81.83,14-OCT-2010,02-Oct-2026
BEEKAY,BEEKAY.NS,Beekay Steel Industries Limited,EQ,435.4,452.95,-3.874599845457559,3732,16.68,74.81,20-APR-2026,02-Oct-2026
BEL,BEL.NS,Bharat Electronics Limited,EQ,383.1,388.3,-1.3391707442698915,10250149,39183.96,55.07,19-JUL-2000,02-Oct-2026
BELLACASA,BELLACASA.NS,Bella Casa Fashion & Retail Limited,EQ,241.22,246.61,-2.1856372409878,9891,24.28,32.11,18-JUL-2025,02-Oct-2026
BELRISE,BELRISE.NS,Belrise Industries Limited,EQ,237.5,240.36,-1.189881843900821,3756358,8970.23,43.55,28-MAY-2025,02-Oct-2026
BEML,BEML.NS,BEML Limited,EQ,1962.3,1992.4,-1.5107408150973767,198724,3901.62,25.61,05-NOV-2003,02-Oct-2026
BENARAS,BENARAS.NS,Benares Hotels Limited,EQ,10249.0,10215.0,0.33284385707293196,82,8.36,92.68,17-AUG-2026,02-Oct-2026
BENGALASM,BENGALASM.NS,Bengal & Assam Company Limited,EQ,6088.0,6103.0,-0.24578076355890546,385,23.46,7.27,20-APR-2026,02-Oct-2026
BEPL,BEPL.NS,Bhansali Engineering Polymers Limited,EQ,123.76,124.4,-0.5144694533762062,1534274,1907.19,40.37,21-MAR-2005,02-Oct-2026
BERGEPAINT,BERGEPAINT.NS,Berger Paints (I) Limited,EQ,452.4,455.45,-0.6696673619497225,386752,1748.6,52.86,24-NOV-1999,02-Oct-2026
BESTAGRO,BESTAGRO.NS,Best Agrolife Limited,EQ,17.47,17.53,-0.3422703936109656,555610,96.98,42.29,10-APR-2024,02-Oct-2026
BETA,BETA.NS,Beta Drugs Limited,EQ,2073.3,2053.0,0.9887968826108222,8698,177.92,63.19,24-NOV-2025,02-Oct-2026
BEWLTD,BEWLTD.NS,BEWLTD,SM,58.5,60.5,-3.3057851239669422,23000,13.92,78.26,,02-Oct-2026
BFINVEST,BFINVEST.NS,BF Investment Limited,EQ,428.7,434.05,-1.2325768920631315,16511,70.78,54.5,14-JAN-2011,02-Oct-2026
BFSI,BFSI.NS,BFSI,EQ,25.52,25.66,-0.5455962587685135,421964,107.73,78.27,,02-Oct-2026
BFUTILITIE,BFUTILITIE.NS,BF Utilities Limited,EQ,504.75,507.75,-0.5908419497784343,77989,389.04,28.84,03-MAY-2007,02-Oct-2026
BGRENERGY,BGRENERGY.NS,BGR Energy Systems Limited,BE,239.71,242.13,-0.9994630983355997,71185,170.26,0.0,03-JAN-2008,02-Oct-2026
BHADORA,BHADORA.NS,BHADORA,ST,147.25,140.25,4.991087344028521,40800,60.08,100.0,,02-Oct-2026
BHAGCHEM,BHAGCHEM.NS,Bhagiradha Chemicals & Industries Limited,EQ,236.15,238.55,-1.006078390274578,139794,328.41,60.85,18-OCT-2021,02-Oct-2026
BHAGERIA,BHAGERIA.NS,Bhageria Industries Limited,EQ,382.05,406.45,-6.003198425390571,319885,1234.95,45.78,02-MAR-2016,02-Oct-2026
BHAGYANGR,BHAGYANGR.NS,Bhagyanagar India Limited,EQ,402.65,411.15,-2.0673720053508453,140359,565.01,51.81,17-MAY-2017,02-Oct-2026
BHANDARI,BHANDARI.NS,Bhandari Hosiery Exports Limited,EQ,2.82,2.89,-2.4221453287197328,90509,2.59,83.93,30-JAN-2017,02-Oct-2026
BHARATCOAL,BHARATCOAL.NS,Bharat Coking Coal Limited,EQ,31.75,32.8,-3.201219512195114,4959413,1580.36,41.25,19-JAN-2026,02-Oct-2026
BHARATFORG,BHARATFORG.NS,Bharat Forge Limited,EQ,1875.0,1926.0,-2.64797507788162,1151437,21575.65,56.87,04-APR-2003,02-Oct-2026
BHARATGEAR,BHARATGEAR.NS,Bharat Gears Limited,BE,99.64,101.43,-1.7647638765651248,9756,9.78,0.0,03-APR-1996,02-Oct-2026
BHARATRAS,BHARATRAS.NS,Bharat Rasayan Limited,EQ,998.6,1003.9,-0.5279410299830615,17142,170.27,59.05,11-OCT-1995,02-Oct-2026
BHARATSE,BHARATSE.NS,Bharat Seats Limited,EQ,204.65,212.38,-3.63970242019022,201132,410.04,54.57,24-MAR-2025,02-Oct-2026
BHARATWIRE,BHARATWIRE.NS,Bharat Wire Ropes Limited,EQ,160.12,164.36,-2.57970309077635,222059,353.58,39.2,01-APR-2016,02-Oct-2026
BHARTIARTL,BHARTIARTL.NS,Bharti Airtel Limited,EQ,1741.1,1757.0,-0.9049516220831013,5609657,98053.68,63.89,15-FEB-2002,02-Oct-2026
BHARTIHEXA,BHARTIHEXA.NS,Bharti Hexacom Limited,EQ,1379.2,1424.5,-3.1800631800631773,116666,1610.92,52.11,12-APR-2024,02-Oct-2026
BHEL,BHEL.NS,Bharat Heavy Electricals Limited,EQ,421.0,415.5,1.3237063778580023,12669050,53362.66,36.04,11-NOV-2003,02-Oct-2026
BI,BI.NS,Bilcare Limited,BE,96.7,98.67,-1.9965541704672125,818,0.79,0.0,20-APR-2026,02-Oct-2026
BIGBLOC,BIGBLOC.NS,Bigbloc Construction Limited,EQ,38.78,39.79,-2.5383262126162305,63041,24.01,62.16,02-SEP-2016,02-Oct-2026
BIKAJI,BIKAJI.NS,Bikaji Foods International Limited,EQ,504.05,521.8,-3.401686469911833,604474,3063.92,65.34,16-NOV-2022,02-Oct-2026
BIKEWO,BIKEWO.NS,BIKEWO,ST,122.0,119.7,1.9214703425229716,28000,34.08,100.0,,02-Oct-2026
BIL,BIL.NS,Bhartiya International Limited,EQ,987.55,995.1,-0.7587177168123874,11722,115.65,82.2,12-APR-2000,02-Oct-2026
BILVYAPAR,BILVYAPAR.NS,BIL VYAPAR LIMITED,BE,4.21,4.25,-0.9411764705882361,5504,0.23,0.0,27-SEP-2006,02-Oct-2026
BIMETAL,BIMETAL.NS,Bimetal Bearings Limited,EQ,640.0,648.95,-1.3791509361275978,495,3.15,87.47,20-APR-2026,02-Oct-2026
BIOCON,BIOCON.NS,Biocon Limited,EQ,370.7,370.3,0.10802052389953477,2525268,9331.25,42.58,07-APR-2004,02-Oct-2026
BIOFILCHEM,BIOFILCHEM.NS,Biofil Chemicals & Pharmaceuticals Limited,EQ,29.31,30.38,-3.5220539828834765,15611,4.66,58.66,12-JUN-1996,02-Oct-2026
BIOPOL,BIOPOL.NS,BIOPOL,SM,51.3,54.0,-5.000000000000005,85200,46.49,85.92,,02-Oct-2026
BIRDYS,BIRDYS.NS,BIRDYS,SM,83.1,85.45,-2.7501462843768385,3600,3.0,33.33,,02-Oct-2026
BIRLACABLE,BIRLACABLE.NS,Birla Cable Limited,EQ,383.0,381.15,0.48537321264594585,403264,1510.66,44.17,06-DEC-1995,02-Oct-2026
BIRLACORPN,BIRLACORPN.NS,Birla Corporation Limited,EQ,828.95,840.05,-1.3213499196476293,82178,680.22,61.54,12-APR-1995,02-Oct-2026
BIRLAMONEY,BIRLAMONEY.NS,Aditya Birla Money Limited,EQ,112.82,114.78,-1.7076145669977418,31523,35.33,52.03,07-FEB-2008,02-Oct-2026
BIRLANU,BIRLANU.NS,BirlaNu Limited,EQ,1391.2,1400.1,-0.6356688807942192,7041,97.44,72.13,26-APR-1995,02-Oct-2026
BIRLAPREC,BIRLAPREC.NS,Birla Precision Technologies Limited,BE,55.96,54.91,1.912219996357684,210297,119.12,0.0,20-APR-2026,02-Oct-2026
BLACKBUCK,BLACKBUCK.NS,BLACKBUCK LIMITED,EQ,606.15,607.9,-0.2878762954433295,431008,2600.27,40.35,22-NOV-2024,02-Oct-2026
BLACKROSE,BLACKROSE.NS,Black Rose Inds. Limited,EQ,110.45,115.79,-4.611797219103552,57092,64.96,71.75,20-APR-2026,02-Oct-2026
BLAL,BLAL.NS,BEML Land Assets Limited,EQ,157.83,160.26,-1.5162860351927983,13528,21.43,65.86,19-APR-2023,02-Oct-2026
BLBLIMITED,BLBLIMITED.NS,BLB Limited,EQ,16.64,16.73,-0.5379557680812903,70212,11.67,68.78,31-MAY-2000,02-Oct-2026
BLEL,BLEL.NS,Behari Lal Engineering Limited,EQ,467.95,485.6,-3.6346787479406983,1849262,8859.0,19.53,19-AUG-2026,02-Oct-2026
BLIL,BLIL.NS,Balmer Lawrie Investments Limited,EQ,65.01,65.23,-0.33726812816188695,75567,48.94,76.95,20-APR-2026,02-Oct-2026
BLISSGVS,BLISSGVS.NS,Bliss GVS Pharma Limited,BE,683.6,694.45,-1.562387500899996,138482,942.92,0.0,26-JUL-2010,02-Oct-2026
BLKASHYAP,BLKASHYAP.NS,B. L. Kashyap and Sons Limited,EQ,50.23,50.36,-0.2581413820492505,497255,248.62,54.71,17-MAR-2006,02-Oct-2026
BLS,BLS.NS,BLS International Services Limited,EQ,216.51,218.26,-0.8017960230917255,803646,1734.72,45.61,14-JUN-2016,02-Oct-2026
BLSE,BLSE.NS,BLS E-Services Limited,EQ,322.05,328.6,-1.9933049300060897,522976,1702.4,45.81,06-FEB-2024,02-Oct-2026
BLUECLOUDS,BLUECLOUDS.NS,Blue Cloud Softech Solutions Limited,EQ,19.88,19.9,-0.10050251256281194,2430865,482.13,39.29,17-AUG-2026,02-Oct-2026
BLUECOAST,BLUECOAST.NS,Blue Coast Hotels Limited,EQ,22.0,22.07,-0.3171726325328513,843,0.19,67.73,16-FEB-2000,02-Oct-2026
BLUEDART,BLUEDART.NS,Blue Dart Express Limited,EQ,4496.8,4629.0,-2.855908403542878,51320,2349.67,19.31,12-DEC-2002,02-Oct-2026
BLUEJET,BLUEJET.NS,Blue Jet Healthcare Limited,EQ,541.8,538.05,0.6969612489545582,522842,2787.91,51.28,01-NOV-2023,02-Oct-2026
BLUEPEBBLE,BLUEPEBBLE.NS,BLUEPEBBLE,ST,66.0,65.0,1.5384615384615385,2800,1.81,71.43,,02-Oct-2026
BLUESTARCO,BLUESTARCO.NS,Blue Star Limited,EQ,1459.6,1518.0,-3.847167325428201,962569,14139.69,45.66,15-JUN-2000,02-Oct-2026
BLUESTONE,BLUESTONE.NS,BlueStone Jewellery and Lifestyle Limited,EQ,787.95,794.85,-0.8680883185506671,928246,7261.71,31.33,19-AUG-2025,02-Oct-2026
BLUEWATER,BLUEWATER.NS,BLUEWATER,ST,579.5,571.75,1.355487538259729,12000,68.75,100.0,,02-Oct-2026
BLUSPRING,BLUSPRING.NS,Bluspring Enterprises Limited,EQ,147.82,141.74,4.289544235924922,346713,501.45,36.89,11-JUN-2025,02-Oct-2026
BMETRICS,BMETRICS.NS,BMETRICS,SM,36.6,38.6,-5.181347150259067,4000,1.48,100.0,,02-Oct-2026
BMLL,BMLL.NS,BMLL,SM,159.5,164.0,-2.7439024390243905,15000,23.82,93.33,,02-Oct-2026
BMWVENTLTD,BMWVENTLTD.NS,BMW Ventures Limited,EQ,50.83,51.5,-1.300970873786411,49440,25.21,69.3,01-OCT-2025,02-Oct-2026
BNAGROCHEM,BNAGROCHEM.NS,BN Agrochem Limited,EQ,227.83,217.6,4.70128676470589,434945,984.06,5.55,20-APR-2026,02-Oct-2026
BNKETFAXIS,BNKETFAXIS.NS,BNKETFAXIS,EQ,571.22,575.31,-0.7109210686412402,5339,30.16,87.58,,02-Oct-2026
BODALCHEM,BODALCHEM.NS,Bodal Chemicals Limited,BE,189.75,198.35,-4.335770103352657,619032,1204.14,0.0,22-AUG-2011,02-Oct-2026
BOHRAIND,BOHRAIND.NS,Bohra Industries Limited,EQ,14.74,15.51,-4.964539007092196,22674,3.43,70.79,27-OCT-2022,02-Oct-2026
BOMDYEING,BOMDYEING.NS,Bombay Dyeing & Mfg Company Limited,EQ,102.63,105.62,-2.8309032380231103,517445,534.76,49.08,26-APR-1995,02-Oct-2026
BONLON,BONLON.NS,Bonlon Industries Limited,EQ,39.97,40.21,-0.5968664511315643,6490,2.59,62.13,20-FEB-2026,02-Oct-2026
BORANA,BORANA.NS,Borana Weaves Limited,EQ,272.95,278.2,-1.8871315600287561,52832,145.37,49.79,27-MAY-2025,02-Oct-2026
BOROLTD,BOROLTD.NS,Borosil Limited,EQ,280.2,293.38,-4.492467107505627,560059,1563.09,45.4,22-JUL-2020,02-Oct-2026
BORORENEW,BORORENEW.NS,BOROSIL RENEWABLES LIMITED,EQ,449.6,458.15,-1.8662010258648818,531272,2383.41,42.97,25-MAY-2018,02-Oct-2026
BOROSCI,BOROSCI.NS,Borosil Scientific Limited,EQ,112.72,113.91,-1.0446843999648827,72726,81.74,55.34,07-JUN-2024,02-Oct-2026
BOSCH-HCIL,BOSCH-HCIL.NS,BOSCH HOME COMFORT INDIA LIMITED,EQ,1967.2,1876.7,4.8222944530292535,127667,2455.27,27.97,03-JAN-2000,02-Oct-2026
BOSCHLTD,BOSCHLTD.NS,Bosch Limited,EQ,45480.0,47100.0,-3.4394904458598727,48572,22051.28,48.41,12-MAY-2003,02-Oct-2026
BOSS,BOSS.NS,BOSS,ST,59.7,58.6,1.87713310580205,2000,1.19,100.0,,02-Oct-2026
BPCL,BPCL.NS,Bharat Petroleum Corporation Limited,EQ,300.6,303.2,-0.8575197889181947,5618518,16936.67,48.85,13-SEP-1995,02-Oct-2026
BPL,BPL.NS,BPL Limited,EQ,45.29,45.59,-0.6580390436499326,21555,9.75,64.56,14-JUN-1995,02-Oct-2026
BPLPHARMA,BPLPHARMA.NS,Bharat Parenterals Limited,EQ,1720.4,1792.8,-4.038375725122705,11114,191.88,51.42,17-AUG-2026,02-Oct-2026
BRACEPORT,BRACEPORT.NS,BRACEPORT,SM,65.4,64.3,1.7107309486780848,12800,8.52,62.5,,02-Oct-2026
BRAHMINFRA,BRAHMINFRA.NS,Brahmaputra Infrastructure Limited,EQ,148.85,148.08,0.5199891950297014,18240,26.61,76.97,17-AUG-2026,02-Oct-2026
BRANDMAN,BRANDMAN.NS,BRANDMAN,SM,163.95,164.0,-0.030487804878055715,9600,15.33,58.33,,02-Oct-2026
BRIGADE,BRIGADE.NS,Brigade Enterprises Limited,EQ,569.55,575.25,-0.9908735332464225,310825,1755.53,43.48,31-DEC-2007,02-Oct-2026
BRIGHOTEL,BRIGHOTEL.NS,Brigade Hotel Ventures Limited,EQ,56.94,56.96,-0.03511235955056729,186794,105.5,76.5,31-JUL-2025,02-Oct-2026
BRIGHTBR,BRIGHTBR.NS,Bright Brothers Limited,EQ,241.85,252.9,-4.369315935152239,275,0.67,98.91,17-AUG-2026,02-Oct-2026
BRITANNIA,BRITANNIA.NS,Britannia Industries Limited,EQ,4778.0,4830.0,-1.0766045548654244,362699,17329.19,60.59,05-NOV-1998,02-Oct-2026
BRNL,BRNL.NS,Bharat Road Network Limited,EQ,16.03,15.84,1.1994949494949576,21263,3.39,84.42,18-SEP-2017,02-Oct-2026
BROOKS,BROOKS.NS,Brooks Laboratories Limited,EQ,54.8,55.8,-1.792114695340502,34254,18.56,71.7,05-SEP-2011,02-Oct-2026
BSE,BSE.NS,BSE Limited,EQ,3046.0,3092.0,-1.4877102199223804,6273089,191812.41,48.18,03-FEB-2017,02-Oct-2026
BSE500IETF,BSE500IETF.NS,BSE500IETF,EQ,37.17,37.51,-0.9064249533457646,608837,225.38,57.36,,02-Oct-2026
BSHSL,BSHSL.NS,Bombay Super Hybrid Seeds Limited,EQ,83.95,86.1,-2.497096399535414,2741,2.3,73.88,28-OCT-2020,02-Oct-2026
BSL,BSL.NS,BSL Limited,EQ,118.2,118.28,-0.06763611768684333,3194,3.78,72.7,27-JUL-1995,02-Oct-2026
BSLGOLDETF,BSLGOLDETF.NS,BSLGOLDETF,EQ,129.24,129.46,-0.1699366599721913,521042,673.04,56.9,,02-Oct-2026
BSLNIFTY,BSLNIFTY.NS,BSLNIFTY,EQ,26.43,26.85,-1.5642458100558723,3626059,957.7,81.79,,02-Oct-2026
BSLSENETFG,BSLSENETFG.NS,BSLSENETFG,EQ,72.82,73.09,-0.36940757969627885,3697,2.68,72.03,,02-Oct-2026
BSOFT,BSOFT.NS,BIRLASOFT LIMITED,EQ,269.75,271.7,-0.7177033492822925,1536439,4188.19,40.58,24-NOV-1999,02-Oct-2026
BTML,BTML.NS,Bodhi Tree Multimedia Limited,EQ,7.09,6.97,1.7216642754662856,1395797,95.82,72.92,15-FEB-2023,02-Oct-2026
BTTL,BTTL.NS,Bhilwara Technical Textiles Limited,BE,39.5,40.98,-3.6115178135675863,4247,1.66,0.0,20-APR-2026,02-Oct-2026
BUILDPRO,BUILDPRO.NS,Shankara Buildpro Limited,EQ,1249.2,1231.0,1.4784727863525626,51957,645.39,62.18,09-JAN-2026,02-Oct-2026
BULKCORP,BULKCORP.NS,BULKCORP,ST,79.85,81.85,-2.443494196701283,9600,7.69,100.0,,02-Oct-2026
BURNPUR,BURNPUR.NS,Burnpur Cement Limited,BE,12.56,13.16,-4.559270516717322,24658,3.15,0.0,03-JAN-2008,02-Oct-2026
BUTTERFLY,BUTTERFLY.NS,Butterfly Gandhimathi Appliances Limited,EQ,550.5,552.75,-0.40705563093622793,36497,197.88,58.12,28-APR-2014,02-Oct-2026
BVCL,BVCL.NS,Barak Valley Cements Limited,EQ,41.39,43.02,-3.788935378893544,18667,7.84,79.32,23-NOV-2007,02-Oct-2026
BYKE,BYKE.NS,The Byke Hospitality Ltd,EQ,28.81,29.12,-1.0645604395604473,23792,6.83,70.41,15-APR-2015,02-Oct-2026
C2C,C2C.NS,C2C,SM,189.15,209.3,-9.627329192546586,188250,363.59,53.15,,02-Oct-2026
CALSOFT,CALSOFT.NS,California Software Company Limited,BE,36.41,35.11,3.702648818000562,197802,71.97,0.0,28-JUN-2000,02-Oct-2026
CAMLINFINE,CAMLINFINE.NS,Camlin Fine Sciences Limited,EQ,91.01,93.15,-2.297369833601718,605614,553.22,45.73,20-JAN-2015,02-Oct-2026
CAMPUS,CAMPUS.NS,Campus Activewear Limited,EQ,205.83,208.83,-1.4365752047119666,647062,1322.55,44.66,09-MAY-2022,02-Oct-2026
CAMS,CAMS.NS,Computer Age Management Services Limited,EQ,677.25,671.0,0.9314456035767511,1577224,10630.12,56.66,07-MAY-2021,02-Oct-2026
CANARYS,CANARYS.NS,CANARYS,SM,27.45,27.75,-1.0810810810810836,68000,18.73,41.18,,02-Oct-2026
CANBK,CANBK.NS,Canara Bank,EQ,118.36,119.44,-0.9042196918955111,13953325,16523.21,45.85,23-DEC-2002,02-Oct-2026
CANFINHOME,CANFINHOME.NS,Can Fin Homes Limited,EQ,711.0,719.2,-1.1401557285873256,417879,2978.34,64.8,10-MAY-1995,02-Oct-2026
CANHLIFE,CANHLIFE.NS,Canara HSBC Life Insurance Company Limited,EQ,143.85,148.51,-3.1378358359706398,451047,650.18,42.8,17-OCT-2025,02-Oct-2026
CANTABIL,CANTABIL.NS,Cantabil Retail India Limited,EQ,224.66,231.22,-2.837124816192372,90583,205.13,62.19,12-OCT-2010,02-Oct-2026
CAPACITE,CAPACITE.NS,Capacit'e Infraprojects Limited,EQ,180.33,182.89,-1.3997484826945017,276832,497.85,50.69,25-SEP-2017,02-Oct-2026
CAPILLARY,CAPILLARY.NS,Capillary Technologies India Limited,EQ,554.7,560.45,-1.025961281113391,351706,1919.64,48.23,21-NOV-2025,02-Oct-2026
CAPITALSFB,CAPITALSFB.NS,Capital Small Finance Bank Limited,EQ,277.5,288.6,-3.846153846153854,76015,214.42,58.02,14-FEB-2024,02-Oct-2026
CAPLIPOINT,CAPLIPOINT.NS,Caplin Point Laboratories Limited,EQ,2631.9,2716.4,-3.1107347960536003,154382,4050.91,43.65,23-JUN-2014,02-Oct-2026
CAPTRUST,CAPTRUST.NS,Capital Trust Limited,BE,19.07,18.28,4.321663019693649,35404,6.69,0.0,16-JAN-2017,02-Oct-2026
CARBORUNIV,CARBORUNIV.NS,Carborundum Universal Limited,EQ,1239.7,1252.5,-1.0219560878243477,384105,4772.72,41.65,03-APR-1996,02-Oct-2026
CARERATING,CARERATING.NS,CARE Ratings Limited,EQ,1602.7,1616.7,-0.8659615265664624,42470,681.74,66.22,26-DEC-2012,02-Oct-2026
CARRARO,CARRARO.NS,Carraro India Limited,EQ,518.1,527.5,-1.78199052132701,130189,671.43,52.55,30-DEC-2024,02-Oct-2026
CARTRADE,CARTRADE.NS,Cartrade Tech Limited,EQ,2806.6,2899.8,-3.214014759638605,312645,8799.18,39.98,20-AUG-2021,02-Oct-2026
CARYSIL,CARYSIL.NS,CARYSIL LIMITED,EQ,1044.8,1036.1,0.8396872888717349,320062,3267.01,61.23,14-JAN-2021,02-Oct-2026
CASHIETF,CASHIETF.NS,CASHIETF,EQ,1082.28,1081.7,0.05361930294905493,147744,1599.01,67.48,,02-Oct-2026
CASTROLIND,CASTROLIND.NS,Castrol India Limited,EQ,199.04,200.52,-0.7380809894274976,2825230,5612.12,64.83,14-MAR-2014,02-Oct-2026
CBAZAAR,CBAZAAR.NS,CBAZAAR,SM,5.45,5.7,-4.385964912280701,8000,0.44,100.0,,02-Oct-2026
CCAVENUE,CCAVENUE.NS,AvenuesAI Limited,EQ,15.28,15.12,1.0582010582010593,13286633,2018.81,39.97,04-APR-2016,02-Oct-2026
CCCL,CCCL.NS,Consolidated Construction Consortium Limited,EQ,13.45,13.95,-3.584229390681004,390544,53.24,84.51,15-OCT-2007,02-Oct-2026
CCHHL,CCHHL.NS,Country Club Hospitality & Holidays Limited,EQ,12.99,13.0,-0.07692307692307529,34934,4.57,83.98,03-FEB-2015,02-Oct-2026
CCL,CCL.NS,CCL Products (India) Limited,EQ,1056.6,1019.5,3.6390387444825802,405128,4164.77,62.17,07-JUN-2004,02-Oct-2026
CDSL,CDSL.NS,Central Depository Services (India) Limited,EQ,1242.5,1264.0,-1.7009493670886076,1324382,16501.68,38.64,30-JUN-2017,02-Oct-2026
CEATLTD,CEATLTD.NS,CEAT Limited,EQ,3286.6,3264.4,0.6800637176816511,49734,1610.42,39.67,01-FEB-2008,02-Oct-2026
CEDAAR,CEDAAR.NS,CEDAAR,ST,11.0,10.85,1.3824884792626762,5000,0.54,100.0,,02-Oct-2026
CEIGALL,CEIGALL.NS,Ceigall India Limited,EQ,380.1,382.75,-0.6923579359895434,170053,647.11,44.66,08-AUG-2024,02-Oct-2026
CEINSYS,CEINSYS.NS,Ceinsys Tech Limited,EQ,654.25,666.85,-1.8894803928919581,62531,407.12,52.17,19-FEB-2026,02-Oct-2026
CELEBRITY,CELEBRITY.NS,Celebrity Fashions Limited,EQ,6.26,6.66,-6.006006006006012,25232,1.6,66.1,12-JAN-2006,02-Oct-2026
CELLECOR,CELLECOR.NS,CELLECOR,SM,28.9,28.35,1.9400352733685966,870000,248.15,68.62,,02-Oct-2026
CELLO,CELLO.NS,Cello World Limited,EQ,323.1,325.55,-0.7525725694977695,260574,835.09,44.7,06-NOV-2023,02-Oct-2026
CELLPOINT,CELLPOINT.NS,CELLPOINT,SM,16.05,13.95,15.053763440860227,15600,2.46,92.31,,02-Oct-2026
CEMNTGROWW,CEMNTGROWW.NS,CEMNTGROWW,EQ,13.6,13.86,-1.8759018759018746,169969,23.03,69.8,,02-Oct-2026
CEMPRO,CEMPRO.NS,Cemindia Projects Limited,EQ,1178.9,1192.2,-1.1155846334507593,221740,2616.88,57.79,10-FEB-1999,02-Oct-2026
CENTENKA,CENTENKA.NS,Century Enka Limited,EQ,537.8,554.6,-3.029210241615591,29192,157.31,57.44,10-MAY-1995,02-Oct-2026
CENTEXT,CENTEXT.NS,Century Extrusions Limited,EQ,18.18,18.62,-2.363050483351242,73904,13.55,72.36,20-JUL-2004,02-Oct-2026
CENTEXT-RE,CENTEXT-RE.NS,Century Extrusions Limited-RE,BE,3.16,3.62,-12.707182320441987,316633,10.71,0.0,23-SEP-2026,02-Oct-2026
CENTRALBK,CENTRALBK.NS,Central Bank of India,EQ,30.0,30.46,-1.5101772816808956,4707687,1415.2,52.59,21-AUG-2007,02-Oct-2026
CENTRUM,CENTRUM.NS,Centrum Capital Limited,EQ,19.9,19.61,1.4788373278939273,596475,117.86,35.97,04-APR-2018,02-Oct-2026
CENTUM,CENTUM.NS,Centum Electronics Limited,EQ,4701.7,4797.9,-2.0050438733612586,79168,3732.31,27.02,05-OCT-2007,02-Oct-2026
CENTURYPLY,CENTURYPLY.NS,Century Plyboards (India) Limited,EQ,666.45,681.85,-2.2585612671408635,56697,379.94,55.6,23-MAR-2006,02-Oct-2026
CERA,CERA.NS,Cera Sanitaryware Limited,EQ,5096.5,5088.0,0.16705974842767296,5282,268.34,37.11,02-NOV-2007,02-Oct-2026
CESC,CESC.NS,CESC Limited,EQ,131.62,133.85,-1.666044079193119,1826999,2402.34,56.36,08-FEB-1995,02-Oct-2026
CEWATER,CEWATER.NS,Concord Enviro Systems Limited,EQ,253.45,259.6,-2.3690292758089497,66070,167.4,48.08,27-DEC-2024,02-Oct-2026
CFEL,CFEL.NS,Confidence Futuristic Energetech Limited,BE,45.27,45.58,-0.6801228609038946,13345,6.18,0.0,17-AUG-2026,02-Oct-2026
CGCL,CGCL.NS,Capri Global Capital Limited,EQ,249.23,247.45,0.7193372398464342,2812833,7002.22,47.58,29-OCT-2010,02-Oct-2026
CGPOWER,CGPOWER.NS,CG Power and Industrial Solutions Limited,EQ,879.0,854.2,2.9033013345820597,4633143,40691.76,26.29,01-MAR-1995,02-Oct-2026
CGRAPHICS,CGRAPHICS.NS,CGRAPHICS,SM,148.8,159.1,-6.4739157762413475,24000,37.47,66.67,,02-Oct-2026
CGVAK,CGVAK.NS,CG Vak Software & Exports Limited,EQ,147.24,145.69,1.0639028073306414,1725,2.57,70.72,17-AUG-2026,02-Oct-2026
CHALET,CHALET.NS,Chalet Hotels Limited,EQ,830.25,845.2,-1.7688121154756324,142586,1186.27,48.17,07-FEB-2019,02-Oct-2026
CHAMBLFERT,CHAMBLFERT.NS,Chambal Fertilizers & Chemicals Limited,EQ,399.3,409.25,-2.4312767257177734,447087,1790.91,55.46,14-JUN-1995,02-Oct-2026
CHANDAN,CHANDAN.NS,CHANDAN,SM,227.1,232.5,-2.3225806451612927,36000,82.01,60.0,,02-Oct-2026
CHAVDA,CHAVDA.NS,CHAVDA,ST,59.85,63.0,-4.999999999999997,14000,8.39,85.71,,02-Oct-2026
CHEMBOND,CHEMBOND.NS,Chembond Material Technologies Limited,EQ,177.64,182.73,-2.7855305642204367,8226,14.71,68.58,20-NOV-2019,02-Oct-2026
CHEMBONDCH,CHEMBONDCH.NS,Chembond Chemicals Limited,BE,215.81,225.5,-4.297117516629711,9841,21.55,0.0,23-JUL-2025,02-Oct-2026
CHEMCON,CHEMCON.NS,Chemcon Speciality Chemicals Limited,EQ,215.93,217.28,-0.6213181148748133,75163,163.33,49.67,01-OCT-2020,02-Oct-2026
CHEMCRUX,CHEMCRUX.NS,Chemcrux Enterprises Limited,EQ,78.23,78.62,-0.49605698295599154,3558,2.75,82.55,17-AUG-2026,02-Oct-2026
CHEMFAB,CHEMFAB.NS,Chemfab Alkalis Limited,EQ,328.35,335.9,-2.2476927657040653,1966,6.49,71.52,25-APR-2018,02-Oct-2026
CHEMICAL,CHEMICAL.NS,CHEMICAL,EQ,28.2,28.47,-0.9483667017913578,395058,110.71,51.95,,02-Oct-2026
CHEMPLASTS,CHEMPLASTS.NS,Chemplast Sanmar Limited,EQ,191.56,185.92,3.0335628227194573,291771,546.72,46.91,24-AUG-2021,02-Oct-2026
CHENNPETRO,CHENNPETRO.NS,Chennai Petroleum Corporation Limited,EQ,1346.4,1436.3,-6.259138063078734,1838710,25221.91,33.88,07-JUN-2000,02-Oct-2026
CHETANA,CHETANA.NS,CHETANA,SM,40.0,41.5,-3.614457831325301,17600,6.86,63.64,,02-Oct-2026
CHEVIOT,CHEVIOT.NS,Cheviot Company Limited,EQ,1167.0,1183.2,-1.3691683569979753,1374,16.1,80.86,20-JUN-2022,02-Oct-2026
CHOICEGOLD,CHOICEGOLD.NS,CHOICEGOLD,EQ,145.74,145.54,0.13741926618113032,97326,141.51,47.75,,02-Oct-2026
CHOICEIN,CHOICEIN.NS,Choice International Limited,EQ,719.4,726.25,-0.9432013769363198,433514,3103.3,65.4,08-APR-2022,02-Oct-2026
CHOLAFIN,CHOLAFIN.NS,Cholamandalam Investment and Finance Company Limited,EQ,1580.0,1620.0,-2.4691358024691357,1699959,27010.05,59.26,15-MAY-1996,02-Oct-2026
CHOLAHLDNG,CHOLAHLDNG.NS,Cholamandalam Financial Holdings Limited,EQ,1369.6,1386.2,-1.1975183956139184,233959,3176.91,55.76,25-SEP-2017,02-Oct-2026
CIEINDIA,CIEINDIA.NS,CIE Automotive India Limited,EQ,376.35,386.3,-2.57571835361118,259700,976.57,45.64,30-AUG-2007,02-Oct-2026
CIFL,CIFL.NS,Capital India Finance Limited,EQ,20.76,21.34,-2.717900656044978,92756,19.54,64.78,17-APR-2025,02-Oct-2026
CINELINE,CINELINE.NS,Cineline India Limited,EQ,85.96,86.96,-1.1499540018399266,10501,9.16,72.68,13-JUN-2012,02-Oct-2026
CINEVISTA,CINEVISTA.NS,Cinevista Limited,EQ,13.63,13.83,-1.4461315979754106,6443,0.88,99.71,02-MAY-2000,02-Oct-2026
CIPLA,CIPLA.NS,Cipla Limited,EQ,1344.0,1346.0,-0.1485884101040119,921789,12394.82,52.66,08-FEB-1995,02-Oct-2026
CKKRETAIL,CKKRETAIL.NS,CKKRETAIL,SM,168.65,174.5,-3.3524355300859563,320000,542.9,39.5,,02-Oct-2026
CLASSICEIL,CLASSICEIL.NS,CLASSICEIL,SM,51.05,52.3,-2.390057361376673,8000,4.09,100.0,,02-Oct-2026
CLAYCRAFT,CLAYCRAFT.NS,CLAYCRAFT,SM,167.2,167.2,0.0,82800,141.16,89.13,,02-Oct-2026
CLEAN,CLEAN.NS,Clean Science and Technology Limited,EQ,803.05,794.35,1.0952350978787602,317480,2515.63,50.24,19-JUL-2021,02-Oct-2026
CLEANMAX,CLEANMAX.NS,Clean Max Enviro Energy Solutions Limited,EQ,1299.8,1327.2,-2.064496684749856,431038,5654.42,48.58,02-MAR-2026,02-Oct-2026
CLEDUCATE,CLEDUCATE.NS,CL Educate Limited,EQ,57.91,57.01,1.5786704087002255,11448,6.59,77.31,31-MAR-2017,02-Oct-2026
CLSEL,CLSEL.NS,Chaman Lal Setia Exports Limited,EQ,281.95,284.15,-0.7742389582966703,66745,187.59,44.05,12-MAY-2021,02-Oct-2026
CMLL,CMLL.NS,Caliber Mining and Logistics Limited,EQ,523.05,532.05,-1.6915703411333523,267921,1397.42,37.85,24-JUL-2026,02-Oct-2026
CMNL,CMNL.NS,CMNL,SM,118.0,116.85,0.9841677364142112,4500,5.31,83.33,,02-Oct-2026
CMPDI,CMPDI.NS,Central Mine Planning & Design Institute Limited,EQ,204.38,209.21,-2.3086850532957377,2709836,5466.26,45.77,30-MAR-2026,02-Oct-2026
CMRGREEN,CMRGREEN.NS,CMR Green Technologies Limited,EQ,223.38,224.83,-0.6449317261931312,459122,1025.17,66.87,10-JUN-2026,02-Oct-2026
CMSINFO,CMSINFO.NS,CMS Info Systems Limited,EQ,220.69,221.45,-0.34319259426506704,1010975,2214.66,55.21,31-DEC-2021,02-Oct-2026
CNL,CNL.NS,Creative Newtech Limited,EQ,1079.2,1082.2,-0.2772130844575864,21831,235.06,72.04,05-AUG-2019,02-Oct-2026
COALINDIA,COALINDIA.NS,Coal India Limited,EQ,420.4,425.0,-1.082352941176476,7514836,31636.24,52.92,04-NOV-2010,02-Oct-2026
COASTCORP,COASTCORP.NS,Coastal Corporation Limited,EQ,35.82,36.97,-3.110630240735728,59600,21.3,74.1,08-OCT-2021,02-Oct-2026
COCHINSHIP,COCHINSHIP.NS,Cochin Shipyard Limited,EQ,1287.0,1315.0,-2.129277566539924,727942,9367.8,37.8,11-AUG-2017,02-Oct-2026
COCKERILL,COCKERILL.NS,John Cockerill India Limited,EQ,7989.0,7966.5,0.28243268687629447,3473,274.76,47.22,20-APR-2026,02-Oct-2026
COFFEEDAY,COFFEEDAY.NS,Coffee Day Enterprises Limited,EQ,29.69,30.14,-1.4930325149303227,5488862,1661.75,13.03,02-NOV-2015,02-Oct-2026
COFORGE,COFORGE.NS,Coforge Limited,EQ,1826.0,1749.1,4.396546795494832,3419070,61564.25,41.28,30-AUG-2004,02-Oct-2026
COHANCE,COHANCE.NS,Cohance Lifesciences Limited,EQ,451.3,444.0,1.6441441441441467,683663,3038.38,55.91,09-MAR-2020,02-Oct-2026
COLPAL,COLPAL.NS,Colgate Palmolive (India) Limited,EQ,1735.0,1763.3,-1.604945273067541,412868,7189.33,58.69,17-DEC-2007,02-Oct-2026
COMFINTE,COMFINTE.NS,Comfort Intech Limited,EQ,6.23,6.36,-2.0440251572327024,135064,8.39,64.38,20-APR-2026,02-Oct-2026
COMMOIETF,COMMOIETF.NS,COMMOIETF,EQ,94.0,95.31,-1.3744622809778642,73560,68.9,70.86,,02-Oct-2026
COMPEAU,COMPEAU.NS,Competent Automobiles Company Limited,EQ,362.45,368.45,-1.628443479440901,1,0.0,100.0,17-AUG-2026,02-Oct-2026
COMPINFO,COMPINFO.NS,Compuage Infocom Limited,BZ,1.09,1.06,2.8301886792452855,10351,0.11,0.0,07-JUL-2016,02-Oct-2026
COMPUSOFT,COMPUSOFT.NS,Compucom Software Limited,EQ,13.05,13.48,-3.1899109792284843,14232,1.88,66.69,02-MAR-2012,02-Oct-2026
COMSYN,COMSYN.NS,Commercial Syn Bags Limited,EQ,262.4,269.7,-2.706711160548762,318865,837.98,54.46,23-JAN-2024,02-Oct-2026
CONCOR,CONCOR.NS,Container Corporation of India Limited,EQ,442.0,447.5,-1.2290502793296088,877730,3894.98,37.8,07-MAY-1997,02-Oct-2026
CONCORDBIO,CONCORDBIO.NS,Concord Biotech Limited,EQ,1374.1,1373.6,0.03640069889341876,147229,1989.17,47.71,18-AUG-2023,02-Oct-2026
CONFIPET,CONFIPET.NS,Confidence Petroleum India Limited,EQ,86.05,88.13,-2.3601497787359564,2851230,2438.57,49.27,13-JUN-2019,02-Oct-2026
CONNPLEX,CONNPLEX.NS,CONNPLEX,SM,246.1,249.7,-1.4417300760913072,46400,112.47,65.52,,02-Oct-2026
CONS,CONS.NS,CONS,EQ,11.35,11.46,-0.9598603839441641,89001,10.01,69.89,,02-Oct-2026
CONSOFINVT,CONSOFINVT.NS,Consolidated Finvest & Holdings Limited,BE,279.6,293.9,-4.8656005444028425,22639,63.63,0.0,29-MAR-2005,02-Oct-2026
CONSUMAXIS,CONSUMAXIS.NS,CONSUMAXIS,EQ,111.99,113.93,-1.7027999648907328,4890,5.55,90.47,,02-Oct-2026
CONSUMBEES,CONSUMBEES.NS,CONSUMBEES,EQ,121.58,123.68,-1.6979301423027233,163615,198.86,52.29,,02-Oct-2026
CONSUMER,CONSUMER.NS,CONSUMER,EQ,11.06,11.3,-2.123893805309736,312223,34.56,83.12,,02-Oct-2026
CONSUMIETF,CONSUMIETF.NS,CONSUMIETF,EQ,113.03,115.0,-1.7130434782608686,33816,38.15,37.9,,02-Oct-2026
CONTI,CONTI.NS,CONTI,SM,10.1,9.7,4.12371134020619,13332,1.35,75.0,,02-Oct-2026
CONTROLPR,CONTROLPR.NS,Control Print Limited,EQ,618.0,607.35,1.7535193875030834,55775,343.74,50.37,24-JUN-2016,02-Oct-2026
COOLCAPS,COOLCAPS.NS,COOLCAPS,SM,21.15,21.9,-3.4246575342465757,70000,14.85,75.0,,02-Oct-2026
CORALFINAC,CORALFINAC.NS,Coral India Finance & Housing Limited,EQ,31.25,31.55,-0.9508716323296378,13756,4.29,76.2,25-MAR-1996,02-Oct-2026
CORDELIA,CORDELIA.NS,Waterways Leisure Tourism Limited,EQ,100.91,102.59,-1.6375865094063815,1443890,1449.4,43.34,01-JUL-2026,02-Oct-2026
CORDSCABLE,CORDSCABLE.NS,Cords Cable Industries Limited,BE,318.9,332.5,-4.090225563909781,33266,107.09,0.0,13-FEB-2008,02-Oct-2026
COREIN,COREIN.NS,COREIN,ST,78.65,78.9,-0.3168567807351077,32000,24.96,100.0,,02-Oct-2026
COROMANDEL,COROMANDEL.NS,Coromandel International Limited,EQ,1763.6,1758.2,0.30713229439198403,239111,4152.8,48.34,31-MAY-1995,02-Oct-2026
CORONA,CORONA.NS,CORONA Remedies Limited,EQ,2029.4,2093.4,-3.057227476831948,25676,519.65,48.67,15-DEC-2025,02-Oct-2026
COSMOFIRST,COSMOFIRST.NS,COSMO FIRST LIMITED,EQ,826.85,845.6,-2.2173604541154206,30642,253.6,42.91,25-MAY-1995,02-Oct-2026
COUNCODOS,COUNCODOS.NS,Country Condo's Limited,BE,6.33,6.4,-1.0937500000000044,36902,2.34,0.0,22-JAN-2009,02-Oct-2026
CPCAP,CPCAP.NS,CP Capital Limited,EQ,140.85,141.59,-0.5226357793629558,14506,20.35,66.51,06-OCT-2010,02-Oct-2026
CPEDU,CPEDU.NS,Career Point Edutech Limited,EQ,176.36,177.45,-0.6142575373344463,2580,4.54,94.77,05-SEP-2025,02-Oct-2026
CPL,CPL.NS,Captain Polyplast Limited,EQ,62.46,63.27,-1.2802275960170733,51674,31.81,32.42,23-JUL-2026,02-Oct-2026
CPPLUS,CPPLUS.NS,Aditya Infotech Limited,EQ,3799.6,3846.5,-1.2192902638762535,119217,4526.54,52.36,05-AUG-2025,02-Oct-2026
CPS,CPS.NS,CPS,SM,1135.0,1135.0,0.0,2850,32.35,100.0,,02-Oct-2026
CPSEETF,CPSEETF.NS,CPSEETF,EQ,89.78,90.55,-0.8503589177250094,808633,724.07,60.47,,02-Oct-2026
CRAFTSMAN,CRAFTSMAN.NS,Craftsman Automation Limited,EQ,10266.0,10417.0,-1.449553614284343,35248,3615.3,51.52,25-MAR-2021,02-Oct-2026
CRAMC,CRAMC.NS,Canara Robeco Asset Management Company Limited,EQ,216.52,224.7,-3.6404094348019487,540916,1183.6,52.65,16-OCT-2025,02-Oct-2026
CRAVATEX,CRAVATEX.NS,Cravatex Limited,EQ,349.0,359.85,-3.0151451993886402,142,0.5,60.56,17-AUG-2026,02-Oct-2026
CRAYONS,CRAYONS.NS,CRAYONS,SM,25.0,24.45,2.24948875255624,5000,1.28,100.0,,02-Oct-2026
CREATIVEYE,CREATIVEYE.NS,Creative Eye Limited,EQ,6.17,6.12,0.8169934640522847,16224,0.98,90.18,20-DEC-2000,02-Oct-2026
CREDENT,CREDENT.NS,CREDENT,SM,382.1,393.4,-2.8723945094051744,101400,386.53,59.17,,02-Oct-2026
CREDITACC,CREDITACC.NS,CREDITACCESS GRAMEEN LIMITED,EQ,1239.0,1272.0,-2.5943396226415096,343285,4240.18,70.89,23-AUG-2018,02-Oct-2026
CREST,CREST.NS,Crest Ventures Limited,EQ,362.35,366.85,-1.2266593975739402,3321,12.02,92.38,27-DEC-2006,02-Oct-2026
CRESTO,CRESTO.NS,CRESTO TECHNO LIMITED,BE,22.05,23.21,-4.997845756139595,18383,4.1,0.0,08-JUL-2020,02-Oct-2026
CRISIL,CRISIL.NS,Crisil Limited,EQ,4428.6,4450.8,-0.4987867349689902,32314,1426.31,43.5,28-JUN-1995,02-Oct-2026
CRIZAC,CRIZAC.NS,Crizac Limited,EQ,166.89,170.12,-1.8986597695744285,188899,315.99,50.06,09-JUL-2025,02-Oct-2026
CROMPTON,CROMPTON.NS,Crompton Greaves Consumer Electricals Limited,EQ,202.7,208.67,-2.860976661714669,4535645,9309.66,49.58,13-MAY-2016,02-Oct-2026
CROWN,CROWN.NS,Crown Lifters Limited,EQ,111.53,115.27,-3.244556259217485,14808,16.71,69.67,08-FEB-2022,02-Oct-2026
CRSL,CRSL.NS,Cressanda Railway Solutions Limited,BE,2.14,2.22,-3.6036036036036063,436289,9.45,0.0,17-AUG-2026,02-Oct-2026
CSBBANK,CSBBANK.NS,CSB Bank Limited,EQ,304.75,311.0,-2.009646302250804,613159,1857.96,49.21,04-DEC-2019,02-Oct-2026
CSLFINANCE,CSLFINANCE.NS,CSL Finance Limited,EQ,208.34,210.85,-1.190419729665635,23138,48.14,63.37,21-JUL-2022,02-Oct-2026
CSM,CSM.NS,CSM Technologies Limited,EQ,94.25,98.17,-3.993073240297445,165688,158.18,41.99,02-JUL-2026,02-Oct-2026
CSSL,CSSL.NS,CSSL,SM,69.6,74.0,-5.945945945945954,14000,10.03,71.43,,02-Oct-2026
CTE,CTE.NS,Cambridge Technology Enterprises Limited,BE,38.91,40.39,-3.6642733349839167,6939,2.7,0.0,07-FEB-2007,02-Oct-2026
CUB,CUB.NS,City Union Bank Limited,EQ,230.04,226.05,1.7650962176509535,4776469,10961.89,34.76,25-AUG-1998,02-Oct-2026
CUBEXTUB,CUBEXTUB.NS,Cubex Tubings Limited,BE,166.1,174.84,-4.99885609700298,120573,201.78,0.0,24-APR-1996,02-Oct-2026
CUDML,CUDML.NS,CUDML,SM,106.95,106.0,0.8962264150943424,1000,1.07,100.0,,02-Oct-2026
CUMMINSIND,CUMMINSIND.NS,Cummins India Limited,EQ,4860.0,4760.0,2.100840336134454,393680,18976.12,48.69,29-MAR-1995,02-Oct-2026
CUPID,CUPID.NS,Cupid Limited,EQ,312.5,311.65,0.27274185785336846,25539188,79684.69,25.02,16-SEP-2016,02-Oct-2026
CURAA,CURAA.NS,Cura Technologies Limited,BE,72.25,72.5,-0.3448275862068966,130,0.09,0.0,21-MAR-2025,02-Oct-2026
CURIS,CURIS.NS,CURIS,ST,206.5,217.3,-4.970087436723429,8000,16.65,75.0,,02-Oct-2026
CURRENT,CURRENT.NS,CURRENT,SM,96.0,100.0,-4.0,4800,4.68,66.67,,02-Oct-2026
CYBERMEDIA,CYBERMEDIA.NS,Cyber Media (India) Limited,BE,17.96,18.56,-3.2327586206896437,11608,2.06,0.0,10-JUN-2005,02-Oct-2026
CYBERTECH,CYBERTECH.NS,Cybertech Systems And Software Limited,BE,135.95,138.83,-2.074479579341658,13536,18.46,0.0,27-JAN-1999,02-Oct-2026
CYIENT,CYIENT.NS,Cyient Limited,EQ,1104.6,1100.7,0.3543199781956813,594962,6506.65,46.51,30-SEP-1998,02-Oct-2026
CYIENTDLM,CYIENTDLM.NS,Cyient DLM Limited,EQ,893.9,914.1,-2.209823870473695,391174,3510.23,43.73,10-JUL-2023,02-Oct-2026
DABUR,DABUR.NS,Dabur India Limited,EQ,374.25,380.1,-1.5390686661404953,2455226,9313.69,58.91,28-APR-1999,02-Oct-2026
DAICHI,DAICHI.NS,Dai-Ichi Karkaria Limited,BE,317.1,312.85,1.3584785040754352,2380,7.27,0.0,20-APR-2026,02-Oct-2026
DALBHARAT,DALBHARAT.NS,Dalmia Bharat Limited,EQ,1682.1,1683.7,-0.09502880560670764,77064,1291.87,57.73,22-JAN-2019,02-Oct-2026
DALMIASUG,DALMIASUG.NS,Dalmia Bharat Sugar and Industries Limited,EQ,396.7,408.8,-2.95988258317026,146859,584.81,42.69,17-JAN-1996,02-Oct-2026
DAMCAPITAL,DAMCAPITAL.NS,Dam Capital Advisors Limited,EQ,146.56,151.08,-2.9917924278527996,444502,655.01,36.04,27-DEC-2024,02-Oct-2026
DAMODARIND,DAMODARIND.NS,Damodar Industries Limited,BE,26.59,26.96,-1.3724035608308642,12093,3.2,0.0,04-JUL-2016,02-Oct-2026
DANGEE,DANGEE.NS,Dangee Dums Limited,EQ,2.9,2.92,-0.6849315068493157,157889,4.69,41.6,13-NOV-2020,02-Oct-2026
DANISH,DANISH.NS,DANISH,SM,953.5,967.0,-1.3960703205791105,23400,224.78,72.44,,02-Oct-2026
DATAMATICS,DATAMATICS.NS,Datamatics Global Services Limited,EQ,790.3,805.55,-1.8931165042517535,67919,537.92,46.66,07-MAY-2004,02-Oct-2026
DATAPATTNS,DATAPATTNS.NS,Data Patterns (India) Limited,EQ,4251.3,4286.9,-0.8304369124542084,305681,12953.25,22.59,24-DEC-2021,02-Oct-2026
DAVANGERE,DAVANGERE.NS,Davangere Sugar Company Limited,EQ,2.26,2.31,-2.164502164502176,8709105,198.76,50.59,25-JAN-2024,02-Oct-2026
DBCORP,DBCORP.NS,D.B.Corp Limited,EQ,172.52,175.38,-1.6307446687193436,101816,175.34,47.57,06-JAN-2010,02-Oct-2026
DBEIL,DBEIL.NS,Deepak Builders & Engineers India Limited,EQ,6.5,6.68,-2.6946107784431095,140729,9.17,79.89,28-OCT-2024,02-Oct-2026
DBL,DBL.NS,Dilip Buildcon Limited,EQ,399.1,406.2,-1.747907434761193,134401,539.12,54.17,11-AUG-2016,02-Oct-2026
DBOL,DBOL.NS,Dhampur Bio Organics Limited,EQ,120.91,126.1,-4.115781126090403,216394,262.69,52.1,08-SEP-2022,02-Oct-2026
DBREALTY,DBREALTY.NS,Valor Estate Limited,EQ,91.7,96.52,-4.993783671777862,1272913,1187.94,65.79,24-FEB-2010,02-Oct-2026
DBSTOCKBRO,DBSTOCKBRO.NS,DB (International) Stock Brokers Limited,BE,31.5,31.74,-0.7561436672967815,1026,0.32,0.0,29-FEB-2012,02-Oct-2026
DCAL,DCAL.NS,Dishman Carbogen Amcis Limited,EQ,150.35,157.47,-4.521496157998352,448793,678.99,68.36,21-SEP-2017,02-Oct-2026
DCBBANK,DCBBANK.NS,DCB Bank Limited,EQ,199.71,203.54,-1.8816940159182394,842489,1683.21,54.14,27-OCT-2006,02-Oct-2026
DCCL,DCCL.NS,DCCL,SM,41.9,41.9,0.0,2000,0.84,100.0,,02-Oct-2026
DCG,DCG.NS,DCG,ST,76.4,80.4,-4.975124378109452,19200,14.77,100.0,,02-Oct-2026
DCI,DCI.NS,Dc Infotech And Communication Limited,EQ,342.95,335.0,2.3731343283582054,212341,722.44,42.67,19-OCT-2022,02-Oct-2026
DCM,DCM.NS,DCM  Limited,EQ,72.83,74.0,-1.5810810810810834,1935,1.41,93.9,29-MAR-1995,02-Oct-2026
DCMFINSERV,DCMFINSERV.NS,DCM Financial Services Limited,EQ,5.07,5.07,0.0,4145,0.21,58.12,21-MAY-1997,02-Oct-2026
DCMNVL,DCMNVL.NS,DCM Nouvelle Limited,EQ,166.47,172.6,-3.5515643105446095,9412,15.89,64.56,16-JUL-2019,02-Oct-2026
DCMSHRIRAM,DCMSHRIRAM.NS,DCM Shriram Limited,EQ,906.85,915.6,-0.95565749235474,138672,1245.79,54.73,12-APR-1995,02-Oct-2026
DCMSIL,DCMSIL.NS,DCM Shriram International Limited,EQ,80.25,82.25,-2.43161094224924,110038,87.69,50.42,17-FEB-2026,02-Oct-2026
DCMSRIND,DCMSRIND.NS,DCM Shriram Industries Limited,EQ,37.69,39.57,-4.7510740459944465,185807,70.59,57.75,24-DEC-2021,02-Oct-2026
DCW,DCW.NS,DCW Limited,EQ,44.62,45.62,-2.192021043402017,1389318,619.59,46.28,25-MAY-1995,02-Oct-2026
DCXINDIA,DCXINDIA.NS,DCX Systems Limited,EQ,158.99,161.18,-1.358729370889687,314149,498.23,51.15,11-NOV-2022,02-Oct-2026
DDEVPLSTIK,DDEVPLSTIK.NS,Ddev Plastiks Industries Limited,EQ,247.61,249.5,-0.7575150300601148,66902,165.06,57.47,15-JAN-2025,02-Oct-2026
DECCANCE,DECCANCE.NS,Deccan Cements Limited,EQ,548.95,566.5,-3.0979699911738665,15070,82.83,60.09,02-AUG-2007,02-Oct-2026
DECCANTRAN,DECCANTRAN.NS,DECCANTRAN,SM,21.7,21.65,0.23094688221709336,1200,0.26,100.0,,02-Oct-2026
DECNGOLD,DECNGOLD.NS,Deccan Gold Mines Limited,EQ,195.69,200.76,-2.5254034668260577,1727638,3352.28,47.65,20-APR-2026,02-Oct-2026
DEEDEV,DEEDEV.NS,DEE Development Engineers Limited,EQ,663.2,676.9,-2.0239326340670605,137963,909.55,41.96,26-JUN-2024,02-Oct-2026
DEEP,DEEP.NS,Deep Polymers Limited,BE,42.69,44.82,-4.752342704149939,7858,3.36,0.0,17-AUG-2026,02-Oct-2026
DEEPA,DEEPA.NS,Deepa Jewellers Limited,EQ,192.17,195.48,-1.693267853488849,1918965,3715.2,30.56,08-SEP-2026,02-Oct-2026
DEEPAKFERT,DEEPAKFERT.NS,Deepak Fertilizers and Petrochemicals Corporation Limited,EQ,1300.9,1351.0,-3.7083641746854115,226222,2969.22,46.09,17-JAN-2003,02-Oct-2026
DEEPAKNTR,DEEPAKNTR.NS,Deepak Nitrite Limited,EQ,1492.8,1529.8,-2.418616812655249,157119,2349.57,52.74,29-SEP-2010,02-Oct-2026
DEEPINDS,DEEPINDS.NS,Deep Industries Limited,EQ,749.0,755.95,-0.919372974403075,435585,3226.0,40.22,27-APR-2021,02-Oct-2026
DEFENCE,DEFENCE.NS,DEFENCE,EQ,76.31,77.52,-1.5608875128998887,406925,310.17,44.91,,02-Oct-2026
DELAPLEX,DELAPLEX.NS,DELAPLEX,SM,94.5,93.1,1.5037593984962467,4800,4.49,100.0,,02-Oct-2026
DELHIVERY,DELHIVERY.NS,Delhivery Limited,EQ,400.0,409.7,-2.3675860385648004,1371538,5503.81,50.61,24-MAY-2022,02-Oct-2026
DELPHIFX,DELPHIFX.NS,DELPHI WORLD MONEY LIMITED,BE,6.9,6.77,1.9202363367799231,312826,21.58,0.0,28-JUN-2011,02-Oct-2026
DELTACORP,DELTACORP.NS,Delta Corp Limited,EQ,73.48,80.51,-8.7318345547137,31237756,24083.45,13.91,02-NOV-2007,02-Oct-2026
DELTAMAGNT,DELTAMAGNT.NS,Delta Manufacturing Limited,EQ,54.08,57.19,-5.438013638748032,7561,4.18,75.41,18-OCT-1995,02-Oct-2026
DELTIC,DELTIC.NS,DELTIC,SM,35.95,34.7,3.602305475504323,40000,14.3,92.5,,02-Oct-2026
DEN,DEN.NS,Den Networks Limited,EQ,25.41,25.93,-2.0053991515618956,282134,71.84,61.79,24-NOV-2009,02-Oct-2026
DENEERS,DENEERS.NS,DENEERS,SM,173.55,178.0,-2.4999999999999933,4200,7.42,42.86,,02-Oct-2026
DENORA,DENORA.NS,De Nora India Limited,EQ,723.9,736.5,-1.7107942973523453,11453,83.15,68.31,07-AUG-1997,02-Oct-2026
DENTA,DENTA.NS,Denta Water and Infra Solutions Limited,EQ,260.65,265.75,-1.91909689557856,79945,207.66,44.44,29-JAN-2025,02-Oct-2026
DENTALKART,DENTALKART.NS,DENTALKART,SM,459.0,460.0,-0.21739130434782608,12750,59.64,45.1,,02-Oct-2026
DEVIT,DEVIT.NS,Dev Information Technology Limited,EQ,20.75,21.86,-5.07776761207685,85533,18.03,66.79,15-FEB-2022,02-Oct-2026
DEVX,DEVX.NS,Dev Accelerator Limited,EQ,36.28,36.07,0.5822012752980339,79144,28.46,60.56,17-SEP-2025,02-Oct-2026
DEVYANI,DEVYANI.NS,Devyani International Limited,EQ,127.07,130.29,-2.4714099316908427,1020731,1297.11,42.84,16-AUG-2021,02-Oct-2026
DGCONTENT,DGCONTENT.NS,Digicontent Limited,EQ,25.43,25.43,0.0,92788,23.91,67.19,18-JUN-2019,02-Oct-2026
DHABRIYA,DHABRIYA.NS,Dhabriya Polywood Limited,BE,463.8,472.8,-1.9035532994923856,13159,62.2,0.0,17-AUG-2026,02-Oct-2026
DHAMPURSUG,DHAMPURSUG.NS,Dhampur Sugar Mills Limited,EQ,171.06,171.42,-0.21001050052501763,633753,1074.21,41.64,29-MAR-1995,02-Oct-2026
DHANBANK,DHANBANK.NS,Dhanlaxmi Bank Limited,EQ,26.97,27.52,-1.9985465116279095,1111767,297.17,46.65,01-APR-2004,02-Oct-2026
DHANLAXMI,DHANLAXMI.NS,DHANLAXMI,SM,26.5,26.4,0.37878787878788417,36000,9.59,94.44,,02-Oct-2026
DHANSA,DHANSA.NS,DHANSA,ST,25.7,25.65,0.1949317738791451,6000,1.59,66.67,,02-Oct-2026
DHANUKA,DHANUKA.NS,Dhanuka Agritech Limited,EQ,935.05,928.35,0.7217105617493329,35421,325.85,56.02,29-JUN-2011,02-Oct-2026
DHARAN,DHARAN.NS,DHARAN INFRA-EPC LIMITED,BZ,0.13,0.14,-7.142857142857148,7039417,9.85,0.0,02-APR-2018,02-Oct-2026
DHARARAIL,DHARARAIL.NS,DHARARAIL,ST,140.2,140.15,0.03567606136281337,12000,16.83,100.0,,02-Oct-2026
DHARIWAL,DHARIWAL.NS,DHARIWAL,SM,29.0,28.4,2.1126760563380333,249000,73.08,74.7,,02-Oct-2026
DHARMAJ,DHARMAJ.NS,Dharmaj Crop Guard Limited,EQ,267.65,264.35,1.2483449971628349,75720,200.23,57.16,08-DEC-2022,02-Oct-2026
DHATRE,DHATRE.NS,Dhatre Udyog Limited,EQ,4.02,3.98,1.0050251256281304,10656,0.43,82.2,17-AUG-2026,02-Oct-2026
DHOOTTRANS,DHOOTTRANS.NS,Dhoot Transmission Limited,EQ,1443.4,1488.8,-3.0494357872111677,1004650,14500.76,38.84,17-AUG-2026,02-Oct-2026
DHRUV,DHRUV.NS,Dhruv Consultancy Services Limited,EQ,19.74,20.08,-1.6932270916334657,5994,1.22,96.46,25-NOV-2021,02-Oct-2026
DHTL,DHTL.NS,DHTL,SM,23.75,24.95,-4.809619238476951,48800,12.14,93.44,,02-Oct-2026
DHUNINV,DHUNINV.NS,Dhunseri Investments Limited,EQ,967.3,955.65,1.2190655574739684,244,2.33,92.62,18-MAR-2011,02-Oct-2026
DIACABS,DIACABS.NS,Diamond Power Infrastructure Limited,BE,345.0,354.2,-2.5974025974025943,912342,3153.53,0.0,15-SEP-2023,02-Oct-2026
DIAMINESQ,DIAMINESQ.NS,Diamines & Chemicals Limited,EQ,236.31,238.5,-0.9182389937106908,1772,4.2,76.07,25-SEP-2023,02-Oct-2026
DIAMONDYD,DIAMONDYD.NS,Prataap Snacks Limited,EQ,1073.0,1108.5,-3.2025259359494815,24504,261.97,45.69,05-OCT-2017,02-Oct-2026
DICIND,DICIND.NS,DIC India Limited,EQ,613.65,635.3,-3.407838816307253,4422,27.5,69.36,30-AUG-1995,02-Oct-2026
DIFFNKG,DIFFNKG.NS,Diffusion Engineers Limited,EQ,464.4,438.75,5.846153846153841,498520,2267.35,30.51,04-OCT-2024,02-Oct-2026
DIGIDRIVE,DIGIDRIVE.NS,Digidrive Distributors Limited,EQ,17.61,17.89,-1.5651201788708837,16496,2.95,84.38,10-JAN-2024,02-Oct-2026
DIGIKORE,DIGIKORE.NS,DIGIKORE,SM,37.25,37.05,0.5398110661268632,36800,13.51,77.17,,02-Oct-2026
DIGISPICE,DIGISPICE.NS,DiGiSPICE Technologies Limited,EQ,14.79,14.96,-1.1363636363636476,52113,7.69,71.72,27-MAY-2008,02-Oct-2026
DIGITIDE,DIGITIDE.NS,Digitide Solutions Limited,EQ,72.34,72.85,-0.7000686341798091,321390,229.4,54.52,11-JUN-2025,02-Oct-2026
DIGJAMLMTD,DIGJAMLMTD.NS,Digjam Limited,BE,47.96,50.46,-4.954419342053111,6217,3.02,0.0,18-OCT-2021,02-Oct-2026
DISAQ,DISAQ.NS,Disa India Limited,EQ,11249.0,11796.0,-4.63716514072567,297,33.7,89.23,20-APR-2026,02-Oct-2026
DISHTV,DISHTV.NS,Dish TV India Limited,EQ,2.15,2.06,4.368932038834945,2717434,58.38,70.04,18-APR-2007,02-Oct-2026
DIVGIITTS,DIVGIITTS.NS,Divgi Torqtransfer Systems Limited,EQ,1136.4,1181.8,-3.84159756303942,129545,1476.4,45.87,14-MAR-2023,02-Oct-2026
DIVIDEND,DIVIDEND.NS,DIVIDEND,EQ,33.63,34.04,-1.2044653349001075,11587,3.91,96.61,,02-Oct-2026
DIVINEHIRA,DIVINEHIRA.NS,DIVINEHIRA,ST,106.15,107.25,-1.0256410256410202,12000,12.81,60.0,,02-Oct-2026
DIVISLAB,DIVISLAB.NS,Divi's Laboratories Limited,EQ,9249.0,9291.5,-0.4574073077543992,567310,52119.78,67.14,12-MAR-2003,02-Oct-2026
DIVOPPBEES,DIVOPPBEES.NS,DIVOPPBEES,EQ,71.98,72.88,-1.2349066959385175,70282,50.47,71.72,,02-Oct-2026
DIXON,DIXON.NS,Dixon Technologies (India) Limited,EQ,12700.0,13100.0,-3.0534351145038165,258830,33369.16,34.75,18-SEP-2017,02-Oct-2026
DJML,DJML.NS,DJ Mediaprint & Logistics Limited,EQ,72.61,71.82,1.0999721526037403,76710,55.5,42.88,05-DEC-2022,02-Oct-2026
DLF,DLF.NS,DLF Limited,EQ,658.4,674.0,-2.3145400593471845,6264045,41411.5,56.31,05-JUL-2007,02-Oct-2026
DLINKINDIA,DLINKINDIA.NS,D-Link (India) Limited,EQ,406.6,411.85,-1.274735947553721,61080,248.12,57.3,18-DEC-2009,02-Oct-2026
DMART,DMART.NS,Avenue Supermarts Limited,EQ,3813.0,3801.4,0.30515073394012493,652283,24944.07,49.44,21-MAR-2017,02-Oct-2026
DMCC,DMCC.NS,DMCC SPECIALITY CHEMICALS LIMITED,EQ,308.7,311.7,-0.962463907603465,197626,610.42,41.64,01-DEC-2021,02-Oct-2026
DNAMEDIA,DNAMEDIA.NS,Diligent Media Corporation Limited,EQ,2.42,2.44,-0.8196721311475417,22103,0.54,90.89,11-DEC-2017,02-Oct-2026
DODLA,DODLA.NS,Dodla Dairy Limited,EQ,1006.3,1019.4,-1.2850696488130295,69274,695.52,81.16,28-JUN-2021,02-Oct-2026
DOLATALGO,DOLATALGO.NS,Dolat Algotech Limited,EQ,62.86,64.94,-3.2029565753002744,122351,77.44,61.72,12-JAN-2024,02-Oct-2026
DOLLAR,DOLLAR.NS,Dollar Industries Limited,EQ,272.1,277.25,-1.8575293056807853,150981,408.0,71.19,21-APR-2017,02-Oct-2026
DOLLEX,DOLLEX.NS,Dollex Agrotech Limited,EQ,38.24,38.0,0.6315789473684263,24277,9.15,87.51,11-SEP-2026,02-Oct-2026
DOLPHIN,DOLPHIN.NS,Dolphin Offshore Enterprises (India) Limited,EQ,628.1,637.4,-1.4590524003765226,49914,310.61,38.42,21-AUG-2023,02-Oct-2026
DOMS,DOMS.NS,DOMS Industries Limited,EQ,2097.5,2107.0,-0.4508780256288562,19783,413.44,48.89,20-DEC-2023,02-Oct-2026
DONEAR,DONEAR.NS,Donear Industries Limited,EQ,80.29,81.4,-1.3636363636363629,11952,9.63,77.4,20-DEC-2006,02-Oct-2026
DPABHUSHAN,DPABHUSHAN.NS,D. P. Abhushan Limited,EQ,1874.0,1788.8,4.762969588550987,784999,14611.3,14.47,03-NOV-2020,02-Oct-2026
DPEL,DPEL.NS,DPEL,SM,618.75,617.55,0.19431624969638825,32500,201.27,56.92,,02-Oct-2026
DPSCLTD,DPSCLTD.NS,DPSC Limited,BE,6.8,6.8,0.0,74833,5.1,0.0,21-APR-2008,02-Oct-2026
DPWIRES,DPWIRES.NS,D P Wires Limited,BE,163.99,163.89,0.061016535481129265,4897,7.95,0.0,17-JAN-2020,02-Oct-2026
DRAGARWQ,DRAGARWQ.NS,Dr Agarwals Eye Hospital Limited,EQ,5159.0,5130.0,0.5653021442495126,2248,115.2,67.48,20-APR-2026,02-Oct-2026
DRCSYSTEMS,DRCSYSTEMS.NS,DRC Systems India Limited,EQ,13.02,13.15,-0.9885931558935421,153366,20.23,69.09,10-MAR-2021,02-Oct-2026
DREAMFOLKS,DREAMFOLKS.NS,Dreamfolks Services Limited,EQ,61.5,61.66,-0.2594875121634716,71170,44.27,46.19,06-SEP-2022,02-Oct-2026
DREDGECORP,DREDGECORP.NS,Dredging Corporation of India Limited,EQ,895.2,920.2,-2.716800695500978,91115,820.06,47.28,15-JAN-2004,02-Oct-2026
DRONE,DRONE.NS,DRONE,SM,33.1,33.85,-2.2156573116691285,45500,15.27,27.47,,02-Oct-2026
DRREDDY,DRREDDY.NS,Dr. Reddy's Laboratories Limited,EQ,1206.2,1233.0,-2.173560421735601,2607818,31610.88,65.2,30-MAY-2003,02-Oct-2026
DSFCL,DSFCL.NS,DCM Shriram Fine Chemicals Limited,BE,27.9,28.94,-3.593642017968219,87628,24.57,0.0,17-FEB-2026,02-Oct-2026
DSKULKARNI,DSKULKARNI.NS,DS Kulkarni Developers Limited,BE,26.07,25.56,1.995305164319255,53,0.01,0.0,08-FEB-1995,02-Oct-2026
DSSL,DSSL.NS,Dynacons Systems & Solutions Limited,EQ,948.75,983.2,-3.503864930838084,28151,269.18,60.98,01-DEC-2011,02-Oct-2026
DTIL,DTIL.NS,Dhunseri Tea & Industries Limited,BE,158.57,152.21,4.1784376847776,13405,20.96,0.0,20-JAN-2015,02-Oct-2026
DUCOL,DUCOL.NS,DUCOL,SM,120.9,121.0,-0.08264462809916885,1600,1.93,50.0,,02-Oct-2026
DUCON,DUCON.NS,Ducon Infratechnologies Limited,EQ,1.3,1.36,-4.411764705882357,3705446,48.86,49.99,09-OCT-2012,02-Oct-2026
DUGLOBAL,DUGLOBAL.NS,DUGLOBAL,SM,21.75,20.1,8.208955223880588,207500,43.33,81.93,,02-Oct-2026
DURLAX,DURLAX.NS,DURLAX,SM,65.25,65.15,0.1534919416730534,124000,80.84,41.94,,02-Oct-2026
DVL,DVL.NS,Dhunseri Ventures Limited,EQ,278.7,282.95,-1.5020321611592156,12290,34.07,78.54,11-JAN-2008,02-Oct-2026
DWARKESH,DWARKESH.NS,Dwarikesh Sugar Industries Limited,EQ,41.96,42.66,-1.6408813877168207,1083964,453.14,32.9,31-DEC-2004,02-Oct-2026
DYCL,DYCL.NS,Dynamic Cables Limited,EQ,428.0,437.15,-2.0931030538716637,313267,1337.42,40.72,27-JUL-2022,02-Oct-2026
DYNAMATECH,DYNAMATECH.NS,Dynamatic Technologies Limited,EQ,13756.0,13611.0,1.065314818896481,42592,5802.07,38.63,14-SEP-2006,02-Oct-2026
DYNAMIC,DYNAMIC.NS,DYNAMIC,SM,129.95,133.95,-2.9861888764464357,1500,1.97,100.0,,02-Oct-2026
DYNPRO,DYNPRO.NS,Dynemic Products Limited,EQ,224.58,223.58,0.44726719742374094,3562,7.97,64.09,19-JUL-2017,02-Oct-2026
E2E,E2E.NS,E2E Networks Limited,BE,648.0,650.5,-0.3843197540353574,470548,3000.04,0.0,12-APR-2022,02-Oct-2026
E2ERAIL,E2ERAIL.NS,E2ERAIL,SM,322.8,335.05,-3.656170720787942,45600,151.22,52.63,,02-Oct-2026
EASEMYTRIP,EASEMYTRIP.NS,Easy Trip Planners Limited,EQ,5.76,5.86,-1.7064846416382344,12319113,713.34,33.99,19-MAR-2021,02-Oct-2026
EASTSILK,EASTSILK.NS,Eastern Silk Industries Limited,BE,70.12,73.81,-4.999322585015578,4250,3.14,0.0,03-JUL-1996,02-Oct-2026
EASTWEST,EASTWEST.NS,East West Freight Carriers Limited,EQ,2.29,2.33,-1.716738197424894,20920,0.48,78.97,17-AUG-2026,02-Oct-2026
EBANK10,EBANK10.NS,EBANK10,EQ,16.19,15.82,2.3388116308470353,605,0.1,63.8,,02-Oct-2026
EBANKNIFTY,EBANKNIFTY.NS,EBANKNIFTY,EQ,55.24,55.41,-0.30680382602417366,2190,1.21,81.92,,02-Oct-2026
EBBETF0430,EBBETF0430.NS,EBBETF0430,EQ,1601.58,1606.78,-0.32362862370704426,7718,123.89,73.01,,02-Oct-2026
EBBETF0431,EBBETF0431.NS,EBBETF0431,EQ,1427.59,1427.54,0.003502528825809051,17923,256.78,55.78,,02-Oct-2026
EBBETF0433,EBBETF0433.NS,EBBETF0433,EQ,1299.69,1297.04,0.2043113550854323,2062,26.8,81.18,,02-Oct-2026
EBGNG,EBGNG.NS,GNG Electronics Limited,EQ,704.7,686.75,2.6137604659628755,892168,6146.64,39.74,30-JUL-2025,02-Oct-2026
EBIX,EBIX.NS,EBIX Limited,BE,16.89,16.97,-0.4714201532115398,26253,4.44,0.0,17-AUG-2026,02-Oct-2026
ECAPINSURE,ECAPINSURE.NS,ECAPINSURE,EQ,22.73,22.56,0.7535460992907878,90120,20.4,49.78,,02-Oct-2026
ECLERX,ECLERX.NS,eClerx Services Limited,EQ,1802.9,1819.9,-0.9341172591900654,106573,1922.16,50.01,31-DEC-2007,02-Oct-2026
ECOLINE,ECOLINE.NS,ECOLINE,SM,179.15,171.45,4.491105278506864,70000,126.32,68.57,,02-Oct-2026
ECORECO,ECORECO.NS,Eco Recycling Limited,EQ,388.6,395.5,-1.7446270543615618,15029,58.96,65.55,17-AUG-2026,02-Oct-2026
ECOSMOBLTY,ECOSMOBLTY.NS,Ecos (India) Mobility & Hospitality Limited,EQ,105.01,104.73,0.2673541487634881,40431,42.14,69.08,04-SEP-2024,02-Oct-2026
EDELWEISS,EDELWEISS.NS,Edelweiss Financial Services Limited,EQ,137.9,142.73,-3.384011770475712,6165446,8556.36,43.04,12-DEC-2007,02-Oct-2026
EEPL,EEPL.NS,EEPL,ST,130.0,132.5,-1.8867924528301887,10000,13.08,90.0,,02-Oct-2026
EFACTOR,EFACTOR.NS,EFACTOR,SM,185.75,185.0,0.40540540540540543,6000,11.15,40.0,,02-Oct-2026
EFCIL,EFCIL.NS,EFC (I) Limited,EQ,171.2,172.21,-0.5864932350037857,242978,412.3,64.62,20-AUG-2025,02-Oct-2026
EFFWA,EFFWA.NS,EFFWA,SM,342.9,356.95,-3.936125507774201,15200,52.9,60.53,,02-Oct-2026
EFORCE,EFORCE.NS,EFORCE,SM,18.4,18.5,-0.5405405405405482,4800,0.87,100.0,,02-Oct-2026
EGOLD,EGOLD.NS,EGOLD,EQ,146.85,147.1,-0.1699524133242692,52660,77.36,76.43,,02-Oct-2026
EICHERMOT,EICHERMOT.NS,Eicher Motors Limited,EQ,6920.0,7150.0,-3.2167832167832167,817452,56726.45,49.18,07-SEP-2004,02-Oct-2026
EIDPARRY,EIDPARRY.NS,EID Parry India Limited,EQ,674.55,685.9,-1.6547601691208664,341622,2313.31,48.05,10-MAY-1995,02-Oct-2026
EIEL,EIEL.NS,Enviro Infra Engineers Limited,EQ,184.0,189.62,-2.963822381605318,775964,1444.44,52.72,29-NOV-2024,02-Oct-2026
EIFFL,EIFFL.NS,Euro India Fresh Foods Limited,BE,267.75,273.2,-1.994875549048312,646,1.76,0.0,12-OCT-2021,02-Oct-2026
EIHAHOTELS,EIHAHOTELS.NS,EIH Associated Hotels Limited,EQ,296.1,297.15,-0.3533568904593487,13263,39.37,67.01,08-APR-2008,02-Oct-2026
EIHOTEL,EIHOTEL.NS,EIH Limited,EQ,297.85,301.1,-1.0793756227167055,167855,499.52,52.46,08-FEB-1995,02-Oct-2026
EIMCOELECO,EIMCOELECO.NS,Eimco Elecon (India) Limited,EQ,2268.8,2269.2,-0.017627357659070874,18996,428.24,50.43,17-APR-1996,02-Oct-2026
EKC,EKC.NS,Everest Kanto Cylinder Limited,EQ,106.01,108.9,-2.653810835629018,154275,163.36,48.96,15-DEC-2005,02-Oct-2026
EKI,EKI.NS,EKI Energy Services Limited,BE,97.95,94.99,3.116117486051172,40385,39.07,0.0,17-AUG-2026,02-Oct-2026
ELANTAS,ELANTAS.NS,Elantas Beck India Limited,EQ,13474.0,13839.0,-2.637473805910832,2435,328.05,49.24,20-APR-2026,02-Oct-2026
ELCIDIN,ELCIDIN.NS,EL CID Investments Limited,EQ,102155.0,102665.0,-0.49676131106024446,7,7.14,71.43,20-APR-2026,02-Oct-2026
ELDEHSG,ELDEHSG.NS,Eldeco Housing And Industries Limited,EQ,782.25,751.05,4.154184142200925,1460,11.34,82.19,12-APR-2022,02-Oct-2026
ELECON,ELECON.NS,Elecon Engineering Company Limited,EQ,440.0,461.8,-4.72065829363361,985198,4417.22,44.85,29-SEP-2006,02-Oct-2026
ELECTCAST,ELECTCAST.NS,Electrosteel Castings Limited,EQ,74.54,74.37,0.22858679575097712,5379383,4051.37,28.87,20-JUN-2003,02-Oct-2026
ELECTHERM,ELECTHERM.NS,Electrotherm (India) Limited,EQ,743.6,774.25,-3.958669680335806,17615,130.4,53.55,20-AUG-2007,02-Oct-2026
ELEVATE,ELEVATE.NS,Elevate Campuses Limited,EQ,344.8,322.95,6.765753212571612,15447430,52526.79,15.27,30-SEP-2026,02-Oct-2026
ELGIEQUIP,ELGIEQUIP.NS,Elgi Equipments Limited,EQ,584.65,608.85,-3.9747064137308117,435205,2545.82,48.54,22-NOV-1995,02-Oct-2026
ELGIRUBCO,ELGIRUBCO.NS,Elgi Rubber Company Limited,EQ,51.38,53.42,-3.8187944590041165,33486,17.34,66.77,10-AUG-2011,02-Oct-2026
ELGNZ,ELGNZ.NS,ELGNZ,SM,82.8,82.0,0.9756097560975575,8000,6.65,62.5,,02-Oct-2026
ELIN,ELIN.NS,Elin Electronics Limited,EQ,79.73,86.3,-7.612977983777512,424406,343.76,63.38,30-DEC-2022,02-Oct-2026
ELIQUID,ELIQUID.NS,ELIQUID,EQ,1050.39,1049.84,0.05238893545684884,43291,454.73,70.75,,02-Oct-2026
ELITECON,ELITECON.NS,Elitecon International Limited,EQ,7.79,7.98,-2.380952380952386,5953979,469.37,50.71,20-APR-2026,02-Oct-2026
ELLEN,ELLEN.NS,Ellenbarrie Industrial Gases Limited,EQ,341.7,356.9,-4.25889604931353,1714617,5869.62,48.81,01-JUL-2025,02-Oct-2026
ELM250,ELM250.NS,ELM250,EQ,15.65,15.77,-0.7609384908053216,193509,30.15,95.2,,02-Oct-2026
ELMDIV,ELMDIV.NS,ELMDIV,EQ,34.72,34.61,0.31782721756717547,621,0.21,67.63,,02-Oct-2026
ELPROINTL,ELPROINTL.NS,Elpro International Limited,EQ,174.31,174.0,0.1781609195402312,8080,14.04,70.25,20-APR-2026,02-Oct-2026
EMAMILTD,EMAMILTD.NS,Emami Limited,EQ,372.65,379.05,-1.688431605329121,2237638,8378.78,64.64,03-AUG-2006,02-Oct-2026
EMAMIPAP,EMAMIPAP.NS,Emami Paper Mills Limited,BE,116.84,119.56,-2.275008364001337,34125,39.41,0.0,30-MAY-2019,02-Oct-2026
EMAMIREAL,EMAMIREAL.NS,Emami Realty Limited,EQ,67.14,67.43,-0.4300756339908145,5743,3.9,63.22,28-JUL-2010,02-Oct-2026
EMAPARTNER,EMAPARTNER.NS,EMAPARTNER,SM,81.65,81.5,0.1840490797546082,3000,2.43,66.67,,02-Oct-2026
EMBDL,EMBDL.NS,Embassy Developments Limited,EQ,56.13,58.51,-4.06768073833532,2114200,1194.8,42.91,23-MAR-2007,02-Oct-2026
EMCURE,EMCURE.NS,Emcure Pharmaceuticals Limited,EQ,1944.6,1943.0,0.08234688625835868,69846,1354.62,55.88,10-JUL-2024,02-Oct-2026
EMETAL,EMETAL.NS,EMETAL,EQ,12.78,12.66,0.9478672985781929,9273,1.17,80.52,,02-Oct-2026
EMIL,EMIL.NS,Electronics Mart India Limited,EQ,204.05,205.36,-0.6379041682898335,4017614,8141.31,36.69,17-OCT-2022,02-Oct-2026
EMKAY,EMKAY.NS,Emkay Global Financial Services Limited,EQ,286.8,278.2,3.0913012221423517,56856,160.38,54.75,28-APR-2006,02-Oct-2026
EMKAYTOOLS,EMKAYTOOLS.NS,EMKAYTOOLS,SM,98.6,97.9,0.7150153217568831,600,0.58,25.0,,02-Oct-2026
EMMBI,EMMBI.NS,Emmbi Industries Limited,BE,86.04,89.74,-4.12302206373968,16076,13.81,0.0,24-FEB-2010,02-Oct-2026
EMMIL,EMMIL.NS,EMMIL,SM,132.75,132.0,0.5681818181818182,21000,28.02,89.29,,02-Oct-2026
EMMVEE,EMMVEE.NS,Emmvee Photovoltaic Power Limited,EQ,305.9,315.9,-3.165558721114277,1383663,4248.69,44.5,18-NOV-2025,02-Oct-2026
EMPIND,EMPIND.NS,Empire Industries Limited,EQ,1059.2,1057.1,0.19865670229875476,1377,14.55,70.44,17-AUG-2026,02-Oct-2026
EMPOWER,EMPOWER.NS,Empower India Limited,EQ,1.54,1.62,-4.938271604938276,3581175,55.15,100.0,20-APR-2026,02-Oct-2026
EMSLIMITED,EMSLIMITED.NS,EMS Limited,EQ,331.55,337.2,-1.6755634638196848,157212,518.72,42.63,21-SEP-2023,02-Oct-2026
EMUDHRA,EMUDHRA.NS,eMudhra Limited,EQ,580.0,596.5,-2.7661357921207044,702179,4079.3,35.26,01-JUN-2022,02-Oct-2026
EMULTIMQ,EMULTIMQ.NS,EMULTIMQ,EQ,40.16,40.11,0.12465719272001287,32944,13.24,68.22,,02-Oct-2026
ENCOMPAS,ENCOMPAS.NS,ENCOMPAS,SM,253.35,240.0,5.562499999999997,17600,44.35,77.27,,02-Oct-2026
ENDURANCE,ENDURANCE.NS,Endurance Technologies Limited,EQ,2601.4,2656.5,-2.0741577263316358,123076,3229.28,61.19,19-OCT-2016,02-Oct-2026
ENERGY,ENERGY.NS,ENERGY,EQ,36.75,36.9,-0.40650406504064657,275574,101.11,51.29,,02-Oct-2026
ENERGYAXIS,ENERGYAXIS.NS,ENERGYAXIS,EQ,18.27,18.4,-0.7065217391304294,22014,4.01,53.77,,02-Oct-2026
ENERGYDEV,ENERGYDEV.NS,Energy Development Company Limited,EQ,14.52,14.39,0.9034051424600348,10986,1.58,62.09,02-NOV-2007,02-Oct-2026
ENEXT50,ENEXT50.NS,ENEXT50,EQ,68.98,70.5,-2.1560283687943205,2369,1.66,15.45,,02-Oct-2026
ENFUSE,ENFUSE.NS,ENFUSE,SM,150.0,154.0,-2.5974025974025974,1200,1.82,50.0,,02-Oct-2026
ENGINERSIN,ENGINERSIN.NS,Engineers India Limited,EQ,312.75,309.6,1.017441860465109,7911815,24638.77,21.78,20-AUG-1997,02-Oct-2026
ENIFTY,ENIFTY.NS,ENIFTY,EQ,22.75,22.9,-0.6550218340611291,7147,1.62,72.98,,02-Oct-2026
ENIL,ENIL.NS,Entertainment Network (India) Limited,EQ,93.36,95.59,-2.3328800083690804,21152,20.16,68.92,15-FEB-2006,02-Oct-2026
ENKEIWHEL,ENKEIWHEL.NS,Enkei Wheels (India) Limited,EQ,392.6,396.55,-0.9960912873534203,2283,9.02,96.85,17-AUG-2026,02-Oct-2026
ENRIN,ENRIN.NS,Siemens Energy India Limited,EQ,3334.0,3200.0,4.1875,1649842,54720.75,31.07,19-JUN-2025,02-Oct-2026
ENSER,ENSER.NS,ENSER,SM,15.25,15.25,0.0,35000,5.4,100.0,,02-Oct-2026
ENTERO,ENTERO.NS,Entero Healthcare Solutions Limited,EQ,1680.8,1708.9,-1.644332611621519,205073,3390.47,61.97,16-FEB-2024,02-Oct-2026
ENVIRO,ENVIRO.NS,ENVIRO,SM,67.55,67.75,-0.2952029520295245,17000,11.83,64.71,,02-Oct-2026
EPACK,EPACK.NS,EPACK Durable Limited,EQ,171.59,175.35,-2.144282862845732,284743,489.06,43.13,30-JAN-2024,02-Oct-2026
EPACKPEB,EPACKPEB.NS,EPack Prefab Technologies Limited,EQ,242.07,243.2,-0.464638157894735,598656,1459.85,38.9,01-OCT-2025,02-Oct-2026
EPIGRAL,EPIGRAL.NS,Epigral Limited,EQ,982.2,1012.5,-2.992592592592588,80328,793.13,65.61,18-AUG-2021,02-Oct-2026
EPL,EPL.NS,EPL Limited,EQ,232.39,237.0,-1.9451476793249003,2613252,6062.63,54.48,11-FEB-2002,02-Oct-2026
EPWINDIA,EPWINDIA.NS,EPWINDIA,SM,270.0,260.0,3.8461538461538463,8400,22.3,100.0,,02-Oct-2026
EQUAL200,EQUAL200.NS,EQUAL200,EQ,12.95,13.1,-1.145038167938934,45092,5.82,99.01,,02-Oct-2026
EQUAL50,EQUAL50.NS,EQUAL50,EQ,309.14,312.57,-1.097354192660846,19721,60.59,68.99,,02-Oct-2026
EQUAL50ADD,EQUAL50ADD.NS,EQUAL50ADD,EQ,320.32,323.42,-0.9585059674726433,41876,133.82,81.2,,02-Oct-2026
EQUIPPP,EQUIPPP.NS,Equippp Social Impact Technologies Limited,BE,22.83,22.65,0.7947019867549656,2241,0.5,0.0,19-MAY-2021,02-Oct-2026
EQUITASBNK,EQUITASBNK.NS,Equitas Small Finance Bank Limited,EQ,68.41,68.93,-0.7543885100827074,1588015,1080.07,54.06,02-NOV-2020,02-Oct-2026
ERIS,ERIS.NS,Eris Lifesciences Limited,EQ,1189.8,1191.9,-0.17618927762397318,88725,1051.32,47.38,29-JUN-2017,02-Oct-2026
ESABINDIA,ESABINDIA.NS,Esab India Limited,EQ,5500.5,5530.0,-0.5334538878842676,3747,207.26,56.2,01-NOV-1995,02-Oct-2026
ESAFSFB,ESAFSFB.NS,ESAF Small Finance Bank Limited,BE,43.4,44.52,-2.5157232704402617,438635,190.26,0.0,10-NOV-2023,02-Oct-2026
ESCONET,ESCONET.NS,ESCONET,ST,246.8,235.05,4.998936396511381,76800,188.67,94.79,,02-Oct-2026
ESCORTS,ESCORTS.NS,Escorts Kubota Limited,EQ,2667.3,2715.2,-1.764142604596333,338525,8866.76,26.99,01-MAR-1995,02-Oct-2026
ESDS,ESDS.NS,ESDS Software Solution Limited,EQ,1434.1,1509.5,-4.995031467373309,23844,341.95,100.0,04-SEP-2026,02-Oct-2026
ESENSEX,ESENSEX.NS,ESENSEX,EQ,72.6,73.25,-0.8873720136518848,815,0.59,98.4,,02-Oct-2026
ESFL,ESFL.NS,ESFL,SM,113.55,113.1,0.3978779840848832,12600,14.23,82.86,,02-Oct-2026
ESG,ESG.NS,ESG,EQ,38.47,38.83,-0.9271182075714639,13784,5.3,71.79,,02-Oct-2026
ESILVER,ESILVER.NS,ESILVER,EQ,218.28,219.2,-0.4197080291970746,492444,1075.06,93.54,,02-Oct-2026
ESPRIT,ESPRIT.NS,ESPRIT,SM,62.35,65.25,-4.444444444444443,11200,7.05,57.14,,02-Oct-2026
ESSARSHPNG,ESSARSHPNG.NS,Essar Shipping Limited,EQ,17.18,18.89,-9.052408681842248,1584604,285.13,48.3,15-NOV-2011,02-Oct-2026
ESSENTIA,ESSENTIA.NS,Integra Essentia Limited,EQ,1.0,1.0,0.0,1171955,11.78,67.47,20-AUG-2013,02-Oct-2026
ESTER,ESTER.NS,Ester Industries Limited,EQ,95.52,101.22,-5.6312981624184975,807322,804.41,41.81,20-JUN-2011,02-Oct-2026
ETERNAL,ETERNAL.NS,ETERNAL LIMITED,EQ,313.9,320.0,-1.9062500000000073,29716584,93283.12,51.58,23-JUL-2021,02-Oct-2026
ETHOSLTD,ETHOSLTD.NS,Ethos Limited,EQ,2531.9,2537.2,-0.2088916916285562,46240,1164.26,54.34,30-MAY-2022,02-Oct-2026
ETL,ETL.NS,ETL,SM,1177.5,1225.0,-3.877551020408163,300,3.53,100.0,,02-Oct-2026
ETML,ETML.NS,ETML,SM,73.05,73.75,-0.9491525423728852,4800,3.53,100.0,,02-Oct-2026
EUREKAFORB,EUREKAFORB.NS,Eureka Forbes Limited,EQ,352.5,361.0,-2.3545706371191137,266094,956.06,50.76,11-SEP-2024,02-Oct-2026
EUROBOND,EUROBOND.NS,Euro Panel Products Limited,EQ,148.29,146.25,1.3948717948717893,2259,3.3,81.72,01-AUG-2025,02-Oct-2026
EUROPRATIK,EUROPRATIK.NS,Euro Pratik Sales Limited,EQ,190.42,192.3,-0.977639105564235,195340,370.16,45.31,23-SEP-2025,02-Oct-2026
EUROTEXIND,EUROTEXIND.NS,Eurotex Industries and Exports Limited,EQ,15.73,14.3,9.999999999999998,30574,4.8,73.56,31-JAN-1996,02-Oct-2026
EVEREADY,EVEREADY.NS,Eveready Industries India Limited,EQ,315.85,323.2,-2.2741336633663263,60239,190.66,46.19,27-APR-2005,02-Oct-2026
EVERESTIND,EVERESTIND.NS,Everest Industries Limited,BE,475.3,455.6,4.323968393327478,28053,131.76,0.0,29-MAR-1995,02-Oct-2026
EVIETF,EVIETF.NS,EVIETF,EQ,30.04,30.8,-2.4675324675324726,173832,52.23,68.34,,02-Oct-2026
EVINDIA,EVINDIA.NS,EVINDIA,EQ,30.0,30.76,-2.4707412223667147,383506,115.15,69.99,,02-Oct-2026
EXCELINDUS,EXCELINDUS.NS,Excel Industries Limited,EQ,921.8,945.2,-2.4756665256030566,15400,141.94,46.81,16-JUN-2004,02-Oct-2026
EXCELSOFT,EXCELSOFT.NS,Excelsoft Technologies Limited,EQ,78.33,81.17,-3.498829616853522,514243,405.69,48.19,26-NOV-2025,02-Oct-2026
EXICOM,EXICOM.NS,Exicom Tele-Systems Limited,EQ,151.1,152.11,-0.6639931628426923,840406,1277.43,36.59,05-MAR-2024,02-Oct-2026
EXIDEIND,EXIDEIND.NS,Exide Industries Limited,EQ,409.45,412.6,-0.7634512845370901,2369486,9731.77,48.44,17-JUN-2003,02-Oct-2026
EXPLEOSOL,EXPLEOSOL.NS,Expleo Solutions Limited,EQ,848.75,857.85,-1.0607915136678934,16041,135.76,46.1,26-OCT-2009,02-Oct-2026
EXXARO,EXXARO.NS,Exxaro Tiles Limited,EQ,6.04,6.07,-0.49423393739703864,200554,12.12,75.72,16-AUG-2021,02-Oct-2026
FABTECH,FABTECH.NS,Fabtech Technologies Limited,EQ,142.01,145.04,-2.0890788747931612,89956,128.24,42.68,07-OCT-2025,02-Oct-2026
FACT,FACT.NS,Fertilizers and Chemicals Travancore Limited,EQ,734.95,757.95,-3.0345009565274754,95867,709.11,32.46,12-APR-1995,02-Oct-2026
FAIRCHEMOR,FAIRCHEMOR.NS,Fairchem Organics Limited,BE,661.5,680.75,-2.827763496143959,3845,25.34,0.0,24-DEC-2020,02-Oct-2026
FALCONTECH,FALCONTECH.NS,FALCONTECH,SM,12.9,12.95,-0.3861003861003779,13200,1.64,90.91,,02-Oct-2026
FASCINATE,FASCINATE.NS,FASCINATE,SM,73.95,70.45,4.968062455642299,303200,223.22,90.5,,02-Oct-2026
FAZE3Q,FAZE3Q.NS,Faze Three Limited,EQ,433.05,442.15,-2.0581250706773644,23619,101.69,53.63,18-NOV-2022,02-Oct-2026
FCL,FCL.NS,Fineotex Chemical Limited,EQ,55.72,57.45,-3.0113141862489186,33188098,18696.89,40.39,15-JAN-2015,02-Oct-2026
FCSSOFT,FCSSOFT.NS,FCS Software Solutions Limited,EQ,1.38,1.4,-1.42857142857143,1584700,22.09,50.88,21-SEP-2005,02-Oct-2026
FDC,FDC.NS,FDC Limited,EQ,335.9,339.4,-1.0312315851502651,107854,362.77,38.55,07-AUG-1997,02-Oct-2026
FEDDERSHOL,FEDDERSHOL.NS,Fedders Holding Limited,EQ,63.63,61.51,3.446594049748016,61090409,39922.96,3.23,20-APR-2026,02-Oct-2026
FEDERALBNK,FEDERALBNK.NS,The Federal Bank  Limited,EQ,318.2,317.4,0.2520478890989324,11278668,35934.59,57.44,08-FEB-1995,02-Oct-2026
FEDFINA,FEDFINA.NS,Fedbank Financial Services Limited,EQ,149.77,150.96,-0.7882882882882867,1579564,2358.87,45.29,30-NOV-2023,02-Oct-2026
FEL,FEL.NS,Future Enterprises Limited,BZ,0.39,0.38,2.6315789473684235,80094,0.31,0.0,05-NOV-2001,02-Oct-2026
FELDVR,FELDVR.NS,Future Enterprises Limited,BZ,2.03,2.02,0.4950495049504845,15925,0.31,0.0,13-FEB-2009,02-Oct-2026
FELIX,FELIX.NS,FELIX,SM,193.0,202.0,-4.455445544554455,44500,85.56,55.06,,02-Oct-2026
FERMENTA,FERMENTA.NS,Fermenta Biotech Limited,EQ,553.25,549.7,0.6458068037111069,433950,2408.81,24.0,04-AUG-2026,02-Oct-2026
FIBERWEB,FIBERWEB.NS,Fiberweb (India) Limited,EQ,26.55,27.41,-3.13754104341481,12052,3.24,75.22,16-FEB-2022,02-Oct-2026
FIDEL,FIDEL.NS,FIDEL,SM,178.9,176.15,1.5611694578484245,36000,63.94,61.11,,02-Oct-2026
FIEMIND,FIEMIND.NS,Fiem Industries Limited,EQ,1794.8,1877.6,-4.409884959522794,115474,2099.02,54.82,19-OCT-2006,02-Oct-2026
FILATEX,FILATEX.NS,Filatex India Limited,EQ,106.1,107.76,-1.5404602821083988,3522416,3680.66,45.79,29-AUG-2011,02-Oct-2026
FILATFASH,FILATFASH.NS,Filatex Fashions Limited,EQ,0.18,0.18,0.0,16018624,29.14,79.34,06-MAY-2024,02-Oct-2026
FINBUD,FINBUD.NS,FINBUD,SM,126.3,111.25,13.528089887640446,27000,32.21,70.37,,02-Oct-2026
FINCABLES,FINCABLES.NS,Finolex Cables Limited,EQ,1458.8,1450.3,0.5860856374543197,598654,8708.4,40.21,15-FEB-1995,02-Oct-2026
FINEORG,FINEORG.NS,Fine Organic Industries Limited,EQ,5131.0,5124.5,0.12684164308713045,18279,937.13,57.77,02-JUL-2018,02-Oct-2026
FINIETF,FINIETF.NS,FINIETF,EQ,30.4,30.25,0.49586776859503656,480477,143.45,76.06,,02-Oct-2026
FINKURVE,FINKURVE.NS,Finkurve Financial Services Limited,EQ,70.53,67.92,3.842756183745582,86037,60.17,44.91,01-OCT-2025,02-Oct-2026
FINOPB,FINOPB.NS,Fino Payments Bank Limited,EQ,128.22,127.21,0.793962738778402,146312,184.96,49.79,12-NOV-2021,02-Oct-2026
FINPIPE,FINPIPE.NS,Finolex Industries Limited,EQ,150.49,151.48,-0.6535516239767499,397198,595.39,52.11,08-FEB-1995,02-Oct-2026
FIRSTCRY,FIRSTCRY.NS,Brainbees Solutions Limited,EQ,174.75,179.94,-2.8842947649216395,2150458,3792.63,23.56,13-AUG-2024,02-Oct-2026
FISCHER,FISCHER.NS,Fischer Medical Ventures Limited,EQ,33.46,33.55,-0.26825633383009334,220491,73.4,55.99,10-JUL-2025,02-Oct-2026
FIVESTAR,FIVESTAR.NS,Five-Star Business Finance Limited,EQ,506.25,516.85,-2.05088516977847,547397,2765.75,41.72,21-NOV-2022,02-Oct-2026
FLAIR,FLAIR.NS,Flair Writing Industries Limited,EQ,226.57,229.32,-1.1991976277690564,126030,282.77,56.87,01-DEC-2023,02-Oct-2026
FLEXIADD,FLEXIADD.NS,FLEXIADD,EQ,9.37,9.44,-0.7415254237288166,201216,18.76,69.35,,02-Oct-2026
FLEXITUFF,FLEXITUFF.NS,Flexituff Ventures International Limited,BE,3.02,2.97,1.6835016835016776,11680,0.35,0.0,19-OCT-2011,02-Oct-2026
FLFL,FLFL.NS,Future Lifestyle Fashions Limited,BZ,1.11,1.09,1.8348623853211024,25576,0.28,0.0,01-OCT-2013,02-Oct-2026
FLUOROCHEM,FLUOROCHEM.NS,Gujarat Fluorochemicals Limited,EQ,4341.5,4405.3,-1.4482555104079218,156006,6724.66,53.59,16-OCT-2019,02-Oct-2026
FLYSBS,FLYSBS.NS,FLYSBS,SM,605.95,625.3,-3.094514632976157,94000,573.99,62.98,,02-Oct-2026
FMCGADD,FMCGADD.NS,FMCGADD,EQ,44.29,44.79,-1.1163206072784104,26296,11.6,55.84,,02-Oct-2026
FMCGIETF,FMCGIETF.NS,FMCGIETF,EQ,47.05,47.92,-1.8155258764607773,4085325,1926.24,78.26,,02-Oct-2026
FMGOETZE,FMGOETZE.NS,Federal-Mogul Goetze (India) Limited.,EQ,444.25,445.65,-0.3141478738920627,212350,940.33,37.19,08-FEB-1995,02-Oct-2026
FMNL,FMNL.NS,Future Market Networks Limited,EQ,8.08,8.35,-3.233532934131732,51611,4.35,60.61,31-DEC-2010,02-Oct-2026
FOCUS,FOCUS.NS,Focus Lighting and Fixtures Limited,BE,54.3,56.52,-3.9278131634819635,84536,46.03,0.0,24-NOV-2021,02-Oct-2026
FONEBOX,FONEBOX.NS,FONEBOX,ST,137.2,144.4,-4.986149584487546,4000,5.49,100.0,,02-Oct-2026
FOODSIN,FOODSIN.NS,Foods & Inns Limited,EQ,49.39,50.92,-3.004713275726632,98285,48.7,64.87,16-NOV-2021,02-Oct-2026
FORCAS,FORCAS.NS,FORCAS,ST,240.0,244.0,-1.639344262295082,28800,68.88,88.89,,02-Oct-2026
FORCEMOT,FORCEMOT.NS,FORCE MOTORS LTD,EQ,16800.0,17054.0,-1.4893866541573824,117482,19836.94,29.95,14-FEB-2024,02-Oct-2026
FORGEAUTO,FORGEAUTO.NS,FORGEAUTO,SM,99.05,101.0,-1.9306930693069335,1200,1.19,100.0,,02-Oct-2026
FORTIS,FORTIS.NS,Fortis Healthcare Limited,EQ,785.0,770.0,1.948051948051948,6942851,53338.55,53.22,09-MAY-2007,02-Oct-2026
FOSECOIND,FOSECOIND.NS,Foseco India Limited,EQ,6382.5,6462.5,-1.2379110251450676,14715,946.11,37.5,05-MAY-2003,02-Oct-2026
FRACTAL,FRACTAL.NS,Fractal Analytics Limited,EQ,727.35,740.2,-1.7360172926236181,277503,2009.68,49.39,16-FEB-2026,02-Oct-2026
FREDUN,FREDUN.NS,Fredun Pharmaceuticals Limited,EQ,1355.2,1404.5,-3.510145959416159,38880,532.22,42.96,17-AUG-2026,02-Oct-2026
FRESHARA,FRESHARA.NS,FRESHARA,ST,403.05,423.4,-4.806329711856392,18600,75.61,93.55,,02-Oct-2026
FROG,FROG.NS,FROG,SM,253.35,263.45,-3.8337445435566506,30000,75.92,65.33,,02-Oct-2026
FRONTSP,FRONTSP.NS,Frontier Springs Limited,EQ,1415.6,1460.2,-3.054376112861261,31935,451.36,44.52,20-APR-2026,02-Oct-2026
FSL,FSL.NS,Firstsource Solutions Limited,EQ,250.4,255.8,-2.111024237685694,646270,1621.69,30.98,22-FEB-2007,02-Oct-2026
FUSION,FUSION.NS,Fusion Finance Limited,EQ,171.36,175.08,-2.1247429746401636,510574,881.78,59.2,15-NOV-2022,02-Oct-2026
FWSTC,FWSTC.NS,FWSTC,SM,197.65,226.7,-12.81429201588001,29400,60.39,40.82,,02-Oct-2026
GABRIEL,GABRIEL.NS,Gabriel India Limited,EQ,1315.0,1341.8,-1.9973170368162139,361027,4790.63,35.22,20-APR-2005,02-Oct-2026
GAEL,GAEL.NS,Gujarat Ambuja Exports Limited,EQ,157.69,160.21,-1.5729355221272143,503840,788.57,50.84,11-OCT-2000,02-Oct-2026
GAIL,GAIL.NS,GAIL (India) Limited,EQ,171.22,170.55,0.3928466725300425,6882008,11719.09,58.38,02-APR-1997,02-Oct-2026
GAJA,GAJA.NS,Gaja Alternative Asset Management Limited,EQ,135.27,140.05,-3.413066761870761,527018,718.55,45.96,26-AUG-2026,02-Oct-2026
GALAPREC,GALAPREC.NS,Gala Precision Engineering Limited,EQ,1157.8,1197.2,-3.2910123621784235,62711,723.0,39.36,09-SEP-2024,02-Oct-2026
GALAXYSURF,GALAXYSURF.NS,Galaxy Surfactants Limited,EQ,2376.9,2332.8,1.890432098765428,216645,5246.32,20.95,08-FEB-2018,02-Oct-2026
GALLANTT,GALLANTT.NS,Gallantt Ispat Limited,EQ,530.15,537.5,-1.3674418604651204,48279,255.63,52.22,04-APR-2006,02-Oct-2026
GANDHAR,GANDHAR.NS,Gandhar Oil Refinery (India) Limited,EQ,282.6,278.85,1.3448090371167292,872149,2427.92,48.14,30-NOV-2023,02-Oct-2026
GANDHITUBE,GANDHITUBE.NS,Gandhi Special Tubes Limited,EQ,975.55,951.55,2.522200620040986,31132,302.51,48.15,31-JAN-2007,02-Oct-2026
GANECOS,GANECOS.NS,Ganesha Ecosphere Limited,EQ,976.2,1000.6,-2.4385368778732737,51318,503.12,46.57,09-MAR-2015,02-Oct-2026
GANESHBE,GANESHBE.NS,Ganesh Benzoplast Limited,BE,124.4,130.94,-4.9946540400183235,66281,82.45,0.0,16-SEP-2021,02-Oct-2026
GANESHCP,GANESHCP.NS,Ganesh Consumer Products Limited,EQ,148.85,151.41,-1.6907733967373373,149872,223.03,60.26,29-SEP-2025,02-Oct-2026
GANESHHOU,GANESHHOU.NS,GANESH HOUSING LIMITED,EQ,699.1,719.0,-2.767732962447841,137892,964.91,90.65,02-MAR-2007,02-Oct-2026
GANESHIN,GANESHIN.NS,GANESHIN,SM,86.65,87.9,-1.422070534698521,96800,83.46,71.07,,02-Oct-2026
GANGABATH,GANGABATH.NS,GANGABATH,SM,21.95,22.65,-3.090507726269313,66000,14.91,54.55,,02-Oct-2026
GANGAFORGE,GANGAFORGE.NS,Ganga Forging Limited,EQ,1.48,1.54,-3.8961038961038996,2856361,42.71,69.16,06-JUL-2021,02-Oct-2026
GANGESSECU,GANGESSECU.NS,Ganges Securities Limited,EQ,113.99,112.4,1.4145907473309511,1092,1.23,79.76,28-JUL-2017,02-Oct-2026
GARFIBRES,GARFIBRES.NS,Garware Technical Fibres Limited,EQ,768.4,770.85,-0.3178309658169612,27452,209.99,43.48,03-APR-2007,02-Oct-2026
GARUDA,GARUDA.NS,Garuda Construction and Engineering Limited,EQ,172.18,174.67,-1.425545314020714,334071,573.23,43.84,15-OCT-2024,02-Oct-2026
GATECH,GATECH.NS,GACM Technologies Limited,BE,0.65,0.68,-4.411764705882357,18389106,120.22,0.0,25-JUL-2016,02-Oct-2026
GATECHDVR,GATECHDVR.NS,GACM Technologies Limited,BE,0.46,0.47,-2.1276595744680753,272466,1.28,0.0,10-OCT-2017,02-Oct-2026
GATEWAY,GATEWAY.NS,Gateway Distriparks Limited,EQ,51.88,52.04,-0.30745580322827937,749453,387.85,52.47,22-MAR-2022,02-Oct-2026
GAUDIUMIVF,GAUDIUMIVF.NS,Gaudium IVF and Women Health Limited,EQ,109.48,111.15,-1.502474134053083,248603,269.12,51.1,27-FEB-2026,02-Oct-2026
GAYAHWS,GAYAHWS.NS,Gayatri Highways Limited,EQ,1.72,1.76,-2.2727272727272747,163710,2.87,81.01,28-JUN-2018,02-Oct-2026
GAYAPROJ,GAYAPROJ.NS,Gayatri Projects Limited,EQ,22.44,22.68,-1.0582010582010515,442009,99.83,57.53,22-AUG-2011,02-Oct-2026
GCHOTELS,GCHOTELS.NS,GCHOTELS,SM,113.95,119.6,-4.724080267558522,23400,27.26,69.23,,02-Oct-2026
GCSL,GCSL.NS,Gretex Corporate Services Limited,EQ,679.9,675.85,0.5992453946881637,321775,2180.43,23.32,04-SEP-2025,02-Oct-2026
GEECEE,GEECEE.NS,GeeCee Ventures Limited,BE,373.3,374.2,-0.24051309460181117,1983,7.31,0.0,04-OCT-2006,02-Oct-2026
GEEKAYWIRE,GEEKAYWIRE.NS,Geekay Wires Limited,EQ,29.21,31.19,-6.348188521962168,204669,62.18,50.31,06-MAR-2020,02-Oct-2026
GEMAROMA,GEMAROMA.NS,Gem Aromatics Limited,EQ,155.28,161.0,-3.5527950310558998,49391,76.76,53.09,26-AUG-2025,02-Oct-2026
GENCON,GENCON.NS,Generic Engineering Construction and Projects Limited,EQ,40.75,39.54,3.0601922104198302,791007,313.2,38.17,16-FEB-2021,02-Oct-2026
GENESYS,GENESYS.NS,Genesys International Corporation Limited,EQ,281.35,273.43,2.896536590717923,606039,1695.54,36.14,23-JAN-2003,02-Oct-2026
GENSOL,GENSOL.NS,Gensol Engineering Limited,BZ,13.68,14.39,-4.933981931897156,202537,27.81,0.0,03-JUL-2023,02-Oct-2026
GENUSPAPER,GENUSPAPER.NS,Genus Paper & Boards Limited,EQ,10.53,10.64,-1.0338345864661767,43515,4.58,85.76,16-FEB-2015,02-Oct-2026
GENUSPOWER,GENUSPOWER.NS,Genus Power Infrastructures Limited,EQ,280.0,288.65,-2.9967088169062803,2287333,6419.49,45.1,08-JUL-2005,02-Oct-2026
GENXAI,GENXAI.NS,GENXAI,SM,85.9,90.75,-5.344352617079884,344400,317.09,61.67,,02-Oct-2026
GEOJITFSL,GEOJITFSL.NS,Geojit Financial Services Limited,EQ,75.7,76.59,-1.1620315968142063,221521,168.01,61.35,01-JUL-2005,02-Oct-2026
GESHIP,GESHIP.NS,The Great Eastern Shipping Company Limited,EQ,1530.6,1560.0,-1.8846153846153906,574389,8808.44,48.0,27-NOV-2006,02-Oct-2026
GFLLIMITED,GFLLIMITED.NS,GFL Limited,EQ,55.23,54.94,0.5278485620677087,77608,42.62,47.9,25-MAY-1995,02-Oct-2026
GFSTEELS,GFSTEELS.NS,Grand Foundry Limited,BE,38.29,37.55,1.9707057256990734,381853,144.78,0.0,22-JUL-2019,02-Oct-2026
GGBL,GGBL.NS,GGBL,SM,217.45,222.7,-2.3574315222272118,24000,53.26,67.5,,02-Oct-2026
GHCL,GHCL.NS,GHCL Limited,EQ,401.75,405.5,-0.9247842170160296,126656,506.85,57.4,31-JUL-2003,02-Oct-2026
GHCLTEXTIL,GHCLTEXTIL.NS,GHCL Textiles Limited,EQ,129.22,128.9,0.2482544608223376,462761,595.31,51.57,12-JUN-2023,02-Oct-2026
GICHSGFIN,GICHSGFIN.NS,GIC Housing Finance Limited,EQ,132.88,133.87,-0.7395234182415844,77191,102.4,58.12,08-MAY-1996,02-Oct-2026
GICL,GICL.NS,Globe International Carriers Limited,BE,22.27,22.83,-2.452912833990358,86500,19.11,0.0,18-FEB-2026,02-Oct-2026
GICRE,GICRE.NS,General Insurance Corporation of India,EQ,323.9,331.15,-2.189340178166994,720831,2324.56,49.0,25-OCT-2017,02-Oct-2026
GILLANDERS,GILLANDERS.NS,Gillanders Arbuthnot & Company Limited,EQ,112.72,114.8,-1.8118466898954688,29602,33.1,36.64,14-DEC-2009,02-Oct-2026
GILLETTE,GILLETTE.NS,Gillette India Limited,EQ,6899.0,7000.0,-1.4428571428571428,21964,1518.44,59.42,30-JUL-2003,02-Oct-2026
GILT10BETA,GILT10BETA.NS,GILT10BETA,EQ,25.99,26.36,-1.4036418816388505,135,0.04,70.37,,02-Oct-2026
GILT5BETA,GILT5BETA.NS,GILT5BETA,EQ,66.51,65.82,1.0483135824977392,2527,1.68,63.63,,02-Oct-2026
GILT5YBEES,GILT5YBEES.NS,GILT5YBEES,EQ,65.73,65.79,-0.0911992704058402,347018,228.33,71.17,,02-Oct-2026
GINNIFILA,GINNIFILA.NS,Ginni Filaments Limited,BE,40.08,40.5,-1.0370370370370412,19199,7.71,0.0,10-MAY-1995,02-Oct-2026
GIPCL,GIPCL.NS,Gujarat Industries Power Company Limited,EQ,174.83,179.68,-2.6992430988423832,825175,1445.89,53.8,08-FEB-1995,02-Oct-2026
GIRIRAJ,GIRIRAJ.NS,GIRIRAJ,SM,62.8,59.85,4.928989139515448,5750,3.43,69.57,,02-Oct-2026
GJL,GJL.NS,GJL,ST,464.0,447.85,3.6061181199062133,5600,26.19,85.71,,02-Oct-2026
GKB,GKB.NS,GKB Ophthalmics Limited,EQ,64.36,64.33,0.04663454064977637,1567,1.02,68.03,17-AUG-2026,02-Oct-2026
GKENERGY,GKENERGY.NS,GK Energy Limited,EQ,114.76,119.88,-4.270937604270929,1100877,1268.03,44.85,26-SEP-2025,02-Oct-2026
GKSL,GKSL.NS,Gujarat Kidney And Super Speciality Limited,EQ,194.27,179.05,8.500418877408544,34935174,69435.26,4.65,30-DEC-2025,02-Oct-2026
GKWLIMITED,GKWLIMITED.NS,GKW Limited,EQ,1530.0,1550.0,-1.2903225806451613,5515,85.37,99.93,20-JUL-2009,02-Oct-2026
GLAND,GLAND.NS,Gland Pharma Limited,EQ,2874.4,2899.4,-0.8622473615230737,327673,9420.68,57.3,20-NOV-2020,02-Oct-2026
GLASSWALL,GLASSWALL.NS,Glass Wall Systems (India) Limited,EQ,270.4,282.0,-4.113475177304973,6135652,16633.23,19.65,16-SEP-2026,02-Oct-2026
GLAXO,GLAXO.NS,GlaxoSmithKline Pharmaceuticals Limited,EQ,2771.1,2769.3,0.06499837504061412,73407,2029.19,56.24,15-DEC-2000,02-Oct-2026
GLENMARK,GLENMARK.NS,Glenmark Pharmaceuticals Limited,EQ,2331.0,2334.7,-0.1584786053882648,972522,22609.57,67.37,07-FEB-2000,02-Oct-2026
GLFL,GLFL.NS,Gujarat Lease Financing Limited,EQ,5.49,5.39,1.855287569573294,3962,0.21,81.98,08-FEB-1995,02-Oct-2026
GLOBAL,GLOBAL.NS,Global Education Limited,EQ,136.51,132.8,2.793674698795165,605881,808.26,76.91,07-DEC-2020,02-Oct-2026
GLOBALE,GLOBALE.NS,Globale Tessile Limited,EQ,10.57,10.31,2.521823472356933,1715,0.17,72.42,27-AUG-2024,02-Oct-2026
GLOBALPET,GLOBALPET.NS,GLOBALPET,SM,178.45,174.2,2.439724454649828,16500,28.9,95.45,,02-Oct-2026
GLOBALVECT,GLOBALVECT.NS,Global Vectra Helicorp Limited,EQ,131.04,127.58,2.7120238281862314,4078,5.28,73.12,27-OCT-2006,02-Oct-2026
GLOBE,GLOBE.NS,GLOBE ENTERPRISES (INDIA) LIMITED,EQ,2.11,2.14,-1.4018691588785164,460701,9.63,66.39,07-OCT-2020,02-Oct-2026
GLOBECIVIL,GLOBECIVIL.NS,Globe Civil Projects Limited,EQ,41.49,41.53,-0.09631591620515086,9555,3.96,78.14,01-JUL-2025,02-Oct-2026
GLOBUSSPR,GLOBUSSPR.NS,Globus Spirits Limited,EQ,786.9,786.45,0.0572191493419711,55391,435.2,47.36,23-SEP-2009,02-Oct-2026
GLOSTERLTD,GLOSTERLTD.NS,Gloster Limited,EQ,539.0,546.1,-1.3001281816517163,581,3.16,79.69,26-APR-2024,02-Oct-2026
GLOTTIS,GLOTTIS.NS,Glottis Limited,EQ,58.41,62.88,-7.1087786259542085,80507,47.82,59.53,07-OCT-2025,02-Oct-2026
GMBREW,GMBREW.NS,GM Breweries Limited,EQ,952.0,966.95,-1.546098557319411,55565,529.55,53.96,23-AUG-1995,02-Oct-2026
GMDCLTD,GMDCLTD.NS,Gujarat Mineral Development Corporation Limited,EQ,487.65,507.7,-3.9491825881426066,1342310,6584.46,36.65,17-DEC-1997,02-Oct-2026
GML,GML.NS,GML,SM,17.0,17.65,-3.682719546742202,10000,1.72,80.0,,02-Oct-2026
GMMPFAUDLR,GMMPFAUDLR.NS,GMM Pfaudler Limited,EQ,1443.4,1466.7,-1.5886002590850177,328964,4713.33,55.16,05-MAR-2018,02-Oct-2026
GMRAIRPORT,GMRAIRPORT.NS,GMR AIRPORTS LIMITED,EQ,93.16,95.15,-2.0914345769837195,15683898,14653.71,54.56,21-AUG-2006,02-Oct-2026
GMRP&UI,GMRP&UI.NS,GMR Power and Urban Infra Limited,EQ,101.87,105.38,-3.330802808882132,1700842,1756.5,38.23,23-MAR-2022,02-Oct-2026
GNA,GNA.NS,GNA Axles Limited,EQ,580.7,598.35,-2.9497785577003386,351960,2051.41,43.0,26-SEP-2016,02-Oct-2026
GNFC,GNFC.NS,Gujarat Narmada Valley Fertilizers and Chemicals Limited,EQ,589.15,604.4,-2.5231634679020516,629192,3704.02,50.62,17-MAY-1995,02-Oct-2026
GNRL,GNRL.NS,Gujarat Natural Resources Limited,EQ,97.18,98.26,-1.0991247710156709,663394,644.47,90.26,20-APR-2026,02-Oct-2026
GOACARBON,GOACARBON.NS,Goa Carbon Limited,EQ,402.9,404.95,-0.5062353376960147,18528,74.67,53.04,05-JUN-2007,02-Oct-2026
GOCLCORP,GOCLCORP.NS,GOCL Corporation Limited,EQ,351.65,362.45,-2.979721340874607,126291,443.9,45.56,26-JUN-2014,02-Oct-2026
GOCOLORS,GOCOLORS.NS,Go Fashion (India) Limited,EQ,294.95,300.75,-1.9285120532003364,121488,359.33,56.15,30-NOV-2021,02-Oct-2026
GODAVARIB,GODAVARIB.NS,Godavari Biorefineries Limited,EQ,227.18,232.01,-2.0818068186716023,76451,174.68,62.54,30-OCT-2024,02-Oct-2026
GODFRYPHLP,GODFRYPHLP.NS,Godfrey Phillips India Limited,EQ,1849.7,1891.8,-2.2253938048419446,256983,4797.87,34.89,24-JUL-1996,02-Oct-2026
GODIGIT,GODIGIT.NS,Go Digit General Insurance Limited,EQ,256.3,260.05,-1.4420303787733129,305077,783.07,47.67,23-MAY-2024,02-Oct-2026
GODREJAGRO,GODREJAGRO.NS,Godrej Agrovet Limited,EQ,631.9,623.55,1.3391067276080544,137009,855.04,60.99,16-OCT-2017,02-Oct-2026
GODREJCP,GODREJCP.NS,Godrej Consumer Products Limited,EQ,840.0,850.0,-1.1764705882352942,838419,7071.05,53.84,20-JUN-2001,02-Oct-2026
GODREJIND,GODREJIND.NS,Godrej Industries Limited,EQ,1019.6,1039.4,-1.9049451606696233,105287,1065.09,30.51,25-FEB-2003,02-Oct-2026
GODREJPROP,GODREJPROP.NS,Godrej Properties Limited,EQ,1595.8,1628.5,-2.0079828062634353,496337,7919.2,42.91,05-JAN-2010,02-Oct-2026
GOKEX,GOKEX.NS,Gokaldas Exports Limited,EQ,688.75,687.8,0.1381215469613326,207663,1428.43,41.99,27-APR-2005,02-Oct-2026
GOKUL,GOKUL.NS,Gokul Refoils and Solvent Limited,EQ,38.66,39.42,-1.9279553526128996,210753,82.34,14.95,04-JUN-2008,02-Oct-2026
GOKULAGRO,GOKULAGRO.NS,Gokul Agro Resources Limited,EQ,210.1,212.98,-1.3522396469152014,232856,489.96,50.1,11-MAR-2016,02-Oct-2026
GOLD1,GOLD1.NS,GOLD1,EQ,122.74,122.88,-0.11393229166666713,2061147,2529.21,59.28,,02-Oct-2026
GOLD360,GOLD360.NS,GOLD360,EQ,143.35,143.6,-0.17409470752089137,5094,7.3,53.71,,02-Oct-2026
GOLDADD,GOLDADD.NS,GOLDADD,EQ,14.28,14.28,0.0,4307436,614.81,79.35,,02-Oct-2026
GOLDAXIS,GOLDAXIS.NS,GOLDAXIS,EQ,122.36,122.48,-0.09797517962116635,1110357,1359.76,65.94,,02-Oct-2026
GOLDBEES,GOLDBEES.NS,GOLDBEES,EQ,121.43,121.59,-0.13158976889546556,17170693,20854.28,44.43,,02-Oct-2026
GOLDBETA,GOLDBETA.NS,GOLDBETA,EQ,123.7,123.85,-0.1211142511102071,863561,1068.45,83.56,,02-Oct-2026
GOLDBND,GOLDBND.NS,GOLDBND,EQ,146.75,147.19,-0.2989333514505046,27441,40.29,92.12,,02-Oct-2026
GOLDCASE,GOLDCASE.NS,GOLDCASE,EQ,23.18,23.16,0.08635578583764929,10240971,2369.99,63.65,,02-Oct-2026
GOLDENTOBC,GOLDENTOBC.NS,Golden Tobacco Limited,BZ,23.69,23.46,0.9803921568627468,476,0.11,0.0,08-FEB-1995,02-Oct-2026
GOLDETF,GOLDETF.NS,GOLDETF,EQ,143.08,143.02,0.041952174521047596,1134303,1622.22,66.04,,02-Oct-2026
GOLDIAM,GOLDIAM.NS,Goldiam International Limited,EQ,310.8,313.45,-0.8454298931248931,423092,1311.03,35.61,29-AUG-2005,02-Oct-2026
GOLDIETF,GOLDIETF.NS,GOLDIETF,EQ,125.79,126.07,-0.22209883398111124,5826082,7333.85,65.28,,02-Oct-2026
GOLDSTAR,GOLDSTAR.NS,GOLDSTAR,SM,12.85,12.25,4.897959183673466,101250,13.01,100.0,,02-Oct-2026
GOLDTECH,GOLDTECH.NS,AION-TECH SOLUTIONS LIMITED,BE,43.79,44.68,-1.9919427036705475,1646,0.72,0.0,11-APR-2001,02-Oct-2026
GOODLUCK,GOODLUCK.NS,Goodluck India Limited,EQ,499.35,508.05,-1.7124298789489198,720407,3542.29,47.09,08-JAN-2015,02-Oct-2026
GOODYEAR,GOODYEAR.NS,Goodyear India Limited,EQ,694.3,703.15,-1.258621915665224,5259,36.65,78.67,20-APR-2026,02-Oct-2026
GOPAL,GOPAL.NS,Gopal Snacks Limited,EQ,254.75,250.95,1.5142458657103055,592656,1551.07,22.31,14-MAR-2024,02-Oct-2026
GOYALALUM,GOYALALUM.NS,Goyal Aluminiums Limited,EQ,5.91,5.86,0.8532423208191096,30687,1.81,78.92,04-NOV-2022,02-Oct-2026
GPECO,GPECO.NS,GPECO,SM,412.0,393.6,4.6747967479674735,47800,195.36,78.66,,02-Oct-2026
GPIL,GPIL.NS,Godawari Power And Ispat limited,EQ,215.67,222.34,-2.9999100476747396,2042248,4397.47,47.52,25-APR-2006,02-Oct-2026
GPPL,GPPL.NS,Gujarat Pipavav Port Limited,EQ,165.88,166.75,-0.5217391304347854,1997403,3332.95,36.0,09-SEP-2010,02-Oct-2026
GPTHEALTH,GPTHEALTH.NS,GPT Healthcare Limited,EQ,151.47,150.74,0.4842775640175068,125173,187.89,54.43,29-FEB-2024,02-Oct-2026
GPTINFRA,GPTINFRA.NS,GPT Infraprojects Limited,EQ,118.66,118.34,0.2704073009971211,1103389,1314.98,23.75,11-JUL-2016,02-Oct-2026
GRADIENTE,GRADIENTE.NS,Gradiente Infotainment Limited,BE,2.36,2.25,4.888888888888884,1028057,24.26,0.0,08-MAY-2026,02-Oct-2026
GRANDOAK,GRANDOAK.NS,Grand Oak Canyons Distillery Limited,EQ,34.8,34.19,1.784147411523836,6337,2.24,48.16,20-APR-2026,02-Oct-2026
GRANULES,GRANULES.NS,Granules India Limited,EQ,821.75,846.55,-2.929537534699658,783432,6472.1,59.72,20-JUN-2005,02-Oct-2026
GRAPHISAD,GRAPHISAD.NS,GRAPHISAD,SM,24.6,25.2,-2.3809523809523725,7200,1.77,83.33,,02-Oct-2026
GRAPHITE,GRAPHITE.NS,Graphite India Limited,EQ,786.15,764.8,2.791579497907953,1585680,12263.56,33.37,07-FEB-2003,02-Oct-2026
GRASIM,GRASIM.NS,Grasim Industries Limited,EQ,2962.0,3061.9,-3.2626800352722194,1385746,41146.1,53.67,10-MAY-1995,02-Oct-2026
GRAUWEIL,GRAUWEIL.NS,Grauer & Weil India Limited,EQ,81.8,82.77,-1.1719221940316527,531298,429.79,52.03,20-APR-2026,02-Oct-2026
GRAVISSHO,GRAVISSHO.NS,Graviss Hospitality Limited,BE,32.0,31.6,1.265822784810122,209,0.07,0.0,20-APR-2026,02-Oct-2026
GRAVITA,GRAVITA.NS,Gravita India Limited,EQ,1412.6,1447.4,-2.404311178665205,291677,4112.05,53.88,16-NOV-2010,02-Oct-2026
GRCL,GRCL.NS,GRCL,SM,574.0,573.5,0.08718395815170009,750,4.31,100.0,,02-Oct-2026
GREAVESCOT,GREAVESCOT.NS,Greaves Cotton Limited,EQ,225.98,230.28,-1.8672919923571354,1763832,3972.03,48.33,09-SEP-2004,02-Oct-2026
GREENCHEF,GREENCHEF.NS,GREENCHEF,SM,69.95,71.2,-1.7556179775280896,8800,6.08,72.73,,02-Oct-2026
GREENLAM,GREENLAM.NS,Greenlam Industries Limited,EQ,213.62,212.85,0.3617571059431573,114653,242.61,58.08,02-MAR-2015,02-Oct-2026
GREENLEAF,GREENLEAF.NS,GREENLEAF,SM,114.05,117.9,-3.2654792196777,4000,4.61,100.0,,02-Oct-2026
GREENPANEL,GREENPANEL.NS,Greenpanel Industries Limited,EQ,158.59,160.32,-1.0790918163672591,121066,191.08,55.11,23-OCT-2019,02-Oct-2026
GREENPLY,GREENPLY.NS,Greenply Industries Limited,EQ,303.7,299.95,1.2502083680613436,393933,1182.58,55.29,06-MAR-1996,02-Oct-2026
GREENPOWER,GREENPOWER.NS,Orient Green Power Company Limited,EQ,8.77,8.83,-0.6795016987542525,1489357,130.11,52.3,08-OCT-2010,02-Oct-2026
GRINDWELL,GRINDWELL.NS,Grindwell Norton Limited,EQ,1975.8,1994.1,-0.9177072363472221,27469,544.25,47.1,11-SEP-2006,02-Oct-2026
GRINFRA,GRINFRA.NS,G R Infraprojects Limited,EQ,790.2,800.6,-1.2990257307019706,20058,158.33,53.39,19-JUL-2021,02-Oct-2026
GRMOVER,GRMOVER.NS,GRM Overseas Limited,EQ,77.87,78.92,-1.3304612265585367,1052630,818.11,19.67,07-SEP-2022,02-Oct-2026
GROBTEA,GROBTEA.NS,The Grob Tea Company Limited,EQ,878.5,909.1,-3.365966340336599,61,0.54,88.52,14-JUL-2016,02-Oct-2026
GROWW,GROWW.NS,Billionbrains Garage Ventures Limited,EQ,180.11,183.91,-2.066228046326999,18076780,32677.14,52.11,12-NOV-2025,02-Oct-2026
GROWWCAPM,GROWWCAPM.NS,GROWWCAPM,EQ,10.67,10.76,-0.836431226765798,551537,58.82,68.37,,02-Oct-2026
GROWWCHEM,GROWWCHEM.NS,GROWWCHEM,EQ,28.36,28.37,-0.03524850193867311,35896,10.06,56.38,,02-Oct-2026
GROWWDEFNC,GROWWDEFNC.NS,GROWWDEFNC,EQ,91.65,92.51,-0.9296292292725103,304785,278.59,58.48,,02-Oct-2026
GROWWEV,GROWWEV.NS,GROWWEV,EQ,30.05,30.59,-1.7652827721477578,488919,146.81,61.3,,02-Oct-2026
GROWWGOLD,GROWWGOLD.NS,GROWWGOLD,EQ,14.32,14.33,-0.06978367062107318,1897190,272.23,51.27,,02-Oct-2026
GROWWHOSPI,GROWWHOSPI.NS,GROWWHOSPI,EQ,47.85,48.11,-0.5404281854084348,1459703,694.26,78.24,,02-Oct-2026
GROWWLIQID,GROWWLIQID.NS,GROWWLIQID,EQ,111.01,110.95,0.05407841369986685,321953,357.4,33.69,,02-Oct-2026
GROWWLOVOL,GROWWLOVOL.NS,GROWWLOVOL,EQ,9.82,9.86,-0.40567951318457557,18392,1.8,70.45,,02-Oct-2026
GROWWMC150,GROWWMC150.NS,GROWWMC150,EQ,217.92,227.14,-4.059170555604473,5062,11.02,86.8,,02-Oct-2026
GROWWMETAL,GROWWMETAL.NS,GROWWMETAL,EQ,11.95,12.24,-2.3692810457516416,654449,78.35,52.61,,02-Oct-2026
GROWWMOM50,GROWWMOM50.NS,GROWWMOM50,EQ,10.55,10.59,-0.37771482530688527,259703,27.31,72.84,,02-Oct-2026
GROWWN200,GROWWN200.NS,GROWWN200,EQ,10.64,10.68,-0.37453183520598454,47147,5.01,76.4,,02-Oct-2026
GROWWNET,GROWWNET.NS,GROWWNET,EQ,9.84,10.01,-1.6983016983016976,772074,75.76,62.81,,02-Oct-2026
GROWWNIFTY,GROWWNIFTY.NS,GROWWNIFTY,EQ,9.12,9.18,-0.6535947712418355,1529873,139.23,79.0,,02-Oct-2026
GROWWNXT50,GROWWNXT50.NS,GROWWNXT50,EQ,70.94,70.3,0.9103840682788059,13270,9.25,71.66,,02-Oct-2026
GROWWPOWER,GROWWPOWER.NS,GROWWPOWER,EQ,10.84,10.84,0.0,3023108,326.55,56.57,,02-Oct-2026
GROWWPSE,GROWWPSE.NS,GROWWPSE,EQ,93.62,94.02,-0.42544139544776804,5362,5.01,73.83,,02-Oct-2026
GROWWPSUBK,GROWWPSUBK.NS,GROWWPSUBK,EQ,80.03,82.17,-2.604356821224292,7655,6.14,88.45,,02-Oct-2026
GROWWRAIL,GROWWRAIL.NS,GROWWRAIL,EQ,26.1,26.55,-1.6949152542372854,926620,241.87,50.49,,02-Oct-2026
GROWWRLTY,GROWWRLTY.NS,GROWWRLTY,EQ,9.37,9.48,-1.1603375527426287,279065,26.08,41.14,,02-Oct-2026
GROWWSC250,GROWWSC250.NS,GROWWSC250,EQ,10.19,10.32,-1.2596899224806277,143221,14.59,64.3,,02-Oct-2026
GROWWSLVR,GROWWSLVR.NS,GROWWSLVR,EQ,21.39,21.49,-0.4653327128897063,860582,184.78,29.69,,02-Oct-2026
GRPLTD,GRPLTD.NS,GRP Limited,EQ,1895.0,1898.6,-0.1896133993468824,1678,31.44,62.16,12-FEB-2015,02-Oct-2026
GRSE,GRSE.NS,Garden Reach Shipbuilders & Engineers Limited,EQ,2111.1,2181.9,-3.2448783170631184,571755,12103.62,42.51,10-OCT-2018,02-Oct-2026
GRWRHITECH,GRWRHITECH.NS,Garware Hi-Tech Films Limited,EQ,6925.5,7015.5,-1.2828736369467608,29548,2045.84,40.01,03-FEB-2022,02-Oct-2026
GSEC10ABSL,GSEC10ABSL.NS,GSEC10ABSL,EQ,111.79,111.9,-0.09830205540661252,1,0.0,100.0,,02-Oct-2026
GSEC10IETF,GSEC10IETF.NS,GSEC10IETF,EQ,258.19,262.12,-1.4993132916221603,8759,22.89,99.43,,02-Oct-2026
GSEC10YEAR,GSEC10YEAR.NS,GSEC10YEAR,EQ,29.9,30.1,-0.6644518272425343,357,0.11,100.0,,02-Oct-2026
GSEC5IETF,GSEC5IETF.NS,GSEC5IETF,EQ,65.7,66.04,-0.5148394912174491,18480,12.2,60.01,,02-Oct-2026
GSFC,GSFC.NS,Gujarat State Fertilizers & Chemicals Limited,EQ,146.9,150.79,-2.5797466675508898,1070806,1579.29,52.26,06-SEP-1995,02-Oct-2026
GSLSU,GSLSU.NS,Global Surfaces Limited,EQ,29.96,31.0,-3.3548387096774164,35027,10.61,53.69,23-MAR-2023,02-Oct-2026
GSMFOILS,GSMFOILS.NS,GSMFOILS,SM,74.7,77.65,-3.7990985189954958,179500,134.55,64.35,,02-Oct-2026
GSPCROP,GSPCROP.NS,GSP Crop Science Limited,EQ,454.35,467.15,-2.7400192657604525,279531,1279.24,12.2,24-MAR-2026,02-Oct-2026
GSPLTRANS,GSPLTRANS.NS,GSPL Transmission Limited,BE,137.18,144.4,-4.999999999999999,38647,53.02,0.0,30-SEP-2026,02-Oct-2026
GSS,GSS.NS,GSS Infotech Limited,EQ,10.33,10.37,-0.38572806171648166,28600,2.95,76.6,07-MAR-2008,02-Oct-2026
GTECJAINX,GTECJAINX.NS,G-TEC JAINX EDUCATION LIMITED,EQ,35.88,32.62,9.993868792152071,8844,3.17,100.0,13-NOV-2020,02-Oct-2026
GTL,GTL.NS,GTL Limited,EQ,6.82,6.88,-0.8720930232558082,118621,8.15,70.11,29-MAR-1995,02-Oct-2026
GTLINFRA,GTLINFRA.NS,GTL Infrastructure Limited,EQ,1.07,1.08,-0.9259259259259267,46020282,491.62,38.04,09-NOV-2006,02-Oct-2026
GTPL,GTPL.NS,GTPL Hathway Limited,EQ,55.39,54.86,0.9660955158585511,45190,25.39,66.94,04-JUL-2017,02-Oct-2026
GUFICBIO,GUFICBIO.NS,Gufic Biosciences Limited,EQ,418.4,432.0,-3.1481481481481532,218739,902.51,41.46,19-OCT-2004,02-Oct-2026
GUJALKALI,GUJALKALI.NS,Gujarat Alkalies and Chemicals Limited,EQ,603.6,618.85,-2.464248202310738,66105,398.08,42.56,07-AUG-1997,02-Oct-2026
GUJAPOLLO,GUJAPOLLO.NS,Gujarat Apollo Industries Limited,EQ,324.85,330.0,-1.5606060606060537,12118,39.88,57.11,04-JUN-2007,02-Oct-2026
GUJENERGY,GUJENERGY.NS,GUJARAT ENERGY LIMITED,EQ,230.07,237.58,-3.1610404916238823,2083752,4792.9,59.09,15-SEP-2015,02-Oct-2026
GUJRAFFIA,GUJRAFFIA.NS,Gujarat Raffia Industries Limited,EQ,40.27,40.69,-1.0321946424182713,1350,0.54,73.04,09-OCT-1996,02-Oct-2026
GUJTHEM,GUJTHEM.NS,Gujarat Themis Biosyn Limited,EQ,381.8,387.6,-1.4963880288957716,397655,1510.43,48.15,25-FEB-2025,02-Oct-2026
GULFOILLUB,GULFOILLUB.NS,Gulf Oil Lubricants India Limited,EQ,1093.0,1125.4,-2.878976363959489,34205,379.35,47.26,31-JUL-2014,02-Oct-2026
GULFPETRO,GULFPETRO.NS,GP Petroleums Limited,BE,62.45,60.72,2.849143610013182,139540,86.86,0.0,24-SEP-2004,02-Oct-2026
GULPOLY,GULPOLY.NS,Gulshan Polyols Limited,EQ,161.75,165.86,-2.477993488484272,91855,148.67,64.81,28-JAN-2015,02-Oct-2026
GURUNANAK,GURUNANAK.NS,GURUNANAK,SM,33.5,34.15,-1.9033674963396738,12800,4.26,100.0,,02-Oct-2026
GVKPIL,GVKPIL.NS,GVK Power & Infrastructure Limited,BE,2.51,2.56,-1.9531250000000104,272824,6.85,0.0,27-FEB-2006,02-Oct-2026
GVPIL,GVPIL.NS,GE Power India Limited,EQ,679.5,678.4,0.16214622641509768,212804,1433.02,46.01,19-APR-2000,02-Oct-2026
GVPTECH,GVPTECH.NS,GVP Infotech Limited,BE,7.75,7.95,-2.5157232704402537,20703,1.61,0.0,06-SEP-2022,02-Oct-2026
GVT&D,GVT&D.NS,GE Vernova T&D India Limited,EQ,4253.2,4201.0,1.2425612949297744,784543,33566.21,33.76,30-JUN-2008,02-Oct-2026
GYFTR,GYFTR.NS,Gyftr Limited,EQ,156.79,159.16,-1.4890676049258638,160086,251.68,4.83,10-JUL-2026,02-Oct-2026
HAL,HAL.NS,Hindustan Aeronautics Limited,EQ,4601.0,4668.0,-1.4353041988003428,739864,34292.02,42.55,28-MAR-2018,02-Oct-2026
HALDER,HALDER.NS,Halder Venture Limited,EQ,232.73,245.75,-5.29806714140387,1811,4.42,68.53,19-JAN-2026,02-Oct-2026
HALDYNGL,HALDYNGL.NS,Haldyn Glass Limited,EQ,146.05,154.46,-5.444775346367989,83368,123.98,60.24,20-APR-2026,02-Oct-2026
HALEOSLABS,HALEOSLABS.NS,HALEOS LABS LIMITED,EQ,1490.0,1501.4,-0.7592913280937852,885,13.19,92.09,17-AUG-2017,02-Oct-2026
HAMPTON,HAMPTON.NS,Hampton Sky Realty Limited,EQ,8.09,8.08,0.12376237623762112,3750,0.3,81.6,17-AUG-2026,02-Oct-2026
HAPPSTMNDS,HAPPSTMNDS.NS,Happiest Minds Technologies Limited,EQ,304.7,310.6,-1.899549259497757,560349,1709.66,46.07,17-SEP-2020,02-Oct-2026
HAPPY,HAPPY.NS,HAPPY,SM,75.95,76.0,-0.06578947368420679,18000,13.84,55.56,,02-Oct-2026
HAPPYFORGE,HAPPYFORGE.NS,Happy Forgings Limited,EQ,2003.7,2067.2,-3.071787925696584,100454,2031.33,63.3,27-DEC-2023,02-Oct-2026
HARDWYN,HARDWYN.NS,Hardwyn India Limited,EQ,9.19,9.21,-0.21715526601521548,573580,52.42,48.03,12-APR-2022,02-Oct-2026
HARIOMPIPE,HARIOMPIPE.NS,Hariom Pipe Industries Limited,EQ,332.35,340.95,-2.522363982988698,102151,340.53,47.73,13-APR-2022,02-Oct-2026
HARRMALAYA,HARRMALAYA.NS,Harrisons  Malayalam Limited,EQ,179.67,179.13,0.30145704237145765,8615,15.32,75.72,08-FEB-1995,02-Oct-2026
HARSHA,HARSHA.NS,Harsha Engineers International Limited,EQ,474.5,470.3,0.8930469912821579,401993,1902.37,39.34,26-SEP-2022,02-Oct-2026
HATHWAY,HATHWAY.NS,Hathway Cable & Datacom Limited,EQ,9.32,9.45,-1.3756613756613654,1551707,143.72,55.27,25-FEB-2010,02-Oct-2026
HATSUN,HATSUN.NS,Hatsun Agro Product Limited,EQ,1118.1,1099.0,1.7379435850773346,22578,248.06,46.1,20-JUN-2014,02-Oct-2026
HAVELLS,HAVELLS.NS,Havells India Limited,EQ,1040.0,1016.0,2.3622047244094486,2030089,21017.09,53.96,21-MAR-2001,02-Oct-2026
HAVISHA,HAVISHA.NS,Sri Havisha Hospitality and Infrastructure Limited,EQ,1.35,1.34,0.7462686567164185,88827,1.23,63.39,16-FEB-2000,02-Oct-2026
HAWKINCOOK,HAWKINCOOK.NS,Hawkins Cookers Limited,EQ,8026.0,8007.5,0.23103340618170465,955,76.26,58.74,20-APR-2026,02-Oct-2026
HAZOOR,HAZOOR.NS,Hazoor Multi Projects Limited,EQ,17.94,18.65,-3.8069705093833637,207228,37.5,51.86,17-AUG-2026,02-Oct-2026
HBESD,HBESD.NS,HB Estate Developers Limited,EQ,65.11,71.63,-9.102331425380422,1078,0.71,66.51,20-APR-2026,02-Oct-2026
HBLENGINE,HBLENGINE.NS,HBL Engineering Limited,EQ,779.35,794.5,-1.906859660163622,1396672,10842.11,41.35,04-JAN-2007,02-Oct-2026
HBPOR,HBPOR.NS,HB Portfolio Limited,EQ,59.83,59.3,0.8937605396290069,395,0.24,94.94,17-AUG-2026,02-Oct-2026
HBSL,HBSL.NS,HB Stockholdings Limited,EQ,57.03,55.89,2.0397208803005915,4313,2.46,91.26,23-JUL-2018,02-Oct-2026
HCC,HCC.NS,Hindustan Construction Company Limited,EQ,20.23,20.41,-0.8819206271435558,16600215,3351.73,38.49,01-APR-2003,02-Oct-2026
HCG,HCG.NS,Healthcare Global Enterprises Limited,EQ,668.75,666.05,0.4053749718489671,108392,721.36,61.62,30-MAR-2016,02-Oct-2026
HCL-INSYS,HCL-INSYS.NS,HCL Infosystems Limited,EQ,10.04,10.1,-0.594059405940599,313156,31.45,72.91,01-JAN-1997,02-Oct-2026
HCLTECH,HCLTECH.NS,HCL Technologies Limited,EQ,1243.1,1230.0,1.0650406504064966,3430282,42595.96,52.43,06-JAN-2000,02-Oct-2026
HDBFS,HDBFS.NS,HDB Financial Services Limited,EQ,618.2,621.3,-0.4989538065346707,440447,2699.4,56.14,02-JUL-2025,02-Oct-2026
HDFCAMC,HDFCAMC.NS,HDFC Asset Management Company Limited,EQ,2308.1,2280.7,1.2013855395273423,1134071,26016.22,61.38,06-AUG-2018,02-Oct-2026
HDFCBANK,HDFCBANK.NS,HDFC Bank Limited,EQ,721.2,708.7,1.763792860166502,37389857,267906.93,63.31,08-NOV-1995,02-Oct-2026
HDFCBSE500,HDFCBSE500.NS,HDFCBSE500,EQ,35.41,35.71,-0.8401008120974637,447593,157.07,89.62,,02-Oct-2026
HDFCGOLD,HDFCGOLD.NS,HDFCGOLD,EQ,125.58,125.75,-0.13518886679920614,3414958,4288.22,66.12,,02-Oct-2026
HDFCGROWTH,HDFCGROWTH.NS,HDFCGROWTH,EQ,109.96,110.8,-0.7581227436823136,14185,15.55,49.28,,02-Oct-2026
HDFCLIFE,HDFCLIFE.NS,HDFC Life Insurance Company Limited,EQ,534.2,521.2,2.49424405218726,4008935,21298.57,44.22,17-NOV-2017,02-Oct-2026
HDFCLIQUID,HDFCLIQUID.NS,HDFCLIQUID,EQ,1080.61,1080.05,0.05184945141428133,57033,616.31,54.52,,02-Oct-2026
HDFCLOWVOL,HDFCLOWVOL.NS,HDFCLOWVOL,EQ,19.15,19.33,-0.9311950336264859,4017,0.77,38.54,,02-Oct-2026
HDFCMID150,HDFCMID150.NS,HDFCMID150,EQ,21.95,22.16,-0.947653429602892,1164486,255.68,44.49,,02-Oct-2026
HDFCMOMENT,HDFCMOMENT.NS,HDFCMOMENT,EQ,30.11,29.92,0.6350267379679069,500553,148.39,68.29,,02-Oct-2026
HDFCNEXT50,HDFCNEXT50.NS,HDFCNEXT50,EQ,70.5,71.48,-1.3710128707330778,229503,161.8,50.7,,02-Oct-2026
HDFCNIF100,HDFCNIF100.NS,HDFCNIF100,EQ,24.75,25.04,-1.1581469648562266,202276,49.32,73.16,,02-Oct-2026
HDFCNIFBAN,HDFCNIFBAN.NS,HDFCNIFBAN,EQ,56.2,56.47,-0.47812998052062344,60344,33.91,57.46,,02-Oct-2026
HDFCNIFIT,HDFCNIFIT.NS,HDFCNIFIT,EQ,29.87,29.62,0.8440243079000674,244781,72.88,54.79,,02-Oct-2026
HDFCNIFTY,HDFCNIFTY.NS,HDFCNIFTY,EQ,254.22,255.84,-0.6332082551594764,342495,866.83,62.55,,02-Oct-2026
HDFCNIMEG,HDFCNIMEG.NS,HDFCNIMEG,EQ,124.33,128.0,-2.8671875000000013,47592,59.12,53.27,,02-Oct-2026
HDFCPSUBK,HDFCPSUBK.NS,HDFCPSUBK,EQ,80.52,81.57,-1.2872379551305593,21442,17.25,55.79,,02-Oct-2026
HDFCPVTBAN,HDFCPVTBAN.NS,HDFCPVTBAN,EQ,27.37,27.27,0.36670333700037194,1380967,377.78,77.94,,02-Oct-2026
HDFCQUAL,HDFCQUAL.NS,HDFCQUAL,EQ,54.86,55.47,-1.09969352803317,10418,5.71,38.39,,02-Oct-2026
HDFCSENSEX,HDFCSENSEX.NS,HDFCSENSEX,EQ,81.84,82.56,-0.8720930232558125,162897,133.22,65.25,,02-Oct-2026
HDFCSILVER,HDFCSILVER.NS,HDFCSILVER,EQ,208.74,209.63,-0.42455755378523413,2145454,4486.57,47.66,,02-Oct-2026
HDFCSML250,HDFCSML250.NS,HDFCSML250,EQ,177.81,179.55,-0.9690893901420268,2126207,3764.29,57.91,,02-Oct-2026
HDFCVALUE,HDFCVALUE.NS,HDFCVALUE,EQ,118.11,118.37,-0.2196502492185563,16898,19.86,61.88,,02-Oct-2026
HDIL,HDIL.NS,Housing Development and Infrastructure Limited,BZ,1.45,1.47,-1.360544217687076,58703,0.85,0.0,24-JUL-2007,02-Oct-2026
HEADSUP,HEADSUP.NS,Heads UP Ventures Limited,EQ,6.4,6.75,-5.18518518518518,5132,0.33,53.98,14-DEC-2016,02-Oct-2026
HEALTHADD,HEALTHADD.NS,HEALTHADD,EQ,16.21,16.33,-0.7348438456827768,54116,8.78,84.61,,02-Oct-2026
HEALTHAXIS,HEALTHAXIS.NS,HEALTHAXIS,EQ,163.58,164.49,-0.5532251200680871,15400,25.19,26.55,,02-Oct-2026
HEALTHCARE,HEALTHCARE.NS,HEALTHCARE,EQ,21.02,21.15,-0.6146572104018866,54599,11.43,58.11,,02-Oct-2026
HEALTHIETF,HEALTHIETF.NS,HEALTHIETF,EQ,164.59,166.5,-1.147147147147145,264403,434.03,70.5,,02-Oct-2026
HEALTHX,HEALTHX.NS,Health X Platform Limited,EQ,273.0,285.05,-4.227328538852837,5260,14.36,52.81,05-OCT-2010,02-Oct-2026
HEALTHY,HEALTHY.NS,HEALTHY,EQ,16.47,16.58,-0.6634499396863658,1052535,173.46,63.47,,02-Oct-2026
HECPROJECT,HECPROJECT.NS,HEC Infra Projects Limited,EQ,111.86,113.0,-1.0088495575221244,4772,5.35,77.54,30-DEC-2021,02-Oct-2026
HEGAM,HEGAM.NS,HEG Advanced Materials Limited,EQ,239.28,237.65,0.6858826004628636,771383,1829.69,38.13,10-MAY-1995,02-Oct-2026
HEIDELBERG,HEIDELBERG.NS,HeidelbergCement India Limited,EQ,130.57,132.6,-1.530920060331826,133605,173.86,56.72,15-MAR-1995,02-Oct-2026
HEMIPROP,HEMIPROP.NS,Hemisphere Properties India Limited,EQ,111.5,114.07,-2.253002542298583,750373,836.17,56.85,22-OCT-2020,02-Oct-2026
HERANBA,HERANBA.NS,Heranba Industries Limited,EQ,172.12,176.53,-2.4981589531524366,66295,114.46,52.91,05-MAR-2021,02-Oct-2026
HERITGFOOD,HERITGFOOD.NS,Heritage Foods Limited,EQ,402.9,402.0,0.2238805970149197,324704,1317.08,28.57,27-NOV-1996,02-Oct-2026
HEROMOTOCO,HEROMOTOCO.NS,Hero MotoCorp Limited,EQ,5168.0,5241.0,-1.392863957260065,862662,44599.73,46.48,11-APR-2003,02-Oct-2026
HEROMOTORS,HEROMOTORS.NS,Hero Motors Limited,EQ,167.8,152.55,9.996722386102915,87174697,143119.43,14.78,23-SEP-2026,02-Oct-2026
HESTERBIO,HESTERBIO.NS,Hester Biosciences Limited,EQ,2126.8,2175.8,-2.252045224744921,2718,57.57,57.87,13-MAR-2015,02-Oct-2026
HEXAGON,HEXAGON.NS,Hexagon Nutrition Limited,BE,68.8,68.6,0.29154518950437736,577085,402.62,0.0,12-JUN-2026,02-Oct-2026
HEXATRADEX,HEXATRADEX.NS,Hexa Tradex Limited,EQ,154.96,156.85,-1.2049729040484454,5701,8.8,74.58,20-APR-2012,02-Oct-2026
HEXT,HEXT.NS,Hexaware Technologies Limited,EQ,490.45,494.1,-0.738716858935445,258061,1261.0,35.32,19-FEB-2025,02-Oct-2026
HFCL,HFCL.NS,HFCL Limited,BE,238.36,227.02,4.9951546119284655,23039457,54656.69,0.0,09-MAR-2011,02-Oct-2026
HGINFRA,HGINFRA.NS,H.G. Infra Engineering Limited,EQ,419.9,432.75,-2.9693818601964237,248381,1041.83,47.92,09-MAR-2018,02-Oct-2026
HGM,HGM.NS,HandsOn Global Management (HGM) Limited,EQ,40.36,42.56,-5.1691729323308335,6341,2.57,81.69,27-SEP-2006,02-Oct-2026
HGS,HGS.NS,Hinduja Global Solutions Limited,EQ,367.05,370.05,-0.8107012565869477,9114,33.56,72.85,19-JUN-2007,02-Oct-2026
HIGREEN,HIGREEN.NS,HIGREEN,SM,120.3,124.9,-3.682946357085675,8800,10.66,63.64,,02-Oct-2026
HIKAL,HIKAL.NS,Hikal Limited,EQ,218.14,217.89,0.1147367937950342,942244,2074.34,39.36,14-FEB-2001,02-Oct-2026
HILINFRA,HILINFRA.NS,Highway Infrastructure Limited,EQ,45.06,42.75,5.40350877192983,1172963,534.71,27.5,12-AUG-2025,02-Oct-2026
HILTON,HILTON.NS,Hilton Metal Forging Limited,EQ,16.86,16.34,3.1823745410036692,144115,24.25,71.5,24-MAY-2007,02-Oct-2026
HIMATSEIDE,HIMATSEIDE.NS,Himatsingka Seide Limited,EQ,64.15,66.4,-3.38855421686747,513252,329.1,52.27,08-FEB-1995,02-Oct-2026
HINDADH,HINDADH.NS,Hindustan Adhesives Limited,EQ,384.0,385.4,-0.3632589517384477,2461,9.36,97.4,17-AUG-2026,02-Oct-2026
HINDALCO,HINDALCO.NS,Hindalco Industries Limited,EQ,941.85,941.8,0.005308982798902975,5877840,55050.99,56.41,08-JAN-1997,02-Oct-2026
HINDALUMI,HINDALUMI.NS,Hind Aluminium Industries Limited,EQ,90.76,92.69,-2.0822095155895917,2057,1.88,88.09,17-AUG-2026,02-Oct-2026
HINDCOMPOS,HINDCOMPOS.NS,Hindustan Composites Limited,EQ,380.8,381.3,-0.13113034356150013,1341,5.09,63.46,08-MAY-1996,02-Oct-2026
HINDCON,HINDCON.NS,Hindcon Chemicals Limited,EQ,33.3,35.05,-4.992867332382311,73537,24.84,98.72,05-JUL-2021,02-Oct-2026
HINDCOPPER,HINDCOPPER.NS,Hindustan Copper Limited,EQ,462.15,472.65,-2.221516978736909,6827265,31375.73,43.52,15-SEP-2010,02-Oct-2026
HINDOILEXP,HINDOILEXP.NS,Hindustan Oil Exploration Company Limited,EQ,167.31,171.55,-2.4715826289711504,472707,791.25,53.0,23-SEP-2003,02-Oct-2026
HINDPETRO,HINDPETRO.NS,Hindustan Petroleum Corporation Limited,EQ,345.0,350.35,-1.5270443841872479,5754484,20024.99,53.35,17-JUN-1998,02-Oct-2026
HINDUNILVR,HINDUNILVR.NS,Hindustan Unilever Limited,EQ,1836.0,1879.1,-2.2936512160076585,1331680,24567.84,52.1,06-JUL-1995,02-Oct-2026
HINDWAREAP,HINDWAREAP.NS,Hindware Home Innovation Limited,EQ,170.53,169.97,0.3294699064540815,129981,220.35,69.99,26-DEC-2019,02-Oct-2026
HINDZINC,HINDZINC.NS,Hindustan Zinc Limited,EQ,555.05,566.0,-1.9346289752650256,3165448,17623.92,50.51,21-NOV-2006,02-Oct-2026
HIRECT,HIRECT.NS,Hirect Limited,EQ,1123.8,1147.2,-2.039748953974903,50921,574.32,53.22,26-DEC-2006,02-Oct-2026
HISARMETAL,HISARMETAL.NS,Hisar Metal Industries Limited,EQ,146.92,148.97,-1.3761159965093719,4852,7.13,79.64,05-JAN-2017,02-Oct-2026
HITECH,HITECH.NS,Hi-Tech Pipes Limited,EQ,71.42,72.61,-1.6388927145021315,517898,367.93,55.98,07-MAY-2018,02-Oct-2026
HITECHCORP,HITECHCORP.NS,Hitech Corporation Limited,BE,340.25,345.25,-1.448225923244026,20052,68.35,0.0,20-DEC-2007,02-Oct-2026
HITECHGEAR,HITECHGEAR.NS,The Hi-Tech Gears Limited,BE,601.75,621.8,-3.2245094885815306,2558,15.59,0.0,21-JAN-2002,02-Oct-2026
HLEGLAS,HLEGLAS.NS,HLE Glascoat Limited,EQ,442.05,439.4,0.6030951297223565,219734,968.07,56.53,09-FEB-2023,02-Oct-2026
HLVLTD,HLVLTD.NS,HLV LIMITED,EQ,6.31,6.41,-1.560062402496108,154005,9.68,69.32,19-JUL-1995,02-Oct-2026
HMAAGRO,HMAAGRO.NS,HMA Agro Industries Limited,EQ,23.47,23.92,-1.881270903010045,2581703,602.98,83.18,04-JUL-2023,02-Oct-2026
HMT,HMT.NS,HMT Limited,BZ,58.24,60.1,-3.0948419301164716,10063,5.93,0.0,29-AUG-2003,02-Oct-2026
HMVL,HMVL.NS,Hindustan Media Ventures Limited,BE,77.44,75.96,1.948393891521859,40284,30.48,0.0,21-JUL-2010,02-Oct-2026
HNDFDS,HNDFDS.NS,Hindustan Foods Limited,EQ,574.6,574.75,-0.026098303610261372,70210,403.78,52.37,06-JUN-2023,02-Oct-2026
HNGSNGBEES,HNGSNGBEES.NS,HNGSNGBEES,EQ,455.1,457.47,-0.5180667584759666,94952,432.5,76.65,,02-Oct-2026
HOACFOODS,HOACFOODS.NS,HOACFOODS,ST,915.0,911.1,0.4280540006585421,3750,34.45,100.0,,02-Oct-2026
HOLMARC,HOLMARC.NS,HOLMARC,SM,120.0,115.5,3.896103896103896,12000,13.56,68.75,,02-Oct-2026
HOMEFIRST,HOMEFIRST.NS,Home First Finance Company India Limited,EQ,1125.7,1104.8,1.8917451122375175,187768,2078.25,57.78,03-FEB-2021,02-Oct-2026
HONASA,HONASA.NS,Honasa Consumer Limited,EQ,427.9,431.35,-0.7998145357598343,1936982,8216.16,49.48,07-NOV-2023,02-Oct-2026
HONAUT,HONAUT.NS,Honeywell Automation India Limited,EQ,33470.0,33460.0,0.029886431560071723,8388,2803.42,58.19,18-JUL-2003,02-Oct-2026
HONDAPOWER,HONDAPOWER.NS,Honda India Power Products Limited,EQ,1886.3,1874.5,0.6295012003200829,2893,54.06,60.59,01-APR-2003,02-Oct-2026
HORIZONIND,HORIZONIND.NS,Horizon Industrial Parks Limited,EQ,48.65,50.28,-3.241845664280037,4049133,2000.83,63.05,24-AUG-2026,02-Oct-2026
HPAL,HPAL.NS,HP Adhesives Limited,EQ,33.81,33.83,-0.0591191250369377,51014,17.05,62.58,27-DEC-2021,02-Oct-2026
HPIL,HPIL.NS,Hindprakash Industries Limited,EQ,114.44,115.37,-0.8061021062667997,163,0.18,100.0,07-NOV-2022,02-Oct-2026
HPL,HPL.NS,HPL Electric & Power Limited,EQ,267.2,269.05,-0.6876045344731547,93293,247.66,52.88,04-OCT-2016,02-Oct-2026
HPTL,HPTL.NS,HPTL,ST,431.0,443.0,-2.708803611738149,2400,10.42,75.0,,02-Oct-2026
HRHNEXT,HRHNEXT.NS,HRHNEXT,SM,24.0,24.9,-3.6144578313252955,1500,0.36,100.0,,02-Oct-2026
HRYNSHP,HRYNSHP.NS,Hariyana Ship Breakers Limited,EQ,97.98,96.0,2.0625000000000044,580,0.57,82.59,17-AUG-2026,02-Oct-2026
HSBCGOLD,HSBCGOLD.NS,HSBCGOLD,EQ,127.95,127.47,0.37655919039774377,57399,73.39,53.27,,02-Oct-2026
HSCL,HSCL.NS,Himadri Speciality Chemical Limited,EQ,665.15,677.8,-1.8663322514015903,1431438,9542.72,45.15,02-MAR-2007,02-Oct-2026
HTEL,HTEL.NS,Hy-Tech Engineers Limited,EQ,72.92,72.29,0.871489832618613,1986272,1446.64,31.95,01-SEP-2026,02-Oct-2026
HTMEDIA,HTMEDIA.NS,HT Media Limited,EQ,22.38,23.02,-2.78019113814075,115588,26.15,78.88,01-SEP-2005,02-Oct-2026
HUBTOWN,HUBTOWN.NS,Hubtown Limited,EQ,177.42,182.28,-2.666227781435162,420252,756.51,39.7,07-FEB-2007,02-Oct-2026
HUDCO,HUDCO.NS,Housing & Urban Development Corporation Limited,EQ,161.54,166.58,-3.025573298115032,3136559,5120.17,39.39,19-MAY-2017,02-Oct-2026
HUHTAMAKI,HUHTAMAKI.NS,Huhtamaki India Limited,EQ,232.72,237.35,-1.9507057088687572,94577,219.11,48.22,01-OCT-2004,02-Oct-2026
HVAX,HVAX.NS,HVAX,SM,709.9,709.9,0.0,150,1.06,100.0,,02-Oct-2026
HYBRIDETF,HYBRIDETF.NS,HYBRIDETF,EQ,9.72,9.8,-0.8163265306122455,9554,0.93,84.17,,02-Oct-2026
HYBRIDFIN,HYBRIDFIN.NS,Hybrid Financial Services Limited,EQ,17.36,17.94,-3.232998885172808,95433,16.7,42.63,05-DEC-2022,02-Oct-2026
HYUNDAI,HYUNDAI.NS,Hyundai Motor India Limited,EQ,2024.0,2031.0,-0.34465780403741997,1795808,36646.93,52.25,22-OCT-2024,02-Oct-2026
IBLFL,IBLFL.NS,IBLFL,SM,61.0,61.0,0.0,2000,1.22,100.0,,02-Oct-2026
IBULLSLTD,IBULLSLTD.NS,Indiabulls Limited,EQ,29.43,29.61,-0.6079027355623091,14659328,4284.67,62.58,18-AUG-2011,02-Oct-2026
ICDSLTD,ICDSLTD.NS,ICDS Limited,BE,46.5,48.88,-4.8690671031096615,2007,0.93,0.0,17-NOV-1999,02-Oct-2026
ICELCO,ICELCO.NS,ICELCO,SM,117.3,125.8,-6.756756756756757,135600,160.34,52.21,,02-Oct-2026
ICEMAKE,ICEMAKE.NS,Ice Make Refrigeration Limited,EQ,623.65,629.55,-0.9371773489000044,31483,193.46,48.86,12-OCT-2020,02-Oct-2026
ICICIAMC,ICICIAMC.NS,ICICI Prudential Asset Management Company Limited,EQ,3084.4,3136.7,-1.6673574138425649,524043,16153.7,67.34,19-DEC-2025,02-Oct-2026
ICICIB22,ICICIB22.NS,ICICIB22,EQ,108.91,109.96,-0.9548926882502702,332463,360.5,59.43,,02-Oct-2026
ICICIBANK,ICICIBANK.NS,ICICI Bank Limited,EQ,1310.6,1321.7,-0.8398274948929512,13163495,173522.43,57.07,17-SEP-1997,02-Oct-2026
ICICIGI,ICICIGI.NS,ICICI Lombard General Insurance Company Limited,EQ,1563.0,1590.0,-1.6981132075471699,1189772,18778.05,60.54,27-SEP-2017,02-Oct-2026
ICICIPRULI,ICICIPRULI.NS,ICICI Prudential Life Insurance Company Limited,EQ,448.05,443.8,0.9576385759351059,1267559,5653.03,50.89,29-SEP-2016,02-Oct-2026
ICIL,ICIL.NS,Indo Count Industries Limited,EQ,443.65,460.4,-3.6381407471763687,435107,1951.04,38.66,12-SEP-2005,02-Oct-2026
ICRA,ICRA.NS,ICRA Limited,EQ,4318.3,4232.0,2.039224952741025,24641,1056.98,53.98,13-APR-2007,02-Oct-2026
IDBI,IDBI.NS,IDBI Bank Limited,EQ,86.57,82.2,5.316301703163005,26713864,22672.18,45.25,20-SEP-1995,02-Oct-2026
IDEA,IDEA.NS,Vodafone Idea Limited,EQ,12.64,12.95,-2.393822393822384,612490273,78459.95,33.78,09-MAR-2007,02-Oct-2026
IDEAFORGE,IDEAFORGE.NS,Ideaforge Technology Limited,EQ,735.0,730.95,0.5540734660373424,409863,3053.33,43.46,07-JUL-2023,02-Oct-2026
IDEALTECHO,IDEALTECHO.NS,IDEALTECHO,SM,85.6,97.65,-12.33998975934461,1000,0.86,100.0,,02-Oct-2026
IDFCFIRSTB,IDFCFIRSTB.NS,IDFC First Bank Limited,EQ,80.39,81.44,-1.2892927308447903,24434109,19697.28,55.78,06-NOV-2015,02-Oct-2026
IDFNIFTYET,IDFNIFTYET.NS,IDFNIFTYET,EQ,247.02,254.93,-3.1028125367747994,5604,13.92,43.38,,02-Oct-2026
IEML,IEML.NS,IEML,ST,52.4,53.45,-1.9644527595884083,366000,203.52,96.31,,02-Oct-2026
IEX,IEX.NS,Indian Energy Exchange Limited,EQ,105.98,107.0,-0.9532710280373795,3180623,3365.33,40.75,23-OCT-2017,02-Oct-2026
IFBAGRO,IFBAGRO.NS,IFB Agro Industries Limited,EQ,866.95,891.65,-2.7701452363595505,2552,22.29,54.82,03-APR-1996,02-Oct-2026
IFBIND,IFBIND.NS,IFB Industries Limited,EQ,1166.2,1201.0,-2.897585345545375,41264,485.05,52.27,29-MAR-1995,02-Oct-2026
IFCI,IFCI.NS,IFCI Limited,EQ,65.14,68.77,-5.278464446706407,41910107,27660.49,25.99,26-APR-1995,02-Oct-2026
IFGLEXPOR,IFGLEXPOR.NS,IFGL Refractories Limited,EQ,189.57,191.45,-0.9819796291459888,34168,64.53,47.29,14-NOV-2017,02-Oct-2026
IGARASHI,IGARASHI.NS,Igarashi Motors India Limited,EQ,398.95,403.4,-1.1031234506693082,68004,268.77,38.26,09-OCT-2003,02-Oct-2026
IGCL,IGCL.NS,Indogulf Cropsciences Limited,EQ,54.62,56.8,-3.838028169014084,234071,125.85,50.26,03-JUL-2025,02-Oct-2026
IGIL,IGIL.NS,International Gemological Institute Limited,EQ,311.95,315.9,-1.2503956948401358,247930,773.87,45.97,20-DEC-2024,02-Oct-2026
IGL,IGL.NS,Indraprastha Gas Limited,EQ,142.79,145.61,-1.9366801730650516,2346741,3318.6,44.76,26-DEC-2003,02-Oct-2026
IGPL,IGPL.NS,IG Petrochemicals Limited,EQ,569.55,579.75,-1.759379042690823,61516,353.26,53.5,29-JAN-2007,02-Oct-2026
IIFL,IIFL.NS,IIFL Finance Limited,EQ,583.8,600.75,-2.821473158551818,1821159,10713.89,44.0,17-MAY-2005,02-Oct-2026
IIFLCAPS,IIFLCAPS.NS,IIFL Capital Services Limited,EQ,345.6,346.0,-0.1156069364161784,654711,2252.48,67.34,20-SEP-2019,02-Oct-2026
IITL,IITL.NS,Industrial Investment Trust Limited,EQ,132.56,133.26,-0.5252889088998864,91702,121.54,11.11,17-AUG-2010,02-Oct-2026
IKIO,IKIO.NS,IKIO Technologies Limited,EQ,190.96,196.85,-2.9921259842519614,133638,256.28,47.43,16-JUN-2023,02-Oct-2026
IKS,IKS.NS,Inventurus Knowledge Solutions Limited,EQ,1776.4,1747.5,1.6537911301859851,149999,2629.09,52.11,19-DEC-2024,02-Oct-2026
IL&FSENGG,IL&FSENGG.NS,IL&FS Engineering and Construction Company Limited,BZ,38.59,38.57,0.05185377236194744,13193,5.09,0.0,25-OCT-2007,02-Oct-2026
IL&FSTRANS,IL&FSTRANS.NS,IL&FS Transportation Networks Limited,BZ,1.87,1.92,-2.604166666666657,29961,0.56,0.0,30-MAR-2010,02-Oct-2026
IMAGICAA,IMAGICAA.NS,Imagicaaworld Entertainment Limited,EQ,50.7,51.08,-0.7439310884886364,512963,260.02,43.13,06-APR-2015,02-Oct-2026
IMFA,IMFA.NS,Indian Metals & Ferro Alloys Limited,EQ,1176.8,1190.9,-1.183978503652711,141199,1654.13,52.36,23-JUL-2010,02-Oct-2026
IMPAL,IMPAL.NS,India Motor Parts and Accessories Limited,EQ,1009.1,1037.5,-2.7373493975903593,2586,26.35,66.28,07-OCT-2005,02-Oct-2026
INA,INA.NS,Insolation Energy Limited,EQ,87.02,87.5,-0.5485714285714332,699639,605.13,49.31,09-MAR-2026,02-Oct-2026
INCREDIBLE,INCREDIBLE.NS,INCREDIBLE INDUSTRIES LIMITED,EQ,31.37,32.61,-3.8025145660840183,5442,1.77,55.64,01-JUL-2016,02-Oct-2026
INDBANK,INDBANK.NS,Indbank Merchant Banking Services Limited,EQ,25.2,25.36,-0.6309148264984233,11592,2.92,70.22,08-OCT-2008,02-Oct-2026
INDGN,INDGN.NS,Indegene Limited,EQ,593.5,590.75,0.46550994498518833,485930,2866.88,44.94,13-MAY-2024,02-Oct-2026
INDHOTEL,INDHOTEL.NS,The Indian Hotels Company Limited,EQ,718.0,728.65,-1.4616070815892372,4023940,29093.04,61.62,03-JUL-1996,02-Oct-2026
INDIACEM,INDIACEM.NS,The India Cements Limited,EQ,295.15,301.85,-2.2196455192976794,231935,686.56,44.8,31-MAY-2000,02-Oct-2026
INDIAGLYCO,INDIAGLYCO.NS,India Glycols Limited,EQ,298.8,307.4,-2.797657774886131,273493,815.05,33.32,01-JUL-2005,02-Oct-2026
INDIAMART,INDIAMART.NS,Indiamart Intermesh Limited,EQ,1620.3,1629.0,-0.5340699815837966,60779,976.9,50.81,04-JUL-2019,02-Oct-2026
INDIANB,INDIANB.NS,Indian Bank,EQ,793.15,805.9,-1.5820821441866237,671392,5349.75,41.36,01-MAR-2007,02-Oct-2026
INDIANCARD,INDIANCARD.NS,Indian Card Clothing Company Limited,EQ,188.37,186.13,1.2034599473486323,2084,3.91,76.97,08-JAN-1997,02-Oct-2026
INDIANHUME,INDIANHUME.NS,Indian Hume Pipe Company Limited,EQ,346.1,352.8,-1.8990929705215387,33765,116.26,44.87,30-AUG-1995,02-Oct-2026
INDIASHLTR,INDIASHLTR.NS,India Shelter Finance Corporation Limited,EQ,645.6,635.6,1.5733165512901195,88297,566.53,54.5,20-DEC-2023,02-Oct-2026
INDIGO,INDIGO.NS,InterGlobe Aviation Limited,EQ,4929.9,4984.0,-1.0854735152488035,592514,29255.3,48.94,10-NOV-2015,02-Oct-2026
INDIGOPNTS,INDIGOPNTS.NS,Indigo Paints Limited,EQ,1053.5,1091.0,-3.4372135655362053,75763,802.8,63.95,02-FEB-2021,02-Oct-2026
INDIQUBE,INDIQUBE.NS,Indiqube Spaces Limited,EQ,197.49,196.38,0.5652306752215163,25992,50.79,40.42,30-JUL-2025,02-Oct-2026
INDNIPPON,INDNIPPON.NS,India Nippon Electricals Limited,EQ,1224.4,1244.4,-1.607200257152041,84237,1032.65,37.89,07-MAY-1997,02-Oct-2026
INDOAMIN,INDOAMIN.NS,Indo Amines Limited,EQ,136.52,142.07,-3.906524952488198,293231,406.3,51.68,29-APR-2022,02-Oct-2026
INDOBORAX,INDOBORAX.NS,Indo Borax & Chemicals Limited,EQ,469.5,481.45,-2.4820853671201557,90013,422.55,29.23,29-MAR-2022,02-Oct-2026
INDOCO,INDOCO.NS,Indoco Remedies Limited,EQ,251.75,261.67,-3.7910345091145397,291376,732.56,36.44,14-JAN-2005,02-Oct-2026
INDOFARM,INDOFARM.NS,Indo Farm Equipment Limited,EQ,131.77,134.45,-1.9933060617329703,100442,132.28,57.67,07-JAN-2025,02-Oct-2026
INDOKEM,INDOKEM.NS,Indokem Limited,EQ,603.7,600.45,0.5412607211258222,5070,30.41,61.76,17-AUG-2026,02-Oct-2026
INDOMIM,INDOMIM.NS,INDO-MIM Limited,EQ,1271.8,1242.45,2.3622680993198846,901958,11254.18,49.92,30-JUL-2026,02-Oct-2026
INDORAMA,INDORAMA.NS,Indo Rama Synthetics (India) Limited,EQ,95.81,100.36,-4.533678756476681,1609228,1532.5,40.34,20-JUN-2003,02-Oct-2026
INDOSTAR,INDOSTAR.NS,IndoStar Capital Finance Limited,EQ,206.35,213.54,-3.3670506696637625,113755,233.1,60.87,21-MAY-2018,02-Oct-2026
INDOTECH,INDOTECH.NS,Indo Tech Transformers Limited,EQ,3347.6,3188.2,4.999686343391258,50433,1670.68,54.08,16-MAR-2006,02-Oct-2026
INDOTHAI,INDOTHAI.NS,Indo Thai Securities Limited,EQ,35.19,33.52,4.982100238663468,1541578,538.68,51.31,02-NOV-2011,02-Oct-2026
INDOUS,INDOUS.NS,Indo Us Biotech Limited,EQ,76.75,78.22,-1.8793147532600345,533,0.41,90.06,27-SEP-2024,02-Oct-2026
INDOWIND,INDOWIND.NS,Indowind Energy Limited,EQ,8.44,8.69,-2.8768699654775607,118799,10.04,76.55,14-SEP-2007,02-Oct-2026
INDPRUD,INDPRUD.NS,Industrial & Prudential Investment Company Limited,EQ,6255.5,6336.5,-1.2783082143138957,97,6.1,95.88,20-APR-2026,02-Oct-2026
INDRAMEDCO,INDRAMEDCO.NS,Indraprastha Medical Corporation Limited,EQ,338.6,348.95,-2.9660409800830965,320580,1086.86,53.95,17-APR-1997,02-Oct-2026
INDSWFTLAB,INDSWFTLAB.NS,Ind-Swift Laboratories Limited,EQ,395.15,388.75,1.6463022508038525,749983,2965.72,31.74,02-JUL-1997,02-Oct-2026
INDTERRAIN,INDTERRAIN.NS,Indian Terrain Fashions Limited,EQ,29.22,29.42,-0.6798096532970864,6847,2.0,88.01,11-MAR-2011,02-Oct-2026
INDUSINDBK,INDUSINDBK.NS,IndusInd Bank Limited,EQ,886.85,901.4,-1.6141557577102235,1761249,15667.3,52.0,28-JAN-1998,02-Oct-2026
INDUSTOWER,INDUSTOWER.NS,Indus Towers Limited,EQ,376.25,373.2,0.8172561629153299,9498411,36014.78,55.45,28-DEC-2012,02-Oct-2026
INFINIUM,INFINIUM.NS,INFINIUM,SM,314.25,291.45,7.822954194544524,40000,123.61,65.0,,02-Oct-2026
INFLUX,INFLUX.NS,INFLUX,SM,256.0,260.2,-1.614142966948497,49200,123.58,68.29,,02-Oct-2026
INFOBEAN,INFOBEAN.NS,InfoBeans Technologies Limited,EQ,143.58,143.5,0.05574912891986934,237666,343.24,29.24,15-JUL-2019,02-Oct-2026
INFOLLION,INFOLLION.NS,INFOLLION,SM,154.0,152.0,1.3157894736842104,1200,1.84,100.0,,02-Oct-2026
INFOMEDIA,INFOMEDIA.NS,Infomedia Press Limited,EQ,5.32,5.38,-1.1152416356877253,17374,0.9,75.62,12-OCT-2006,02-Oct-2026
INFRA,INFRA.NS,INFRA,EQ,11.4,11.5,-0.8695652173913012,30176,3.43,77.46,,02-Oct-2026
INFRABEES,INFRABEES.NS,INFRABEES,EQ,895.24,903.01,-0.8604555874242791,13161,117.61,68.67,,02-Oct-2026
INFRAIETF,INFRAIETF.NS,INFRAIETF,EQ,89.2,90.81,-1.7729324964210984,148841,132.18,66.99,,02-Oct-2026
INFY,INFY.NS,Infosys Limited,EQ,1035.0,994.1,4.114274217885523,15166446,154095.41,51.96,08-FEB-1995,02-Oct-2026
INGERRAND,INGERRAND.NS,Ingersoll Rand (India) Limited,EQ,4158.8,4144.0,0.35714285714286154,12216,503.53,43.89,15-APR-1999,02-Oct-2026
INM,INM.NS,INM,SM,140.05,150.0,-6.633333333333326,2400,3.46,100.0,,02-Oct-2026
INNOMET,INNOMET.NS,INNOMET,ST,280.0,281.0,-0.3558718861209964,19200,54.17,96.88,,02-Oct-2026
INNOVACAP,INNOVACAP.NS,Innova Captab Limited,EQ,1168.0,1159.8,0.7070184514571518,268967,3150.45,39.89,29-DEC-2023,02-Oct-2026
INNOVANA,INNOVANA.NS,Innovana Thinklabs Limited,EQ,290.2,292.55,-0.8032814903435388,25514,73.69,9.35,17-DEC-2024,02-Oct-2026
INNOVISION,INNOVISION.NS,Innovision Limited,EQ,253.0,252.0,0.3968253968253968,21262,53.88,77.64,23-MAR-2026,02-Oct-2026
INOXGREEN,INOXGREEN.NS,Inox Green Energy Services Limited,EQ,159.0,161.07,-1.285155522443654,980980,1560.11,43.23,23-NOV-2022,02-Oct-2026
INOXINDIA,INOXINDIA.NS,INOX India Limited,EQ,2168.3,2052.5,5.6419001218026885,629630,13385.25,30.57,21-DEC-2023,02-Oct-2026
INOXWIND,INOXWIND.NS,Inox Wind Limited,EQ,68.75,69.51,-1.0933678607394692,9972133,6849.64,39.0,09-APR-2015,02-Oct-2026
INSECTICID,INSECTICID.NS,Insecticides (India) Limited,EQ,568.7,584.3,-2.669861372582562,17552,100.31,55.2,30-MAY-2007,02-Oct-2026
INSPIRE,INSPIRE.NS,INSPIRE,SM,9.45,9.0,4.999999999999992,6000,0.57,100.0,,02-Oct-2026
INSPIRISYS,INSPIRISYS.NS,Inspirisys Solutions Limited,EQ,83.83,87.16,-3.820559889857731,5889,5.0,88.57,30-OCT-2006,02-Oct-2026
INSUREIETF,INSUREIETF.NS,INSUREIETF,EQ,14.6,14.55,0.34364261168384147,3307428,480.54,89.71,,02-Oct-2026
INTEGRITY,INTEGRITY.NS,INTEGRITY,SM,184.0,186.8,-1.4989293361884428,2400,4.34,100.0,,02-Oct-2026
INTELLECT,INTELLECT.NS,Intellect Design Arena Limited,EQ,610.95,613.65,-0.43999022243949026,271796,1650.17,48.2,18-DEC-2014,02-Oct-2026
INTENTECH,INTENTECH.NS,Intense Technologies Limited,EQ,81.98,84.46,-2.936301207672259,19209,15.87,89.22,23-MAR-2017,02-Oct-2026
INTERARCH,INTERARCH.NS,Interarch Building Solutions Limited,EQ,1666.9,1673.4,-0.3884307398111629,61235,1022.6,44.39,26-AUG-2024,02-Oct-2026
INTERNET,INTERNET.NS,INTERNET,EQ,13.2,13.51,-2.294596595114734,346733,45.98,49.42,,02-Oct-2026
INTLCONV,INTLCONV.NS,International Conveyors Limited,EQ,80.03,80.01,0.024996875390571206,43975,35.18,89.05,16-SEP-2021,02-Oct-2026
INVENTURE,INVENTURE.NS,Inventure Growth & Securities Limited,EQ,0.85,0.86,-1.1627906976744196,399389,3.43,59.41,04-AUG-2011,02-Oct-2026
INVICTA,INVICTA.NS,INVICTA,SM,66.55,67.5,-1.4074074074074117,8000,5.35,100.0,,02-Oct-2026
INVPRECQ,INVPRECQ.NS,Investment & Precision Castings Limited,BE,1595.2,1536.7,3.806858853387128,8077,127.11,0.0,20-APR-2026,02-Oct-2026
IOB,IOB.NS,Indian Overseas Bank,EQ,30.38,30.96,-1.8733850129199026,2774243,844.85,51.35,07-DEC-2000,02-Oct-2026
IOC,IOC.NS,Indian Oil Corporation Limited,EQ,131.34,134.93,-2.6606388497739593,12239747,16226.15,51.62,24-JUL-1996,02-Oct-2026
IOLCP,IOLCP.NS,IOL Chemicals and Pharmaceuticals Limited,EQ,209.39,207.08,1.115510913656545,4041973,8412.68,30.4,08-NOV-2010,02-Oct-2026
IONEXCHANG,IONEXCHANG.NS,ION Exchange (India) Limited,EQ,406.4,411.15,-1.1552961206372372,219266,883.89,47.95,22-FEB-2022,02-Oct-2026
IPCALAB,IPCALAB.NS,IPCA Laboratories Limited,EQ,1943.2,1927.0,0.8406850025947092,323967,6291.1,57.47,08-FEB-1995,02-Oct-2026
IPHL,IPHL.NS,IPHL,SM,72.65,70.0,3.7857142857142936,8400,5.98,100.0,,02-Oct-2026
IPL,IPL.NS,India Pesticides Limited,EQ,130.68,132.72,-1.5370705244122906,173318,225.5,37.76,05-JUL-2021,02-Oct-2026
IPRINGLTD,IPRINGLTD.NS,IP Rings Limited,EQ,141.95,145.03,-2.123698545128603,66,0.09,78.79,17-AUG-2026,02-Oct-2026
IRB,IRB.NS,IRB Infrastructure Developers Limited,EQ,17.0,17.49,-2.801600914808453,10838420,1842.63,41.99,25-FEB-2008,02-Oct-2026
IRCON,IRCON.NS,Ircon International Limited,EQ,110.25,117.09,-5.841660261337435,20851568,23127.89,8.65,28-SEP-2018,02-Oct-2026
IRCTC,IRCTC.NS,Indian Railway Catering And Tourism Corporation Limited,EQ,454.1,455.4,-0.28546332894157983,1528758,6972.23,41.81,14-OCT-2019,02-Oct-2026
IREDA,IREDA.NS,Indian Renewable Energy Development Agency Limited,EQ,111.0,111.68,-0.6088825214899775,5290233,5836.49,41.04,29-NOV-2023,02-Oct-2026
IRFC,IRFC.NS,Indian Railway Finance Corporation Limited,EQ,77.06,79.28,-2.8002018163471227,12764829,9905.31,36.45,29-JAN-2021,02-Oct-2026
IRIS,IRIS.NS,IRIS RegTech Solutions Limited,EQ,225.1,223.38,0.7699883606410596,11672,26.27,59.87,08-NOV-2021,02-Oct-2026
IRISDOREME,IRISDOREME.NS,Iris Clothings Limited,EQ,60.46,61.55,-1.7709179528838284,180441,110.2,39.72,22-FEB-2021,02-Oct-2026
IRMENERGY,IRMENERGY.NS,IRM Energy Limited,EQ,257.7,264.45,-2.552467385138968,60300,155.43,53.65,26-OCT-2023,02-Oct-2026
ISFT,ISFT.NS,Intrasoft Technologies Limited,BE,97.91,95.86,2.1385353640726033,19725,19.21,0.0,12-APR-2010,02-Oct-2026
ISGEC,ISGEC.NS,Isgec Heavy Engineering Limited,EQ,919.7,883.1,4.1444909976220154,203704,1839.22,43.07,05-MAY-2021,02-Oct-2026
ISHAN,ISHAN.NS,ISHAN,SM,0.45,0.5,-9.999999999999998,48000,0.22,100.0,,02-Oct-2026
ISHANCH,ISHANCH.NS,Ishan Dyes and Chemicals Limited,EQ,47.3,47.82,-1.087411125052286,16306,7.71,82.28,24-MAR-2025,02-Oct-2026
ISTLTD,ISTLTD.NS,I S T Limited,EQ,635.0,642.9,-1.2288069684243237,857,5.48,86.81,17-AUG-2026,02-Oct-2026
IT,IT.NS,IT,EQ,31.15,30.83,1.0379500486539095,391831,122.1,42.57,,02-Oct-2026
ITADD,ITADD.NS,ITADD,EQ,29.78,29.55,0.7783417935702214,21138,6.3,47.79,,02-Oct-2026
ITALIANE,ITALIANE.NS,ITALIANE,SM,29.2,30.5,-4.262295081967215,8000,2.33,100.0,,02-Oct-2026
ITAXIS,ITAXIS.NS,ITAXIS,EQ,309.81,305.64,1.3643502159403271,3151,9.78,15.04,,02-Oct-2026
ITBEES,ITBEES.NS,ITBEES,EQ,31.38,30.86,1.6850291639662982,9614116,2997.29,47.77,,02-Oct-2026
ITBETA,ITBETA.NS,ITBETA,EQ,297.27,292.6,1.5960355434039504,704,2.08,57.81,,02-Oct-2026
ITC,ITC.NS,ITC Limited,EQ,255.9,262.75,-2.6070409134157924,16447266,42304.9,60.19,23-AUG-1995,02-Oct-2026
ITCHOTELS,ITCHOTELS.NS,ITC Hotels Limited,EQ,158.51,164.13,-3.424115030768296,2346443,3740.67,51.44,29-JAN-2025,02-Oct-2026
ITDC,ITDC.NS,India Tourism Development Corporation Limited,EQ,665.6,687.65,-3.20657311132116,162183,1086.63,28.07,30-DEC-2016,02-Oct-2026
ITETF,ITETF.NS,ITETF,EQ,29.92,29.47,1.5269765863590188,816968,243.14,54.41,,02-Oct-2026
ITI,ITI.NS,ITI Limited,EQ,241.54,246.4,-1.972402597402603,157624,381.59,40.65,15-SEP-2003,02-Oct-2026
ITIETF,ITIETF.NS,ITIETF,EQ,31.07,30.9,0.5501618122977402,702626,218.72,47.56,,02-Oct-2026
ITL,ITL.NS,ITL Industries Limited,EQ,348.0,351.2,-0.9111617312072862,4106,14.2,86.56,17-AUG-2026,02-Oct-2026
ITTL,ITTL.NS,ITTL,ST,60.75,61.95,-1.9370460048426197,105,0.06,100.0,,02-Oct-2026
IVALUE,IVALUE.NS,Ivalue Infosolutions Limited,EQ,219.28,222.76,-1.5622194289818594,195136,435.04,51.87,25-SEP-2025,02-Oct-2026
IVC,IVC.NS,IL&FS Investment Managers Limited,EQ,7.81,7.8,0.12820512820512547,348348,27.38,75.77,15-SEP-1999,02-Oct-2026
IVP,IVP.NS,IVP Limited,BE,224.81,225.91,-0.48691956974015954,10427,23.18,0.0,13-SEP-1995,02-Oct-2026
IVZBANKNF,IVZBANKNF.NS,IVZBANKNF,EQ,54.5,53.49,1.8882034025051373,353,0.19,85.84,,02-Oct-2026
IVZINGOLD,IVZINGOLD.NS,IVZINGOLD,EQ,128.0,128.9,-0.6982156710628438,82216,105.17,64.54,,02-Oct-2026
IVZINNIFTY,IVZINNIFTY.NS,IVZINNIFTY,EQ,258.5,259.83,-0.5118731478274196,1374,3.54,82.39,,02-Oct-2026
IVZSENSEX,IVZSENSEX.NS,IVZSENSEX,EQ,71.97,72.77,-1.0993541294489448,1718,1.24,78.7,,02-Oct-2026
IWARE,IWARE.NS,IWARE,ST,388.0,388.0,0.0,4200,16.25,85.71,,02-Oct-2026
IWP,IWP.NS,The Indian Wood Products Company Limited,EQ,36.46,37.52,-2.8251599147121595,33434,12.28,55.08,20-APR-2026,02-Oct-2026
IXIGO,IXIGO.NS,Le Travenues Technology Limited,EQ,161.9,162.89,-0.6077721161519927,665583,1075.4,47.12,18-JUN-2024,02-Oct-2026
IZMO,IZMO.NS,IZMO Limited,EQ,855.95,874.8,-2.1547782350251383,79046,675.1,40.86,05-FEB-2007,02-Oct-2026
J&KBANK,J&KBANK.NS,The Jammu & Kashmir Bank Limited,EQ,139.98,138.65,0.9592499098449219,3955477,5541.35,44.34,22-JUL-1998,02-Oct-2026
JAGRAN,JAGRAN.NS,Jagran Prakashan Limited,EQ,61.55,62.3,-1.2038523274478332,207076,127.32,62.74,22-FEB-2006,02-Oct-2026
JAGSNPHARM,JAGSNPHARM.NS,Jagsonpal Pharmaceuticals Limited,EQ,231.73,237.74,-2.527971733826878,144354,333.04,54.4,01-MAR-2000,02-Oct-2026
JAIBALAJI,JAIBALAJI.NS,Jai Balaji Industries Limited,EQ,61.72,62.24,-0.8354755784061746,504237,310.56,79.57,09-DEC-2003,02-Oct-2026
JAICORPLTD,JAICORPLTD.NS,Jai Corp Limited,EQ,89.54,91.69,-2.344857672592422,304700,272.02,42.51,26-NOV-1997,02-Oct-2026
JAINIK,JAINIK.NS,JAINIK,ST,186.8,193.8,-3.611971104231166,26400,48.72,81.82,,02-Oct-2026
JAINREC,JAINREC.NS,Jain Resource Recycling Limited,EQ,282.5,292.35,-3.3692491876175894,784762,2224.74,40.44,01-OCT-2025,02-Oct-2026
JAIPURKURT,JAIPURKURT.NS,Nandani Creation Limited,EQ,26.49,26.69,-0.7493443237167585,10275,2.69,82.53,02-SEP-2021,02-Oct-2026
JALAN,JALAN.NS,JALAN,ST,1.65,1.65,0.0,6000,0.1,100.0,,02-Oct-2026
JAMNAAUTO,JAMNAAUTO.NS,Jamna Auto Industries Limited,EQ,131.66,136.35,-3.4396773010634383,1577845,2075.01,44.26,10-DEC-2010,02-Oct-2026
JARO,JARO.NS,Jaro Institute of Technology Management and Research Limited,EQ,408.4,420.1,-2.7850511782908938,99816,411.98,36.69,30-SEP-2025,02-Oct-2026
JASH,JASH.NS,Jash Engineering Limited,EQ,576.3,591.65,-2.594439279979722,408620,2358.23,48.35,30-OCT-2019,02-Oct-2026
JAYAGROGN,JAYAGROGN.NS,Jayant Agro Organics Limited,EQ,211.22,223.18,-5.35890312752039,68473,147.18,63.83,17-APR-1996,02-Oct-2026
JAYBARMARU,JAYBARMARU.NS,Jay Bharat Maruti Limited,EQ,130.8,128.39,1.87709323156011,746037,957.46,33.31,03-JAN-1996,02-Oct-2026
JAYBEE,JAYBEE.NS,JAYBEE,SM,92.35,94.05,-1.8075491759702318,29000,27.65,72.41,,02-Oct-2026
JAYESH,JAYESH.NS,JAYESH,SM,115.3,123.95,-6.9786204114562365,49000,56.89,55.1,,02-Oct-2026
JAYKAY,JAYKAY.NS,Jaykay Enterprises Limited,EQ,201.46,204.93,-1.693261113550968,437158,890.37,44.39,03-DEC-2025,02-Oct-2026
JAYNECOIND,JAYNECOIND.NS,Jayaswal Neco Industries Limited,EQ,91.28,92.79,-1.6273305313072584,3192474,2903.66,43.42,10-MAY-1995,02-Oct-2026
JAYSREETEA,JAYSREETEA.NS,Jayshree Tea & Industries Limited,EQ,83.65,85.74,-2.4376020527175055,30269,25.55,63.87,15-FEB-1995,02-Oct-2026
JBMA,JBMA.NS,JBM Auto Limited,EQ,544.65,556.5,-2.12938005390836,403885,2188.97,39.11,17-DEC-2004,02-Oct-2026
JENBURPH,JENBURPH.NS,Jenburkt Pharmaceuticals Limited,EQ,915.25,914.6,0.07106931992127458,3262,30.07,72.1,17-AUG-2026,02-Oct-2026
JETFREIGHT,JETFREIGHT.NS,Jet Freight Logistics Limited,EQ,19.59,20.74,-5.544840887174535,232005,46.45,49.09,21-DEC-2021,02-Oct-2026
JEYYAM,JEYYAM.NS,JEYYAM,SM,20.0,20.4,-1.9607843137254832,14000,2.82,100.0,,02-Oct-2026
JFLLIFE,JFLLIFE.NS,JFLLIFE,SM,10.0,10.0,0.0,6000,0.6,100.0,,02-Oct-2026
JGCHEM,JGCHEM.NS,J.G.Chemicals Limited,EQ,610.3,645.1,-5.394512478685486,792128,4827.84,31.02,13-MAR-2024,02-Oct-2026
JHS,JHS.NS,JHS Svendgaard Laboratories Limited,EQ,11.7,12.45,-6.024096385542169,4065094,513.82,41.98,21-OCT-2006,02-Oct-2026
JINDALPHOT,JINDALPHOT.NS,Jindal Photo Limited,EQ,1031.8,1040.5,-0.8361364728495959,779,8.08,79.33,07-APR-2005,02-Oct-2026
JINDALPOLY,JINDALPOLY.NS,Jindal Poly Films Limited,EQ,653.7,672.55,-2.8027655936361477,15020,98.23,54.28,21-JAN-2002,02-Oct-2026
JINDALSAW,JINDALSAW.NS,Jindal Saw Limited,EQ,270.3,277.7,-2.6647461289160885,2164459,5797.84,50.59,29-APR-2003,02-Oct-2026
JINDALSTEL,JINDALSTEL.NS,JINDAL STEEL LIMITED,EQ,1100.5,1134.9,-3.0311040620319045,862948,9484.1,42.8,29-DEC-1999,02-Oct-2026
JINDRILL,JINDRILL.NS,Jindal Drilling And Industries Limited,EQ,587.65,600.6,-2.1561771561771637,168192,985.11,38.76,22-DEC-2006,02-Oct-2026
JINDWORLD,JINDWORLD.NS,Jindal Worldwide Limited,EQ,45.82,46.54,-1.5470562956596452,2785205,1268.79,28.14,25-NOV-2010,02-Oct-2026
JIOFIN,JIOFIN.NS,Jio Financial Services Limited,EQ,212.5,216.88,-2.019549981556619,28082023,59613.14,41.21,21-AUG-2023,02-Oct-2026
JISLDVREQS,JISLDVREQS.NS,Jain Irrigation Systems Limited,EQ,18.71,19.14,-2.2466039707419,20071,3.75,76.32,30-NOV-2011,02-Oct-2026
JISLJALEQS,JISLJALEQS.NS,Jain Irrigation Systems Limited,EQ,27.3,27.93,-2.2556390977443574,1630361,446.74,48.72,13-AUG-2001,02-Oct-2026
JITFINFRA,JITFINFRA.NS,JITF Infralogistics Limited,EQ,275.45,278.8,-1.2015781922525188,33140,90.12,58.56,27-FEB-2017,02-Oct-2026
JKCEMENT,JKCEMENT.NS,JK Cement Limited,EQ,4952.0,5076.0,-2.442868400315209,335492,16602.52,84.83,14-MAR-2006,02-Oct-2026
JKIL,JKIL.NS,J.Kumar Infraprojects Limited,EQ,461.85,463.3,-0.31297215627023284,85893,389.97,64.49,12-FEB-2008,02-Oct-2026
JKIPL,JKIPL.NS,Jinkushal Industries Limited,EQ,96.51,97.7,-1.2180143295803456,10633,10.32,55.06,03-OCT-2025,02-Oct-2026
JKLAKSHMI,JKLAKSHMI.NS,JK Lakshmi Cement Limited,EQ,476.6,492.3,-3.189112329880152,290321,1387.67,49.64,19-JUN-2006,02-Oct-2026
JKPAPER,JKPAPER.NS,JK Paper Limited,EQ,382.6,393.7,-2.819405638811269,365209,1401.62,52.34,16-JUN-2005,02-Oct-2026
JKTYRE,JKTYRE.NS,JK Tyre & Industries Limited,EQ,340.35,347.0,-1.9164265129682931,487795,1657.21,44.77,19-MAR-2007,02-Oct-2026
JLHL,JLHL.NS,Jupiter Life Line Hospitals Limited,EQ,259.85,253.6,2.4645110410094753,143186,366.68,56.33,18-SEP-2023,02-Oct-2026
JMA,JMA.NS,Jullundur Motor Agency (Delhi) Limited,EQ,87.64,89.6,-2.1874999999999933,7446,6.57,58.15,16-MAR-2015,02-Oct-2026
JMFINANCIL,JMFINANCIL.NS,JM Financial Limited,EQ,123.4,129.02,-4.355913811812125,1953202,2430.76,44.55,10-OCT-2006,02-Oct-2026
JNKINDIA,JNKINDIA.NS,JNK India Limited,EQ,432.7,438.2,-1.2551346417161113,180043,772.06,39.79,30-APR-2024,02-Oct-2026
JNPR,JNPR.NS,Juniper Green Energy Limited,EQ,268.25,273.3,-1.8477863154043217,469197,1268.11,44.66,06-AUG-2026,02-Oct-2026
JOCIL,JOCIL.NS,Jocil Limited,EQ,145.22,146.86,-1.116709791638305,952,1.38,84.35,08-OCT-2008,02-Oct-2026
JPOLYINVST,JPOLYINVST.NS,Jindal Poly Investment and Finance Company Limited,EQ,911.0,933.4,-2.3998285836725928,5263,48.2,56.87,11-NOV-2013,02-Oct-2026
JPPOWER,JPPOWER.NS,Jaiprakash Power Ventures Limited,EQ,14.8,15.13,-2.1810971579643095,41402005,6164.67,37.16,18-APR-2005,02-Oct-2026
JSFB,JSFB.NS,Jana Small Finance Bank Limited,EQ,482.4,489.3,-1.4101778050275973,795611,3802.74,52.88,14-FEB-2024,02-Oct-2026
JSIPL,JSIPL.NS,Jindal Supreme (India) Limited,BE,168.82,160.79,4.994091672367686,282671,473.75,0.0,23-SEP-2026,02-Oct-2026
JSL,JSL.NS,Jindal Stainless Limited,EQ,732.7,747.4,-1.9668183034519577,764831,5615.14,60.02,17-NOV-2003,02-Oct-2026
JSLL,JSLL.NS,Jeena Sikho Lifecare Limited,EQ,480.8,500.8,-3.993610223642172,905116,4360.05,45.82,11-AUG-2025,02-Oct-2026
JSWCEMENT,JSWCEMENT.NS,JSW Cement Limited,EQ,111.6,113.38,-1.5699417886752527,1956465,2179.43,56.51,14-AUG-2025,02-Oct-2026
JSWDULUX,JSWDULUX.NS,JSW Dulux Limited,EQ,3020.6,3079.0,-1.8967197141929226,22765,683.05,51.93,28-JUN-2001,02-Oct-2026
JSWENERGY,JSWENERGY.NS,JSW Energy Limited,EQ,485.0,494.7,-1.9607843137254881,1851516,8976.19,54.74,04-JAN-2010,02-Oct-2026
JSWHL,JSWHL.NS,JSW Holdings Limited,EQ,11258.0,11346.0,-0.7756037369998238,3211,361.54,54.87,21-JUN-2005,02-Oct-2026
JSWINFRA,JSWINFRA.NS,JSW Infrastructure Limited,EQ,357.45,356.6,0.2383623107122731,3430947,11966.38,49.09,03-OCT-2023,02-Oct-2026
JSWSTEEL,JSWSTEEL.NS,JSW Steel Limited,EQ,1233.0,1253.4,-1.6275730014361012,3158301,38990.91,58.44,23-MAR-2005,02-Oct-2026
JTEKTINDIA,JTEKTINDIA.NS,Jtekt India Limited,EQ,115.84,116.58,-0.6347572482415464,131859,153.42,57.58,12-JAN-2004,02-Oct-2026
JTLIND,JTLIND.NS,JTL INDUSTRIES LIMITED,EQ,86.23,88.28,-2.32215677390122,2529585,2167.47,42.78,12-JUN-2023,02-Oct-2026
JUBLCPL,JUBLCPL.NS,Jubilant Agri and Consumer Products Limited,EQ,2037.3,2061.2,-1.1595187269551652,4880,99.31,46.02,14-FEB-2025,02-Oct-2026
JUBLFOOD,JUBLFOOD.NS,Jubilant Foodworks Limited,EQ,443.4,456.7,-2.9121961900591224,1560787,6927.33,46.12,08-FEB-2010,02-Oct-2026
JUBLINGREA,JUBLINGREA.NS,Jubilant Ingrevia Limited,EQ,638.0,653.2,-2.3270055113288493,244199,1556.83,51.63,19-MAR-2021,02-Oct-2026
JUBLPHARMA,JUBLPHARMA.NS,Jubilant Pharmova Limited,EQ,999.3,1028.8,-2.8674183514774496,336042,3348.95,51.52,16-JUN-2003,02-Oct-2026
JUNIORBEES,JUNIORBEES.NS,JUNIORBEES,EQ,747.52,756.31,-1.162221840250686,759141,5667.14,66.8,,02-Oct-2026
JUNIPER,JUNIPER.NS,Juniper Hotels Limited,EQ,214.99,213.42,0.7356386467997478,188659,402.5,55.67,28-FEB-2024,02-Oct-2026
JUSTDIAL,JUSTDIAL.NS,Just Dial Limited,EQ,653.15,666.15,-1.9515124221271485,123750,810.71,47.06,05-JUN-2013,02-Oct-2026
JWL,JWL.NS,Jupiter Wagons Limited,EQ,223.93,233.12,-3.9421757035003417,2250251,5047.81,21.02,18-OCT-2010,02-Oct-2026
JYOTHYLAB,JYOTHYLAB.NS,Jyothy Labs Limited,EQ,182.91,186.7,-2.0299946438136005,392204,715.92,45.9,19-DEC-2007,02-Oct-2026
JYOTICNC,JYOTICNC.NS,Jyoti CNC Automation Limited,EQ,1032.1,1039.85,-0.7452998028561812,652149,6654.62,40.84,16-JAN-2024,02-Oct-2026
JYOTIGLOBL,JYOTIGLOBL.NS,JYOTIGLOBL,SM,44.95,43.95,2.2753128555176336,12000,5.34,100.0,,02-Oct-2026
JYOTIRES,JYOTIRES.NS,Jyoti Resins & Adhesives Limited,EQ,840.65,835.45,0.6224190555987709,5241,43.98,70.44,17-AUG-2026,02-Oct-2026
JYOTISTRUC,JYOTISTRUC.NS,Jyoti Structures Limited,EQ,8.9,8.9,0.0,3855748,340.28,55.24,19-JUL-1995,02-Oct-2026
K2INFRA,K2INFRA.NS,K2INFRA,SM,42.9,42.1,1.9002375296912046,10200,4.33,94.12,,02-Oct-2026
KABRAEXTRU,KABRAEXTRU.NS,Kabra Extrusion Technik Limited,BE,765.3,805.55,-4.996586183352989,120365,935.73,0.0,06-SEP-1995,02-Oct-2026
KAJARIACER,KAJARIACER.NS,Kajaria Ceramics Limited,EQ,1225.1,1235.1,-0.8096510404015871,633743,7858.85,60.33,01-JUN-2004,02-Oct-2026
KAKATCEM,KAKATCEM.NS,Kakatiya Cement Sugar & Industries Limited,EQ,103.09,105.18,-1.987069785130256,1238,1.28,86.51,13-DEC-1995,02-Oct-2026
KALAMANDIR,KALAMANDIR.NS,Sai Silks (Kalamandir) Limited,EQ,74.37,76.27,-2.4911498623311807,488731,364.67,51.24,27-SEP-2023,02-Oct-2026
KALANA,KALANA.NS,KALANA,SM,18.5,17.95,3.064066852367692,10000,1.8,100.0,,02-Oct-2026
KALPATARU,KALPATARU.NS,Kalpataru Limited,EQ,273.5,278.7,-1.865805525654822,42743,117.37,47.64,01-JUL-2025,02-Oct-2026
KALYANIFRG,KALYANIFRG.NS,Kalyani Forge Limited,BE,944.75,991.05,-4.67181272387871,1512,14.41,0.0,20-DEC-2007,02-Oct-2026
KALYANKJIL,KALYANKJIL.NS,Kalyan Jewellers India Limited,EQ,528.5,553.15,-4.456295760643583,7831270,41961.79,31.1,26-MAR-2021,02-Oct-2026
KAMAHOLD,KAMAHOLD.NS,Kama Holdings Limited,EQ,2263.0,2286.8,-1.0407556410704994,2071,46.76,52.97,20-APR-2026,02-Oct-2026
KAMANWALA,KAMANWALA.NS,Kamanwala Housing Construction Limited,EQ,17.14,16.9,1.4201183431952782,1805,0.3,94.35,17-AUG-2026,02-Oct-2026
KAMATHOTEL,KAMATHOTEL.NS,Kamat Hotels (I) Limited,EQ,237.45,237.2,0.10539629005059022,52906,124.85,68.13,29-MAY-1996,02-Oct-2026
KAMDHENU,KAMDHENU.NS,Kamdhenu Limited,EQ,37.59,38.08,-1.2867647058823395,1112530,415.79,51.51,09-MAY-2006,02-Oct-2026
KAMOPAINTS,KAMOPAINTS.NS,Kamdhenu Ventures Limited,EQ,4.1,4.14,-0.966183574879228,98248,4.03,78.54,24-JAN-2023,02-Oct-2026
KANANIIND,KANANIIND.NS,Kanani Industries Limited,EQ,1.34,1.36,-1.4705882352941189,83111,1.12,67.06,14-DEC-2011,02-Oct-2026
KANCHI,KANCHI.NS,Kanchi Karpooram Limited,EQ,379.8,388.05,-2.126014688828759,5206,19.46,66.83,20-APR-2026,02-Oct-2026
KANCOTEA,KANCOTEA.NS,Kanco Tea & Industries Limited,EQ,53.0,53.9,-1.669758812615953,183,0.1,100.0,17-AUG-2026,02-Oct-2026
KANDARP,KANDARP.NS,KANDARP,SM,59.65,62.75,-4.940239043824703,7000,4.18,100.0,,02-Oct-2026
KANOHAR,KANOHAR.NS,Kanohar Electricals Limited,EQ,906.35,856.75,5.78932010504815,5002996,44279.22,14.49,16-SEP-2026,02-Oct-2026
KANORICHEM,KANORICHEM.NS,Kanoria Chemicals & Industries Limited,BE,189.02,198.77,-4.905166775670373,35879,68.59,0.0,08-FEB-1995,02-Oct-2026
KANPRPLA,KANPRPLA.NS,Kanpur Plastipack Limited,EQ,245.55,249.0,-1.3855421686746943,12538,30.87,63.37,01-JAN-2021,02-Oct-2026
KANSAINER,KANSAINER.NS,Kansai Nerolac Paints Limited,EQ,175.27,177.99,-1.5281757402101235,242728,424.61,49.1,15-SEP-2003,02-Oct-2026
KAPSTON,KAPSTON.NS,Kapston Services Limited,EQ,542.35,550.35,-1.453620423366948,107028,578.15,53.5,27-MAY-2020,02-Oct-2026
KARAMTARA,KARAMTARA.NS,Karamtara Engineering Limited,EQ,410.95,395.35,3.945870747438969,11786236,48661.31,17.03,17-SEP-2026,02-Oct-2026
KARMAENG,KARMAENG.NS,Karma Energy Limited,EQ,36.33,37.43,-2.9388191290408803,10243,3.74,79.63,28-JUN-2011,02-Oct-2026
KARNIKA,KARNIKA.NS,KARNIKA,SM,123.7,123.0,0.5691056910569129,32000,39.25,90.63,,02-Oct-2026
KARURVYSYA,KARURVYSYA.NS,Karur Vysya Bank Limited,EQ,325.3,324.8,0.15394088669950737,3073268,10010.42,58.38,26-JUL-2000,02-Oct-2026
KATARIA,KATARIA.NS,KATARIA,SM,159.1,161.0,-1.180124223602488,10800,17.1,88.89,,02-Oct-2026
KAUSHALYA,KAUSHALYA.NS,Kaushalya Infrastructure Development Corporation Limited,BE,834.0,837.0,-0.35842293906810035,3,0.03,0.0,14-DEC-2007,02-Oct-2026
KAVDEFENCE,KAVDEFENCE.NS,Kavveri Defence & Wireless Technologies Limited,BE,77.6,79.48,-2.365374937091104,118018,90.92,0.0,29-JAN-2008,02-Oct-2026
KAYA,KAYA.NS,Kaya Limited,BE,298.15,307.2,-2.9459635416666705,6532,19.86,0.0,14-AUG-2015,02-Oct-2026
KAYNES,KAYNES.NS,Kaynes Technology India Limited,EQ,3399.0,3501.0,-2.9134532990574122,964281,32983.07,24.82,22-NOV-2022,02-Oct-2026
KAYTEX,KAYTEX.NS,KAYTEX,SM,55.4,55.4,0.0,800,0.44,100.0,,02-Oct-2026
KCEIL,KCEIL.NS,KCEIL,SM,79.4,82.5,-3.7575757575757507,11500,9.26,91.3,,02-Oct-2026
KCK,KCK.NS,KCK,ST,14.1,14.25,-1.052631578947371,117500,16.74,93.62,,02-Oct-2026
KCP,KCP.NS,KCP Limited,EQ,154.17,154.15,0.012974375608162055,92889,141.63,60.07,09-APR-1997,02-Oct-2026
KCPSUGIND,KCPSUGIND.NS,KCP Sugar and Industries Corporation Limited,BE,26.71,28.04,-4.74322396576319,133953,36.17,0.0,11-JUN-1997,02-Oct-2026
KDDL,KDDL.NS,KDDL Limited,EQ,3911.2,3886.9,0.6251768761738076,36409,1424.25,50.78,23-MAR-2016,02-Oct-2026
KDGREEN,KDGREEN.NS,KD Green Industries Limited,EQ,46.76,47.72,-2.011735121542332,42907,20.56,90.33,17-AUG-2026,02-Oct-2026
KDL,KDL.NS,KDL,SM,47.2,49.65,-4.934541792547827,3900,1.84,100.0,,02-Oct-2026
KEC,KEC.NS,KEC International Limited,EQ,372.35,377.25,-1.2988734261100006,624895,2341.36,38.47,10-MAR-2006,02-Oct-2026
KECL,KECL.NS,Kirloskar Electric Company Limited,EQ,120.43,120.64,-0.17407161803713012,134808,161.23,44.58,09-MAR-2010,02-Oct-2026
KEEPLEARN,KEEPLEARN.NS,DSJ Keep Learning Limited,EQ,1.84,1.85,-0.540540540540541,17203,0.32,56.84,01-MAR-1995,02-Oct-2026
KEI,KEI.NS,KEI Industries Limited,EQ,4502.0,4455.0,1.0549943883277215,320912,14436.33,43.82,23-MAR-2006,02-Oct-2026
KELLTONTEC,KELLTONTEC.NS,Kellton Tech Solutions Limited,EQ,12.42,12.85,-3.346303501945523,2047721,255.86,52.23,02-MAR-2016,02-Oct-2026
KEN,KEN.NS,KEN,SM,40.0,40.9,-2.200488997555009,2400,0.96,50.0,,02-Oct-2026
KENNAMET,KENNAMET.NS,Kennametal India Limited,EQ,4277.5,4131.0,3.5463568143306707,40122,1699.4,34.45,20-APR-2026,02-Oct-2026
KERNEX,KERNEX.NS,Kernex Microsystems (India) Limited,EQ,1643.5,1686.0,-2.520759193357058,158148,2597.01,43.74,20-DEC-2005,02-Oct-2026
KESORAMIND,KESORAMIND.NS,Kesoram Industries Limited,EQ,10.73,10.92,-1.7399267399267355,601028,63.87,54.68,06-SEP-1995,02-Oct-2026
KEYFINSERV,KEYFINSERV.NS,Keynote Financial Services Limited,EQ,244.05,242.95,0.4527680592714644,984,2.37,46.14,26-JUN-1996,02-Oct-2026
KFINTECH,KFINTECH.NS,Kfin Technologies Limited,EQ,832.0,840.0,-0.9523809523809524,857914,7125.68,45.86,29-DEC-2022,02-Oct-2026
KHADIM,KHADIM.NS,Khadim India Limited,BE,113.4,114.17,-0.6744328632740615,11912,13.48,0.0,14-NOV-2017,02-Oct-2026
KHAICHEM,KHAICHEM.NS,Khaitan Chemicals & Fertilizers Limited,EQ,49.22,48.76,0.9433962264150962,125316,61.17,71.36,30-OCT-2020,02-Oct-2026
KHAITANLTD,KHAITANLTD.NS,Khaitan (India) Limited,EQ,147.19,146.25,0.6427350427350412,900,1.33,76.22,20-DEC-1995,02-Oct-2026
KHANDSE,KHANDSE.NS,Khandwala Securities Limited,EQ,16.76,17.2,-2.5581395348837077,5474,0.92,94.36,07-FEB-2001,02-Oct-2026
KHERIAAUTO,KHERIAAUTO.NS,KHERIAAUTO,ST,96.5,101.55,-4.972919743968486,104400,102.11,94.25,,02-Oct-2026
KHFM,KHFM.NS,KHFM,SM,41.95,40.45,3.7082818294190356,1550,0.65,100.0,,02-Oct-2026
KICL,KICL.NS,Kalyani Investment Company Limited,EQ,4693.2,4799.0,-2.20462596374245,6414,301.08,34.05,14-JAN-2011,02-Oct-2026
KILITCH,KILITCH.NS,Kilitch Drugs (India) Limited,BE,218.51,213.32,2.4329645602850167,22964,49.07,0.0,29-SEP-2010,02-Oct-2026
KIMS,KIMS.NS,Krishna Institute of Medical Sciences Limited,EQ,736.25,746.4,-1.3598606645230409,900776,6593.19,63.81,28-JUN-2021,02-Oct-2026
KINGFA,KINGFA.NS,Kingfa Science & Technology (India) Limited,EQ,6586.5,6482.5,1.604319321249518,16414,1066.99,43.74,15-NOV-2016,02-Oct-2026
KIOCL,KIOCL.NS,KIOCL Limited,EQ,323.85,332.3,-2.542882937105022,71413,232.77,28.57,29-NOV-2016,02-Oct-2026
KIRANVYPAR,KIRANVYPAR.NS,Kiran Vyapar Limited,EQ,179.21,187.15,-4.242586160833555,1302,2.35,73.96,20-APR-2026,02-Oct-2026
KIRIINDUS,KIRIINDUS.NS,Kiri Industries Limited,EQ,544.6,541.3,0.6096434509514259,555859,3014.5,51.96,22-APR-2008,02-Oct-2026
KIRLFER,KIRLFER.NS,Kirloskar Ferrous Industries Limited,EQ,465.85,470.0,-0.8829787234042504,105289,489.62,68.37,20-APR-2026,02-Oct-2026
KIRLOSBROS,KIRLOSBROS.NS,Kirloskar Brothers Limited,EQ,1767.6,1774.9,-0.41129077694519023,131484,2302.32,57.79,20-APR-2010,02-Oct-2026
KIRLOSENG,KIRLOSENG.NS,Kirloskar Oil Engines Limited,EQ,2242.7,2304.2,-2.6690391459074734,719348,16241.57,32.63,24-DEC-2010,02-Oct-2026
KIRLOSIND,KIRLOSIND.NS,Kirloskar Industries Limited,EQ,3471.4,3570.7,-2.7809673173327285,5877,205.39,62.38,24-JUN-2010,02-Oct-2026
KIRLPNU,KIRLPNU.NS,Kirloskar Pneumatic Company Limited,EQ,681.95,676.7,0.7758238510418206,97672,660.15,48.28,26-APR-2023,02-Oct-2026
KISSHT,KISSHT.NS,OnEMI Technology Solutions Limited,EQ,371.15,369.55,0.43295900419428107,3578605,13306.0,33.05,08-MAY-2026,02-Oct-2026
KITEX,KITEX.NS,Kitex Garments Limited,EQ,116.68,119.55,-2.4006691760769474,245777,288.63,43.35,25-SEP-2012,02-Oct-2026
KJMCFIN,KJMCFIN.NS,KJMC Financial Services Limited,EQ,58.38,60.0,-2.6999999999999957,809,0.47,70.33,17-AUG-2026,02-Oct-2026
KKCL,KKCL.NS,Kewal Kiran Clothing Limited,EQ,475.65,460.35,3.3235581622678296,30350,139.85,43.83,13-APR-2006,02-Oct-2026
KKVAPOW,KKVAPOW.NS,KKVAPOW,SM,305.0,310.85,-1.8819366253820242,342,1.03,100.0,,02-Oct-2026
KLBRENG-B,KLBRENG-B.NS,Kilburn Engineering Limited,EQ,523.95,523.95,0.0,193647,1007.15,46.2,20-APR-2026,02-Oct-2026
KLL,KLL.NS,KLL,ST,38.0,39.9,-4.761904761904758,26400,10.15,100.0,,02-Oct-2026
KMCSHIL,KMCSHIL.NS,K M C Speciality Hospitals (India) Limited,EQ,171.94,171.14,0.4674535468037931,796289,1383.87,29.3,17-AUG-2026,02-Oct-2026
KMEW,KMEW.NS,Knowledge Marine & Engineering Works Limited,EQ,2950.1,3041.5,-3.0050961696531346,138291,4093.58,58.55,14-NOV-2024,02-Oct-2026
KMSUGAR,KMSUGAR.NS,K.M.Sugar Mills Limited,BE,27.74,33.68,-17.63657957244656,237020,66.03,0.0,31-MAY-2007,02-Oct-2026
KNACK,KNACK.NS,Knack Packaging Limited,EQ,180.67,180.0,0.3722222222222153,634416,1145.92,55.57,08-JUL-2026,02-Oct-2026
KNAGRI,KNAGRI.NS,KN Agri Resources Limited,EQ,200.5,198.13,1.1961843234240168,3523,7.01,67.13,09-DEC-2025,02-Oct-2026
KNRCON,KNRCON.NS,KNR Constructions Limited,EQ,113.29,118.58,-4.461123292292117,1901783,2177.99,45.99,18-FEB-2008,02-Oct-2026
KODYTECH,KODYTECH.NS,KODYTECH,ST,1518.9,1536.85,-1.1679734521911584,6000,91.06,91.67,,02-Oct-2026
KOHINOOR,KOHINOOR.NS,Kohinoor Foods Limited,EQ,30.03,30.58,-1.7985611510791275,168205,50.78,33.56,20-OCT-1999,02-Oct-2026
KOKUYOCMLN,KOKUYOCMLN.NS,Kokuyo Camlin Limited,EQ,74.77,75.87,-1.4498484249374042,17633,13.25,72.95,28-JUL-2008,02-Oct-2026
KOLTEPATIL,KOLTEPATIL.NS,Kolte - Patil Developers Limited,EQ,418.8,424.85,-1.4240320112981077,65771,275.62,38.26,13-DEC-2007,02-Oct-2026
KONSTELEC,KONSTELEC.NS,KONSTELEC,ST,53.65,56.45,-4.9601417183348175,15000,8.14,73.33,,02-Oct-2026
KONTOR,KONTOR.NS,KONTOR,SM,50.0,51.4,-2.7237354085603087,1200,0.61,100.0,,02-Oct-2026
KOPRAN,KOPRAN.NS,Kopran Limited,EQ,282.05,278.32,1.3401839609083135,714330,1960.71,33.28,09-JUN-1999,02-Oct-2026
KORE,KORE.NS,KORE,ST,183.8,183.45,0.19078768056692438,4000,7.39,100.0,,02-Oct-2026
KOTAKBANK,KOTAKBANK.NS,Kotak Mahindra Bank Limited,EQ,418.35,417.0,0.3237410071942501,76637247,327133.13,58.17,20-DEC-1995,02-Oct-2026
KOTARISUG,KOTARISUG.NS,Kothari Sugars And Chemicals Limited,BE,25.68,26.08,-1.5337423312883383,31052,8.14,0.0,13-DEC-2004,02-Oct-2026
KOTHARIPET,KOTHARIPET.NS,Kothari Petrochemicals Limited,EQ,126.58,129.43,-2.201962450745583,44925,57.38,60.21,02-NOV-1996,02-Oct-2026
KOTHARIPRO,KOTHARIPRO.NS,Kothari Products Limited,EQ,63.77,65.35,-2.4177505738331924,6914,4.43,76.87,03-JUN-1998,02-Oct-2026
KOTIC,KOTIC.NS,Kothari Industrial Corporation Limited,EQ,147.1,152.7,-3.667321545514077,11789,17.66,56.15,20-APR-2026,02-Oct-2026
KOTYARK,KOTYARK.NS,Kotyark Industries Limited,EQ,28.23,29.83,-5.363727790814609,197856,56.35,55.17,12-MAR-2026,02-Oct-2026
KOVAI,KOVAI.NS,Kovai Medical Center & Hospital Limited,EQ,5993.5,6007.0,-0.2247378058931247,10377,618.61,63.71,20-APR-2026,02-Oct-2026
KPEL,KPEL.NS,K.P. Energy Limited,EQ,218.0,220.41,-1.09341681411914,348580,773.87,28.25,14-NOV-2024,02-Oct-2026
KPIGREEN,KPIGREEN.NS,KPI Green Energy Limited,EQ,345.6,358.95,-3.7191809444212196,1572284,5510.68,27.05,27-JUL-2021,02-Oct-2026
KPIL,KPIL.NS,Kalpataru Projects International Limited,EQ,1356.4,1380.6,-1.75286107489496,115268,1573.68,49.49,15-DEC-2000,02-Oct-2026
KPITTECH,KPITTECH.NS,KPIT Technologies Limited,EQ,492.0,499.1,-1.422560609096378,1989750,9836.74,28.42,22-APR-2019,02-Oct-2026
KPL,KPL.NS,Kwality Pharmaceuticals Limited,EQ,3564.4,3641.4,-2.1145713187235677,41775,1482.79,45.09,20-APR-2026,02-Oct-2026
KPRMILL,KPRMILL.NS,K.P.R. Mill Limited,EQ,1071.0,1103.3,-2.9275808936825847,104769,1124.88,47.59,28-AUG-2007,02-Oct-2026
KRBL,KRBL.NS,KRBL Limited,EQ,375.9,381.6,-1.4937106918239111,470715,1762.12,42.84,21-JAN-2002,02-Oct-2026
KREBSBIO,KREBSBIO.NS,Krebs Biochemicals and Industries Limited,EQ,68.05,60.2,13.039867109634542,610828,411.35,45.86,03-JAN-1996,02-Oct-2026
KRIDHANINF,KRIDHANINF.NS,Kridhan Infra Limited,EQ,1.85,1.88,-1.5957446808510536,104582,1.98,76.14,11-DEC-2015,02-Oct-2026
KRISHANA,KRISHANA.NS,Krishana Phoschem Limited,EQ,184.59,188.23,-1.9338043882484124,1805453,3320.02,53.15,22-AUG-2019,02-Oct-2026
KRISHCA,KRISHCA.NS,KRISHCA,SM,215.75,220.15,-1.9986372927549425,33500,70.08,58.21,,02-Oct-2026
KRISHIVAL,KRISHIVAL.NS,Krishival Foods Limited,EQ,394.5,401.85,-1.8290406868234472,10666,42.61,59.51,20-JUN-2025,02-Oct-2026
KRISHNADEF,KRISHNADEF.NS,Krishna Defence And Allied Industries Limited,EQ,1000.9,1032.8,-3.0886909372579376,66116,666.29,46.35,30-DEC-2025,02-Oct-2026
KRITI,KRITI.NS,Kriti Industries (India) Limited,EQ,60.77,61.0,-0.3770491803278637,7823,4.7,68.99,01-NOV-2021,02-Oct-2026
KRITIKA,KRITIKA.NS,Kritika Wires Limited,EQ,4.91,4.91,0.0,85581,4.22,85.1,04-MAY-2022,02-Oct-2026
KRITINUT,KRITINUT.NS,Kriti Nutrients Limited,EQ,66.53,69.81,-4.698467268299672,44496,30.06,69.93,07-OCT-2022,02-Oct-2026
KRMAYURVED,KRMAYURVED.NS,KRMAYURVED,SM,284.4,297.2,-4.306864064602965,165000,463.55,67.88,,02-Oct-2026
KRN,KRN.NS,KRN Heat Exchanger and Refrigeration Limited,EQ,1414.7,1436.5,-1.5175774451792519,168444,2373.95,57.17,03-OCT-2024,02-Oct-2026
KRONOX,KRONOX.NS,Kronox Lab Sciences Limited,BE,205.77,216.38,-4.9034106664201795,72814,151.97,0.0,10-JUN-2024,02-Oct-2026
KROSS,KROSS.NS,Kross Limited,EQ,258.4,263.05,-1.7677247671545462,670329,1726.55,30.99,16-SEP-2024,02-Oct-2026
KRSNAA,KRSNAA.NS,Krsnaa Diagnostics Limited,EQ,554.85,559.95,-0.9107956067506067,77525,428.15,60.05,16-AUG-2021,02-Oct-2026
KRYSTAL,KRYSTAL.NS,Krystal Integrated Services Limited,EQ,610.2,626.2,-2.555094219099329,5346,32.63,54.81,21-MAR-2024,02-Oct-2026
KSB,KSB.NS,Ksb Limited,EQ,806.45,856.1,-5.799556126620719,403813,3308.91,40.96,08-FEB-1995,02-Oct-2026
KSCL,KSCL.NS,Kaveri Seed Company Limited,EQ,715.1,725.65,-1.453868945083712,156961,1122.04,27.49,04-OCT-2007,02-Oct-2026
KSE,KSE.NS,KSE Limited,EQ,174.84,177.81,-1.6703222540914453,6272,11.03,93.75,17-AUG-2026,02-Oct-2026
KSHINTL,KSHINTL.NS,KSH International Limited,EQ,1028.2,1001.1,2.7070222754969557,214036,2170.37,35.98,23-DEC-2025,02-Oct-2026
KSHITIJPOL,KSHITIJPOL.NS,Kshitij Polyline Limited,BE,3.94,4.14,-4.830917874396129,150511,5.93,0.0,27-JUL-2022,02-Oct-2026
KSL,KSL.NS,Kalyani Steels Limited,EQ,913.0,965.4,-5.427801947379322,248373,2289.89,43.93,19-MAY-2010,02-Oct-2026
KSOLVES,KSOLVES.NS,Ksolves India Limited,EQ,241.14,248.8,-3.0787781350482413,60635,146.56,50.21,23-SEP-2022,02-Oct-2026
KSR,KSR.NS,KSR Footwear Limited,BE,37.38,39.32,-4.933875890132242,15719,5.96,0.0,27-NOV-2025,02-Oct-2026
KTKBANK,KTKBANK.NS,The Karnataka Bank Limited,EQ,321.6,329.0,-2.24924012158054,3306218,10653.03,64.78,10-MAY-2000,02-Oct-2026
KUANTUM,KUANTUM.NS,Kuantum Papers Limited,EQ,76.71,76.35,0.47151277013752385,115445,87.98,75.91,23-OCT-2019,02-Oct-2026
KUSUMGAR,KUSUMGAR.NS,Kusumgar Limited,EQ,592.55,600.95,-1.397786837507295,165663,979.37,42.52,15-JUL-2026,02-Oct-2026
KWIL,KWIL.NS,Kwality Wall's (India) Limited,EQ,38.36,39.22,-2.19275879653238,8923982,3430.97,48.0,16-FEB-2026,02-Oct-2026
LADDERUP,LADDERUP.NS,Ladderup Finance Limited,BE,50.27,51.98,-3.289726818006914,703,0.35,0.0,17-AUG-2026,02-Oct-2026
LAGNAM,LAGNAM.NS,Lagnam Spintex Limited,EQ,71.9,72.24,-0.4706533776301069,1327,0.96,85.23,30-SEP-2021,02-Oct-2026
LAHOTIOV,LAHOTIOV.NS,Lahoti Overseas Limited,EQ,39.26,41.25,-4.824242424242429,1923,0.77,94.8,20-APR-2026,02-Oct-2026
LAKPRE,LAKPRE.NS,Lakshmi Precision Screws Limited,BZ,5.25,5.25,0.0,1,0.0,0.0,26-SEP-2006,02-Oct-2026
LAKSHMIMIL,LAKSHMIMIL.NS,Lakshmi Mills Company Limited,EQ,7819.5,7632.5,2.4500491320013102,11,0.84,54.55,17-AUG-2026,02-Oct-2026
LAKSHYA,LAKSHYA.NS,LAKSHYA,SM,101.95,107.3,-4.986020503261877,16800,17.2,80.95,,02-Oct-2026
LAL,LAL.NS,Lorenzini Apparels Limited,EQ,8.45,8.42,0.35629453681709455,48289,4.19,83.12,10-APR-2023,02-Oct-2026
LALITHAA,LALITHAA.NS,Lalithaa Jewellery Mart Limited,EQ,387.85,381.9,1.5579994763027092,7022551,26814.19,40.74,24-AUG-2026,02-Oct-2026
LALPATHLAB,LALPATHLAB.NS,Dr. Lal Path Labs Ltd.,EQ,2005.1,1987.0,0.9109209864116714,542969,10852.22,46.16,23-DEC-2015,02-Oct-2026
LAMBODHARA,LAMBODHARA.NS,Lambodhara Textiles Limited,EQ,128.64,129.28,-0.4950495049505065,16329,21.4,40.61,04-FEB-2015,02-Oct-2026
LAMOSAIC,LAMOSAIC.NS,LAMOSAIC,ST,47.35,49.8,-4.91967871485943,14400,6.97,95.83,,02-Oct-2026
LANCER,LANCER.NS,Lancer Container Lines Limited,EQ,11.05,11.45,-3.493449781659377,244904,27.38,79.33,17-AUG-2026,02-Oct-2026
LANCORHOL,LANCORHOL.NS,Lancor Holdings Limited,BE,31.59,32.83,-3.7770332013402332,83240,26.95,0.0,12-MAR-2024,02-Oct-2026
LANDMARK,LANDMARK.NS,Landmark Cars Limited,EQ,463.25,475.7,-2.617195711582928,205673,953.51,27.63,23-DEC-2022,02-Oct-2026
LANDSMILL,LANDSMILL.NS,Landsmill Green Limited,EQ,1.05,0.96,9.375000000000009,35042099,329.85,57.0,03-AUG-2009,02-Oct-2026
LAOPALA,LAOPALA.NS,La Opala RG Limited,EQ,156.11,156.18,-0.044820079395564844,104311,162.74,48.5,16-MAR-2007,02-Oct-2026
LARGEMID50,LARGEMID50.NS,LARGEMID50,EQ,34.05,34.42,-1.074956420685661,8614,2.93,100.0,,02-Oct-2026
LASERPOWER,LASERPOWER.NS,Laser Power & Infra Limited,EQ,262.75,263.85,-0.4169035436801299,1298164,3372.62,54.64,16-JUL-2026,02-Oct-2026
LATENTVIEW,LATENTVIEW.NS,Latent View Analytics Limited,EQ,234.48,236.0,-0.6440677966101738,421557,987.15,48.87,23-NOV-2021,02-Oct-2026
LATTEYS,LATTEYS.NS,Latteys Industries Limited,EQ,20.91,20.91,0.0,60087,12.56,57.17,23-MAY-2023,02-Oct-2026
LAURUSLABS,LAURUSLABS.NS,Laurus Labs Limited,EQ,1984.0,1980.0,0.20202020202020202,1459687,28950.99,46.24,19-DEC-2016,02-Oct-2026
LAXMICOT,LAXMICOT.NS,Laxmi Cotspin Limited,EQ,13.3,13.01,2.22905457340508,4850,0.64,57.63,12-NOV-2021,02-Oct-2026
LAXMIDENTL,LAXMIDENTL.NS,Laxmi Dental Limited,EQ,193.87,191.42,1.2799080555845874,61062,117.46,58.13,20-JAN-2025,02-Oct-2026
LAXMIINDIA,LAXMIINDIA.NS,Laxmi India Finance Limited,EQ,119.02,121.1,-1.7175887696118897,51642,61.21,50.75,05-AUG-2025,02-Oct-2026
LCCINFOTEC,LCCINFOTEC.NS,LCC Infotech Limited,BE,3.9,4.02,-2.9850746268656634,17024,0.68,0.0,02-MAR-2000,02-Oct-2026
LCCPROJECT,LCCPROJECT.NS,LCC Projects Limited,EQ,151.47,154.36,-1.8722466960352517,1009923,1534.53,47.83,17-SEP-2026,02-Oct-2026
LCL,LCL.NS,Lohia Corp Limited,EQ,553.6,557.15,-0.6371713183164237,187699,1030.19,45.49,30-JUL-2026,02-Oct-2026
LEAPIND,LEAPIND.NS,LEAP India Limited,EQ,137.03,137.78,-0.5443460589345333,1240296,1682.0,42.14,14-AUG-2026,02-Oct-2026
LEENEE,LEENEE.NS,Lee & Nee Softwares Exports Limited,BE,7.59,7.58,0.13192612137202883,1967,0.15,0.0,17-AUG-2026,02-Oct-2026
LEMERITE,LEMERITE.NS,Le Merite Exports Limited,EQ,19.28,19.93,-3.261414952333159,622057,118.68,59.92,12-DEC-2025,02-Oct-2026
LEMONTREE,LEMONTREE.NS,Lemon Tree Hotels Limited,EQ,107.67,104.25,3.280575539568347,32197118,35184.51,18.74,09-APR-2018,02-Oct-2026
LENSKART,LENSKART.NS,Lenskart Solutions Limited,EQ,691.15,685.05,0.8904459528501604,5044066,34599.0,58.06,10-NOV-2025,02-Oct-2026
LEXUS,LEXUS.NS,Lexus Granito (India) Limited,EQ,10.56,11.76,-10.204081632653056,173028,18.05,57.03,13-MAR-2023,02-Oct-2026
LFIC,LFIC.NS,Lakshmi Finance & Industrial Corporation Limited,EQ,133.82,131.22,1.9814052735863392,384,0.5,74.22,15-APR-2015,02-Oct-2026
LGBBROSLTD,LGBBROSLTD.NS,LG Balakrishnan & Bros Limited,EQ,1711.1,1730.1,-1.0982024160453154,50389,863.6,69.03,30-MAR-2010,02-Oct-2026
LGEINDIA,LGEINDIA.NS,LG Electronics India Limited,EQ,1721.8,1723.5,-0.09863649550333888,560330,9624.22,54.55,14-OCT-2025,02-Oct-2026
LGHL,LGHL.NS,Laxmi Goldorna House Limited,EQ,219.47,200.04,9.7130573885223,148758,323.09,71.45,10-NOV-2023,02-Oct-2026
LIBAS,LIBAS.NS,Libas Consumer Products Limited,EQ,11.29,11.87,-4.886267902274643,18202,2.07,48.77,23-JUL-2019,02-Oct-2026
LIBERTSHOE,LIBERTSHOE.NS,Liberty Shoes Limited,EQ,216.78,221.01,-1.9139405456766616,16325,35.47,52.19,27-SEP-1995,02-Oct-2026
LICHSGFIN,LICHSGFIN.NS,LIC Housing Finance Limited,EQ,509.0,530.2,-3.9984911354206045,5986497,30735.44,47.67,29-JUL-1998,02-Oct-2026
LICI,LICI.NS,Life Insurance Corporation Of India,EQ,391.85,395.2,-0.8476720647773193,5862855,22939.47,52.54,17-MAY-2022,02-Oct-2026
LICMFGOLD,LICMFGOLD.NS,LICMFGOLD,EQ,132.25,132.35,-0.07555723460520915,245375,325.37,85.47,,02-Oct-2026
LICNETFGSC,LICNETFGSC.NS,LICNETFGSC,EQ,28.93,29.04,-0.37878787878787684,139919,40.55,98.92,,02-Oct-2026
LICNETFN50,LICNETFN50.NS,LICNETFN50,EQ,253.45,255.11,-0.6506996981694269,316,0.8,100.0,,02-Oct-2026
LICNETFSEN,LICNETFSEN.NS,LICNETFSEN,EQ,827.0,824.25,0.33363663936912347,18,0.15,94.44,,02-Oct-2026
LICNFNHGP,LICNFNHGP.NS,LICNFNHGP,EQ,265.23,264.99,0.09056945545115253,1034,2.67,81.53,,02-Oct-2026
LICNMID100,LICNMID100.NS,LICNMID100,EQ,58.64,59.63,-1.6602381351668656,15814,9.33,42.23,,02-Oct-2026
LIKHITHA,LIKHITHA.NS,Likhitha Infrastructure Limited,EQ,225.62,234.29,-3.700542063254935,84998,191.39,50.17,15-OCT-2020,02-Oct-2026
LINC,LINC.NS,Linc Limited,EQ,86.54,88.63,-2.3581180187295376,25684,22.34,67.36,09-MAR-2015,02-Oct-2026
LINCOLN,LINCOLN.NS,Lincoln Pharmaceuticals Limited,EQ,582.05,585.65,-0.6147016135917396,61905,359.79,84.68,17-DEC-2015,02-Oct-2026
LINDEINDIA,LINDEINDIA.NS,Linde India Limited,EQ,6247.5,6323.0,-1.1940534556381464,42491,2695.13,28.36,16-JUN-1999,02-Oct-2026
LIQGRWBEES,LIQGRWBEES.NS,LIQGRWBEES,EQ,1058.04,1057.5,0.051063829787230605,53307,564.01,63.15,,02-Oct-2026
LIQUID,LIQUID.NS,LIQUID,EQ,999.99,999.99,0.0,524402,5243.97,89.54,,02-Oct-2026
LIQUID1,LIQUID1.NS,LIQUID1,EQ,1125.4,1124.82,0.05156380576449162,1758991,19795.71,63.5,,02-Oct-2026
LIQUIDADD,LIQUIDADD.NS,LIQUIDADD,EQ,1147.56,1146.97,0.05143988072921856,686268,7875.39,86.29,,02-Oct-2026
LIQUIDBEES,LIQUIDBEES.NS,LIQUIDBEES,EQ,999.99,1000.0,-0.0009999999999990906,3531595,35315.81,77.54,,02-Oct-2026
LIQUIDBETA,LIQUIDBETA.NS,LIQUIDBETA,EQ,1010.57,1010.02,0.05445436724025942,2,0.02,100.0,,02-Oct-2026
LIQUIDBETF,LIQUIDBETF.NS,LIQUIDBETF,EQ,1101.46,1100.89,0.05177629009255569,481834,5307.18,57.82,,02-Oct-2026
LIQUIDCASE,LIQUIDCASE.NS,LIQUIDCASE,EQ,116.2,116.15,0.043047783039171034,27379736,31818.44,65.51,,02-Oct-2026
LIQUIDETF,LIQUIDETF.NS,LIQUIDETF,EQ,1000.0,999.99,0.0010000100000990915,197180,1971.8,71.9,,02-Oct-2026
LIQUIDIETF,LIQUIDIETF.NS,LIQUIDIETF,EQ,999.99,999.99,0.0,187633,1876.32,69.9,,02-Oct-2026
LIQUIDPLUS,LIQUIDPLUS.NS,LIQUIDPLUS,EQ,1105.97,1105.38,0.05337530984818959,396983,4390.53,82.22,,02-Oct-2026
LIQUIDSBI,LIQUIDSBI.NS,LIQUIDSBI,EQ,1000.0,1000.01,-0.0009999900000990894,11600,116.0,54.73,,02-Oct-2026
LIQUIDSHRI,LIQUIDSHRI.NS,LIQUIDSHRI,EQ,1124.12,1123.55,0.050732054648207583,37736,424.2,86.99,,02-Oct-2026
LKPSEC,LKPSEC.NS,LKP Securities Limited,EQ,14.56,14.14,2.97029702970297,13996,2.0,78.82,17-AUG-2026,02-Oct-2026
LLOYDS,LLOYDS.NS,LLOYDS,SM,59.45,62.0,-4.112903225806447,11000,6.65,81.82,,02-Oct-2026
LLOYDSENGG,LLOYDSENGG.NS,LLOYDS ENGINEERING WORKS LIMITED,EQ,98.31,98.64,-0.3345498783454971,15406969,14962.41,31.88,18-JUL-2016,02-Oct-2026
LLOYDSENT,LLOYDSENT.NS,Lloyds Enterprises Limited,EQ,77.95,79.23,-1.6155496655307344,3290009,2541.54,37.97,17-OCT-2024,02-Oct-2026
LLOYDSME,LLOYDSME.NS,Lloyds Metals And Energy Limited,EQ,1776.8,1884.0,-5.690021231422508,982427,17670.65,52.26,17-JUL-2023,02-Oct-2026
LMW,LMW.NS,LMW Limited,EQ,16548.0,16862.0,-1.8621753054204722,3047,503.29,49.79,29-MAR-1995,02-Oct-2026
LODHA,LODHA.NS,Lodha Developers Limited,EQ,1105.6,1135.0,-2.590308370044061,2249380,24853.84,54.2,19-APR-2021,02-Oct-2026
LOKESHMACH,LOKESHMACH.NS,Lokesh Machines Limited,EQ,400.8,365.9,9.538125170811707,991506,3919.08,19.27,05-MAY-2006,02-Oct-2026
LORDSCHLO,LORDSCHLO.NS,Lords Chloro Alkali Limited,EQ,138.81,138.54,0.1948895625812114,7956,10.99,66.09,28-AUG-2023,02-Oct-2026
LOTUSCHO,LOTUSCHO.NS,Lotus Chocolate Company Limited,EQ,540.35,550.35,-1.8170255292086854,2353,12.83,73.01,17-AUG-2026,02-Oct-2026
LOTUSDEV,LOTUSDEV.NS,Sri Lotus Developers and Realty Limited,BE,230.07,224.53,2.467376297154052,1685413,3761.87,0.0,06-AUG-2025,02-Oct-2026
LOTUSEYE,LOTUSEYE.NS,Lotus Eye Hospital and Institute Limited,EQ,115.68,115.89,-0.18120631633444967,5854,6.78,87.68,11-JUL-2008,02-Oct-2026
LOVABLE,LOVABLE.NS,Lovable Lingerie Limited,EQ,68.29,71.05,-3.8845883180858425,10164,7.01,78.88,24-MAR-2011,02-Oct-2026
LOWVOL,LOWVOL.NS,LOWVOL,EQ,191.67,193.0,-0.6891191709844624,736,1.4,40.76,,02-Oct-2026
LOWVOL1,LOWVOL1.NS,LOWVOL1,EQ,19.71,19.67,0.2033553634977079,1333744,263.01,79.23,,02-Oct-2026
LOWVOLIETF,LOWVOLIETF.NS,LOWVOLIETF,EQ,20.58,20.66,-0.38722168441433613,637860,131.04,69.98,,02-Oct-2026
LOYALTEX,LOYALTEX.NS,Loyal Textile Mills Limited,EQ,207.5,209.67,-1.0349596985739438,156,0.33,94.23,11-AUG-2022,02-Oct-2026
LPDC,LPDC.NS,Landmark Property Development Company Limited,EQ,6.21,6.18,0.48543689320388755,12938,0.81,73.26,12-AUG-2008,02-Oct-2026
LRRPL,LRRPL.NS,LRRPL,SM,109.95,108.2,1.6173752310536045,27000,29.94,77.78,,02-Oct-2026
LT,LT.NS,Larsen & Toubro Limited,EQ,3693.4,3760.0,-1.7712765957446783,2220932,82078.01,59.8,23-JUN-2004,02-Oct-2026
LTF,LTF.NS,L&T Finance Limited,EQ,264.35,265.0,-0.24528301886791595,7097076,18943.84,44.81,12-AUG-2011,02-Oct-2026
LTFOODS,LTFOODS.NS,LT Foods Limited,EQ,399.15,400.4,-0.3121878121878122,813144,3239.5,54.61,18-DEC-2006,02-Oct-2026
LTGILTBEES,LTGILTBEES.NS,LTGILTBEES,EQ,29.49,29.58,-0.30425963488843766,1679910,495.79,87.11,,02-Oct-2026
LTGILTCASE,LTGILTCASE.NS,LTGILTCASE,EQ,30.07,30.16,-0.29840848806366005,202168,60.85,83.42,,02-Oct-2026
LTM,LTM.NS,LTM Limited,EQ,4007.0,4045.0,-0.9394313967861558,479221,19200.28,38.92,21-JUL-2016,02-Oct-2026
LTTS,LTTS.NS,L&T Technology Services Limited,EQ,3267.8,3228.6,1.2141485473579965,80220,2586.12,44.92,23-SEP-2016,02-Oct-2026
LUMAXIND,LUMAXIND.NS,Lumax Industries Limited,EQ,5550.0,5568.5,-0.33222591362126247,16937,926.88,47.73,06-SEP-1995,02-Oct-2026
LUMAXTECH,LUMAXTECH.NS,Lumax Auto Technologies Limited,EQ,1978.9,2076.7,-4.709394712765432,238440,4712.63,39.58,16-JAN-2007,02-Oct-2026
LUMINO,LUMINO.NS,Lumino Industries Limited,EQ,96.48,102.46,-5.836423970329875,11824903,11495.79,33.04,03-SEP-2026,02-Oct-2026
LUPIN,LUPIN.NS,Lupin Limited,EQ,2031.2,2030.2,0.04925623091321052,825892,16666.45,55.73,10-SEP-2001,02-Oct-2026
LUXIND,LUXIND.NS,Lux Industries Limited,EQ,1092.0,1107.0,-1.3550135501355014,16586,180.63,50.88,30-NOV-2015,02-Oct-2026
LXCHEM,LXCHEM.NS,Laxmi Organic Industries Limited,EQ,181.39,177.36,2.27221470455569,1470337,2616.97,31.26,25-MAR-2021,02-Oct-2026
LYKALABS,LYKALABS.NS,Lyka Labs Limited,BE,81.55,83.21,-1.9949525297440172,2701,2.2,0.0,08-FEB-1995,02-Oct-2026
M&M,M&M.NS,Mahindra & Mahindra Limited,EQ,2860.0,2950.0,-3.050847457627119,5453321,155818.51,58.85,03-JAN-1996,02-Oct-2026
M&MFIN,M&MFIN.NS,Mahindra & Mahindra Financial Services Limited,EQ,319.75,324.85,-1.5699553640141675,3088333,9875.65,64.81,17-MAR-2006,02-Oct-2026
MAANALU,MAANALU.NS,Maan Aluminium Limited,EQ,99.34,100.17,-0.8285913946291288,65004,63.96,51.78,22-OCT-2007,02-Oct-2026
MACOBSTECH,MACOBSTECH.NS,MACOBSTECH,SM,199.5,190.2,4.889589905362782,56800,114.2,80.28,,02-Oct-2026
MACPOWER,MACPOWER.NS,Macpower CNC Machines Limited,EQ,2144.8,2096.0,2.328244274809169,97223,2098.96,24.33,19-AUG-2020,02-Oct-2026
MADHAV,MADHAV.NS,Madhav Marbles and Granites Limited,EQ,34.49,34.16,0.9660421545667607,2418,0.85,42.6,20-DEC-2007,02-Oct-2026
MADHAVBAUG,MADHAVBAUG.NS,MADHAVBAUG,ST,177.55,172.5,2.9275362318840643,11600,20.23,100.0,,02-Oct-2026
MADHAVIPL,MADHAVIPL.NS,Madhav Infra Projects Limited,EQ,7.31,7.31,0.0,58715,4.3,80.1,20-APR-2026,02-Oct-2026
MADHUCON,MADHUCON.NS,Madhucon Projects Limited,EQ,3.99,4.19,-4.773269689737474,53394,2.16,84.22,05-OCT-2006,02-Oct-2026
MADHURKNIT,MADHURKNIT.NS,MADHURKNIT,SM,56.85,53.8,5.669144981412648,124800,70.01,93.27,,02-Oct-2026
MADHUSUDAN,MADHUSUDAN.NS,MADHUSUDAN,ST,234.65,236.25,-0.6772486772486749,7000,16.31,100.0,,02-Oct-2026
MADRASFERT,MADRASFERT.NS,Madras Fertilizers Limited,EQ,57.46,58.77,-2.229028415858435,18994,10.96,61.52,25-JUL-1997,02-Oct-2026
MAFANG,MAFANG.NS,MAFANG,EQ,248.21,240.79,3.081523319074719,880463,2162.49,49.61,,02-Oct-2026
MAFATIND,MAFATIND.NS,Mafatlal Industries Limited,EQ,114.38,117.54,-2.6884464863025443,19878,22.87,64.63,20-APR-2026,02-Oct-2026
MAGADSUGAR,MAGADSUGAR.NS,Magadh Sugar & Energy Limited,EQ,511.75,531.25,-3.670588235294118,32778,168.97,47.21,28-JUL-2017,02-Oct-2026
MAGNUM,MAGNUM.NS,Magnum Ventures Limited,EQ,18.62,18.48,0.7575757575757607,1812,0.34,91.89,20-SEP-2007,02-Oct-2026
MAGSON,MAGSON.NS,MAGSON,SM,179.35,180.0,-0.36111111111111427,24000,43.08,100.0,,02-Oct-2026
MAHABANK,MAHABANK.NS,Bank of Maharashtra,EQ,80.5,79.37,1.423711729872742,9608211,7700.89,35.04,12-APR-2004,02-Oct-2026
MAHAPEXLTD,MAHAPEXLTD.NS,Maha Rashtra Apex Corporation Limited,EQ,50.18,51.0,-1.6078431372549025,11656,5.86,82.51,21-JAN-1998,02-Oct-2026
MAHASTEEL,MAHASTEEL.NS,Mahamaya Steel Industries Limited,BE,1182.5,1189.0,-0.5466778805719091,3755,43.3,0.0,01-JUL-2016,02-Oct-2026
MAHEPC,MAHEPC.NS,Mahindra EPC Irrigation Limited,EQ,96.3,96.74,-0.4548273723382238,13455,13.0,91.36,14-FEB-2020,02-Oct-2026
MAHESHWARI,MAHESHWARI.NS,Maheshwari Logistics Limited,EQ,69.95,73.43,-4.739207408416184,11065,7.91,83.92,15-APR-2019,02-Oct-2026
MAHICKRA,MAHICKRA.NS,MAHICKRA,SM,289.0,280.0,3.214285714285714,18000,50.17,62.5,,02-Oct-2026
MAHKTECH,MAHKTECH.NS,MAHKTECH,EQ,21.58,21.89,-1.416171767930572,615456,134.46,60.05,,02-Oct-2026
MAHLIFE,MAHLIFE.NS,Mahindra Lifespace Developers Limited,EQ,351.15,360.3,-2.5395503746877695,103902,367.99,37.48,10-MAY-2000,02-Oct-2026
MAHLOG,MAHLOG.NS,Mahindra Logistics Limited,EQ,416.4,435.85,-4.462544453366994,243388,1020.65,48.57,10-NOV-2017,02-Oct-2026
MAHSCOOTER,MAHSCOOTER.NS,Maharashtra Scooters Limited,EQ,12380.0,12576.0,-1.55852417302799,7480,920.81,55.99,08-FEB-1995,02-Oct-2026
MAHSEAMLES,MAHSEAMLES.NS,Maharashtra Seamless Limited,EQ,698.75,737.65,-5.273503694163896,458963,3227.45,44.4,25-AUG-2004,02-Oct-2026
MAITHANALL,MAITHANALL.NS,Maithan Alloys Limited,EQ,927.0,925.25,0.18913807079167794,75762,692.54,61.76,05-JUL-2011,02-Oct-2026
MAITREYA,MAITREYA.NS,MAITREYA,SM,117.4,114.0,2.9824561403508825,2800,3.22,57.14,,02-Oct-2026
MAJESAUT,MAJESAUT.NS,Majestic Auto Limited,BE,366.2,367.8,-0.4350190320826598,1143,4.14,0.0,20-APR-2026,02-Oct-2026
MAKEINDIA,MAKEINDIA.NS,MAKEINDIA,EQ,154.68,157.7,-1.9150285351933936,43942,67.96,58.51,,02-Oct-2026
MAKERSL,MAKERSL.NS,Makers Laboratories Limited,EQ,183.5,181.75,0.9628610729023385,4971,9.01,91.87,17-AUG-2026,02-Oct-2026
MAKS,MAKS.NS,MAKS,SM,14.25,15.0,-5.0,3000,0.43,100.0,,02-Oct-2026
MAL,MAL.NS,MAL,ST,41.0,41.0,0.0,4800,1.98,100.0,,02-Oct-2026
MALLCOM,MALLCOM.NS,Mallcom (India) Limited,EQ,935.2,938.95,-0.3993822887267693,3251,30.32,85.24,02-FEB-2022,02-Oct-2026
MALUPAPER,MALUPAPER.NS,Malu Paper Mills Limited,EQ,31.04,31.47,-1.3663806800127096,7568,2.34,61.32,05-APR-2006,02-Oct-2026
MAMATA,MAMATA.NS,Mamata Machinery Limited,EQ,399.9,398.8,0.27582748244733346,63090,250.17,57.02,27-DEC-2024,02-Oct-2026
MANAKALUCO,MANAKALUCO.NS,Manaksia Aluminium Company Limited,EQ,33.76,34.32,-1.6317016317016382,43425,14.53,66.37,30-MAR-2015,02-Oct-2026
MANAKCOAT,MANAKCOAT.NS,Manaksia Coated Metals & Industries Limited,EQ,126.59,126.98,-0.30713498188691174,539492,679.02,46.42,30-MAR-2015,02-Oct-2026
MANAKSIA,MANAKSIA.NS,Manaksia Limited,EQ,59.56,59.99,-0.7167861310218365,30068,17.84,60.49,08-JAN-2008,02-Oct-2026
MANAKSTEEL,MANAKSTEEL.NS,Manaksia Steels Limited,BE,108.89,110.33,-1.3051753829420807,23191,24.94,0.0,30-MAR-2015,02-Oct-2026
MANALIPETC,MANALIPETC.NS,Manali Petrochemicals Limited,EQ,78.15,80.98,-3.494690046925165,1364744,1058.34,35.46,06-DEC-2006,02-Oct-2026
MANAPPURAM,MANAPPURAM.NS,Manappuram Finance Limited,EQ,308.9,315.85,-2.2004115877790236,7653852,23878.73,49.09,01-DEC-2014,02-Oct-2026
MANBA,MANBA.NS,Manba Finance Limited,EQ,139.01,136.84,1.5857936275942615,229896,315.3,59.09,30-SEP-2024,02-Oct-2026
MANCREDIT,MANCREDIT.NS,Mangal Credit and Fincorp Limited,EQ,218.97,220.73,-0.7973542336791515,98616,215.17,4.44,16-AUG-2024,02-Oct-2026
MANDEEP,MANDEEP.NS,MANDEEP,SM,18.4,18.15,1.3774104683195594,18000,3.22,88.89,,02-Oct-2026
MANGALAM,MANGALAM.NS,Mangalam Drugs And Organics Limited,EQ,29.15,30.74,-5.172413793103448,34164,10.24,69.34,23-MAY-2005,02-Oct-2026
MANGLMCEM,MANGLMCEM.NS,Mangalam Cement Limited,EQ,984.65,993.2,-0.8608538058799906,188691,1853.15,74.37,03-JAN-1996,02-Oct-2026
MANIKA,MANIKA.NS,Manika Plastech Limited,BE,41.98,42.34,-0.8502598016060616,397420,167.08,0.0,21-SEP-2026,02-Oct-2026
MANILAM,MANILAM.NS,MANILAM,SM,38.0,38.0,0.0,2000,0.76,100.0,,02-Oct-2026
MANINDS,MANINDS.NS,Man Industries (India) Limited,EQ,921.55,907.35,1.5649969691960026,998005,9050.51,26.62,24-JUN-2005,02-Oct-2026
MANINFRA,MANINFRA.NS,Man Infraconstruction Limited,EQ,124.3,126.86,-2.017972568185403,1251549,1559.07,36.21,11-MAR-2010,02-Oct-2026
MANIPALHOS,MANIPALHOS.NS,Manipal Health Enterprises Limited,EQ,696.0,708.3,-1.7365523083439158,977241,6800.09,41.38,05-AUG-2026,02-Oct-2026
MANKIND,MANKIND.NS,Mankind Pharma Limited,EQ,2535.0,2503.8,1.2461059190031079,427905,10718.19,53.59,09-MAY-2023,02-Oct-2026
MANOMAY,MANOMAY.NS,Manomay Tex India Limited,EQ,240.08,240.66,-0.24100390592536527,323589,780.56,15.87,18-JAN-2023,02-Oct-2026
MANORAMA,MANORAMA.NS,Manorama Industries Limited,EQ,1880.3,1852.8,1.4842400690846287,485712,9128.89,41.64,01-JUL-2022,02-Oct-2026
MANORG,MANORG.NS,Mangalam Organics Limited,EQ,436.8,452.25,-3.416252072968488,5487,23.94,77.77,02-NOV-2021,02-Oct-2026
MANUFGBEES,MANUFGBEES.NS,MANUFGBEES,EQ,153.68,155.82,-1.3733795404954348,40367,61.79,67.99,,02-Oct-2026
MANUGRAPH,MANUGRAPH.NS,Manugraph India Limited,BE,16.46,17.32,-4.965357967667433,45086,7.44,0.0,14-SEP-2006,02-Oct-2026
MANYAVAR,MANYAVAR.NS,Vedant Fashions Limited,EQ,519.2,535.1,-2.9714072136049294,106163,559.53,49.1,16-FEB-2022,02-Oct-2026
MAPMYINDIA,MAPMYINDIA.NS,C.E. Info Systems Limited,EQ,845.75,858.1,-1.4392261974128917,92181,783.17,40.76,21-DEC-2021,02-Oct-2026
MARALOVER,MARALOVER.NS,Maral Overseas Limited,EQ,57.7,60.31,-4.327640523959541,20740,12.02,72.04,08-FEB-1995,02-Oct-2026
MARATHON,MARATHON.NS,Marathon Nextgen Realty Limited,EQ,388.1,389.15,-0.26981883592443906,84020,321.14,57.65,29-SEP-2016,02-Oct-2026
MARC,MARC.NS,MARC,ST,144.95,147.95,-2.0277120648867863,6000,8.51,80.0,,02-Oct-2026
MARICO,MARICO.NS,Marico Limited,EQ,781.35,786.0,-0.5916030534351117,1777571,13834.88,57.74,01-MAY-1996,02-Oct-2026
MARINE,MARINE.NS,Marine Electricals (India) Limited,EQ,436.55,429.55,1.6296123850541264,1481138,6377.76,32.51,02-DEC-2020,02-Oct-2026
MARKOLINES,MARKOLINES.NS,Markolines Pavement Technologies Limited,EQ,167.26,167.72,-0.2742666348676413,208712,346.92,15.01,14-OCT-2025,02-Oct-2026
MARKSANS,MARKSANS.NS,Marksans Pharma Limited,EQ,325.6,322.3,1.0238907849829386,2445782,7951.58,39.74,21-JAN-2002,02-Oct-2026
MARSONS,MARSONS.NS,Marsons Limited,EQ,114.26,115.44,-1.0221760221760159,1908792,2189.97,35.45,13-MAR-2026,02-Oct-2026
MARUSHIKA,MARUSHIKA.NS,MARUSHIKA,SM,117.0,111.1,5.310531053105317,6000,6.96,100.0,,02-Oct-2026
MARUTI,MARUTI.NS,Maruti Suzuki India Limited,EQ,11386.0,11967.0,-4.855017966073368,885820,102230.04,45.98,09-JUL-2003,02-Oct-2026
MASFIN,MASFIN.NS,MAS Financial Services Limited,EQ,272.85,282.7,-3.484258931729737,188700,514.53,57.2,18-OCT-2017,02-Oct-2026
MASKINVEST,MASKINVEST.NS,Mask Investments Limited,EQ,143.41,150.95,-4.995031467373297,84,0.12,100.0,14-OCT-2016,02-Oct-2026
MASON,MASON.NS,MASON,SM,105.0,107.85,-2.642559109874821,4000,4.24,100.0,,02-Oct-2026
MASPTOP50,MASPTOP50.NS,MASPTOP50,EQ,101.54,99.66,1.8864138069436183,535441,539.72,58.82,,02-Oct-2026
MASTEK,MASTEK.NS,Mastek Limited,EQ,1555.6,1562.8,-0.46071154338367326,72494,1133.24,37.26,10-MAY-1995,02-Oct-2026
MASTER,MASTER.NS,MASTER,SM,404.0,390.0,3.5897435897435894,1500,5.85,100.0,,02-Oct-2026
MASTERTR,MASTERTR.NS,Master Trust Limited,EQ,81.66,82.14,-0.5843681519357243,184334,149.92,23.0,12-NOV-2024,02-Oct-2026
MATRIMONY,MATRIMONY.NS,Matrimony.Com Limited,EQ,497.0,523.8,-5.116456662848408,19572,98.08,58.84,21-SEP-2017,02-Oct-2026
MAWANASUG,MAWANASUG.NS,Mawana Sugars Limited,EQ,138.84,145.01,-4.254878973863863,169840,235.98,47.92,20-MAR-2009,02-Oct-2026
MAXESTATES,MAXESTATES.NS,Max Estates Limited,EQ,566.25,587.1,-3.5513541134389413,96922,546.58,51.94,30-OCT-2023,02-Oct-2026
MAXHEALTH,MAXHEALTH.NS,Max Healthcare Institute Limited,EQ,940.95,929.8,1.1991826199182718,5464461,50739.26,52.55,21-AUG-2020,02-Oct-2026
MAXIND,MAXIND.NS,Max India Limited,EQ,162.78,160.83,1.2124603618727778,73481,116.76,68.82,28-AUG-2020,02-Oct-2026
MAXPOSURE,MAXPOSURE.NS,MAXPOSURE,SM,36.0,36.15,-0.41493775933609567,1000,0.36,100.0,,02-Oct-2026
MAXVOLT,MAXVOLT.NS,MAXVOLT,SM,425.05,442.45,-3.9326477568086737,98800,434.35,60.73,,02-Oct-2026
MAYURUNIQ,MAYURUNIQ.NS,Mayur Uniquoters Ltd,EQ,711.55,734.35,-3.1047865459249766,79848,570.24,51.86,25-SEP-2012,02-Oct-2026
MAZDA,MAZDA.NS,Mazda Limited,BE,288.15,303.3,-4.995054401582602,32502,96.52,0.0,01-NOV-2016,02-Oct-2026
MAZDOCK,MAZDOCK.NS,Mazagon Dock Shipbuilders Limited,EQ,2064.0,2113.0,-2.318977756743966,648362,13399.69,39.98,12-OCT-2020,02-Oct-2026
MBAPL,MBAPL.NS,Madhya Bharat Agro Products Limited,EQ,165.83,170.63,-2.813104377893678,867077,1450.91,55.64,22-AUG-2019,02-Oct-2026
MBECL,MBECL.NS,Mcnally Bharat Engineering Company Limited,BE,494.0,484.32,1.998678559629998,4423,21.85,0.0,06-OCT-2006,02-Oct-2026
MBEL,MBEL.NS,M & B Engineering Limited,EQ,251.75,249.0,1.104417670682731,116191,291.66,54.06,06-AUG-2025,02-Oct-2026
MBLINFRA,MBLINFRA.NS,MBL Infrastructure Limited,EQ,23.11,22.85,1.1378555798687002,94794,21.76,59.89,11-JAN-2010,02-Oct-2026
MCCHRLS-B,MCCHRLS-B.NS,Mac Charles India Limited,EQ,690.0,689.85,0.02174385736029242,27,0.18,100.0,20-APR-2026,02-Oct-2026
MCL,MCL.NS,M TEK COPPER LIMITED,EQ,54.64,56.74,-3.701092703560101,92121,50.72,67.12,19-AUG-2020,02-Oct-2026
MCLEODRUSS,MCLEODRUSS.NS,Mcleod Russel India Limited,EQ,42.51,44.74,-4.98435404559679,306748,131.94,65.33,29-JUL-2005,02-Oct-2026
MCLOUD,MCLOUD.NS,Magellanic Cloud Limited,EQ,24.25,25.06,-3.2322426177174735,969374,236.7,39.75,07-FEB-2025,02-Oct-2026
MCON,MCON.NS,MCON,SM,40.25,40.95,-1.7094017094017162,6000,2.41,100.0,,02-Oct-2026
MCX,MCX.NS,Multi Commodity Exchange of India Limited,EQ,3204.0,3300.4,-2.920858077808753,2002629,65105.68,47.86,09-MAR-2012,02-Oct-2026
MEDANTA,MEDANTA.NS,Global Health Limited,EQ,1357.3,1365.0,-0.5641025641025674,363086,4927.5,58.41,16-NOV-2022,02-Oct-2026
MEDIASSIST,MEDIASSIST.NS,Medi Assist Healthcare Services Limited,EQ,298.5,302.25,-1.240694789081886,541713,1614.11,53.75,23-JAN-2024,02-Oct-2026
MEDICAMEQ,MEDICAMEQ.NS,Medicamen Biotech Limited,BE,318.6,321.75,-0.979020979020972,30246,95.14,0.0,27-OCT-2021,02-Oct-2026
MEDICAPQ,MEDICAPQ.NS,Medi Caps Limited,BE,26.05,25.6,1.7578124999999973,1811,0.45,0.0,17-AUG-2026,02-Oct-2026
MEDICO,MEDICO.NS,Medico Remedies Limited,EQ,21.86,21.53,1.5327450069670148,361586,78.56,57.46,26-MAY-2022,02-Oct-2026
MEDIORG,MEDIORG.NS,MEDIORG,SM,24.55,24.05,2.0790020790020787,2000,0.49,100.0,,02-Oct-2026
MEDISTEP,MEDISTEP.NS,MEDISTEP,SM,20.5,21.2,-3.3018867924528266,15000,3.01,80.0,,02-Oct-2026
MEDPLUS,MEDPLUS.NS,Medplus Health Services Limited,EQ,654.3,654.9,-0.09161704076958663,134611,878.09,57.59,23-DEC-2021,02-Oct-2026
MEESHO,MEESHO.NS,Meesho Limited,EQ,218.69,227.75,-3.9780461031833156,6218981,13757.25,42.72,10-DEC-2025,02-Oct-2026
MEGAFLEX,MEGAFLEX.NS,MEGAFLEX,SM,109.1,103.95,4.954304954304946,1000,1.09,100.0,,02-Oct-2026
MEGASTAR,MEGASTAR.NS,Megastar Foods Limited,EQ,267.18,249.05,7.279662718329651,6106,15.94,85.01,16-FEB-2022,02-Oct-2026
MEGATHERM,MEGATHERM.NS,MEGATHERM,SM,243.6,249.0,-2.1686746987951833,12800,31.56,84.38,,02-Oct-2026
MEIL,MEIL.NS,Mangal Electrical Industries Limited,EQ,262.1,264.85,-1.038323579384557,40132,105.08,76.4,28-AUG-2025,02-Oct-2026
MENNPIS,MENNPIS.NS,Menon Pistons Limited,BE,71.21,72.28,-1.480354178195915,14736,10.48,0.0,20-APR-2026,02-Oct-2026
MENONBE,MENONBE.NS,Menon Bearings Limited,EQ,288.4,296.2,-2.6333558406482145,66161,190.09,56.77,09-MAR-2015,02-Oct-2026
MEP,MEP.NS,MEP Infrastructure Developers Limited,BZ,0.67,0.67,0.0,57369,0.38,0.0,06-MAY-2015,02-Oct-2026
MERCANTILE,MERCANTILE.NS,Mercantile Ventures Limited,EQ,22.98,22.99,-0.043497172683766905,1264,0.28,98.97,20-APR-2026,02-Oct-2026
MERCURYEV,MERCURYEV.NS,Mercury Ev-Tech Limited,EQ,37.06,38.17,-2.9080429656798517,385240,143.97,44.25,02-JUN-2026,02-Oct-2026
METAL,METAL.NS,METAL,EQ,12.59,12.91,-2.4786986831913267,4090627,516.38,81.67,,02-Oct-2026
METALIC,METALIC.NS,METALIC,ST,177.6,169.7,4.655274012964058,155200,267.87,87.63,,02-Oct-2026
METALIETF,METALIETF.NS,METALIETF,EQ,12.61,12.89,-2.172226532195509,11863163,1494.29,48.17,,02-Oct-2026
METROBRAND,METROBRAND.NS,Metro Brands Limited,EQ,833.5,841.75,-0.9801009801009801,39313,325.87,52.01,22-DEC-2021,02-Oct-2026
METROGLOBL,METROGLOBL.NS,Metroglobal Limited,EQ,131.52,133.9,-1.7774458551157546,208,0.27,66.35,20-APR-2026,02-Oct-2026
METROPOLIS,METROPOLIS.NS,Metropolis Healthcare Limited,EQ,537.9,541.7,-0.7014952925973912,446423,2411.07,65.55,15-APR-2019,02-Oct-2026
MFML,MFML.NS,Mahalaxmi Fabric Mills Limited,EQ,18.72,18.63,0.4830917874396128,1926,0.35,69.06,27-AUG-2024,02-Oct-2026
MFSL,MFSL.NS,Max Financial Services Limited,EQ,1392.0,1373.4,1.3543031891655677,1151973,15992.39,54.21,17-MAY-2000,02-Oct-2026
MGEL,MGEL.NS,Mangalam Global Enterprise Limited,EQ,15.34,15.89,-3.4612964128382675,442161,68.37,57.25,23-DEC-2020,02-Oct-2026
MGL,MGL.NS,Mahanagar Gas Limited,EQ,1045.4,1058.0,-1.19092627599243,226314,2349.23,52.65,01-JUL-2016,02-Oct-2026
MGSL,MGSL.NS,MGSL,SM,57.45,60.65,-5.276174773289358,76800,44.03,65.63,,02-Oct-2026
MHLXMIRU,MHLXMIRU.NS,Mahalaxmi Rubtech Limited,BE,175.0,179.21,-2.3491992634339645,7842,13.65,0.0,27-JAN-2022,02-Oct-2026
MHRIL,MHRIL.NS,Mahindra Holidays & Resorts India Limited,EQ,194.85,194.25,0.308880308880306,153366,300.65,34.32,16-JUL-2009,02-Oct-2026
MICEL,MICEL.NS,MIC Electronics Limited,BE,36.0,36.72,-1.960784313725487,111299,40.55,0.0,17-DEC-2021,02-Oct-2026
MICROPRO,MICROPRO.NS,MICROPRO,SM,16.75,17.5,-4.285714285714286,4800,0.83,66.67,,02-Oct-2026
MID150,MID150.NS,MID150,EQ,22.05,22.3,-1.1210762331838564,135037,29.75,61.35,,02-Oct-2026
MID150BEES,MID150BEES.NS,MID150BEES,EQ,224.52,227.04,-1.1099365750528463,1559539,3500.04,61.58,,02-Oct-2026
MID150CASE,MID150CASE.NS,MID150CASE,EQ,10.9,11.05,-1.3574660633484195,3031850,330.55,64.35,,02-Oct-2026
MIDBANKADD,MIDBANKADD.NS,MIDBANKADD,EQ,16.39,16.5,-0.6666666666666632,356006,58.34,92.9,,02-Oct-2026
MIDCAP,MIDCAP.NS,MIDCAP,EQ,17.23,17.48,-1.4302059496567505,1018346,175.05,51.34,,02-Oct-2026
MIDCAPADD,MIDCAPADD.NS,MIDCAPADD,EQ,22.07,21.97,0.4551661356395149,39114,8.45,79.19,,02-Oct-2026
MIDCAPBETA,MIDCAPBETA.NS,MIDCAPBETA,EQ,222.0,223.12,-0.5019720329867357,2807,6.13,46.85,,02-Oct-2026
MIDCAPETF,MIDCAPETF.NS,MIDCAPETF,EQ,22.14,22.4,-1.160714285714277,5235536,1157.59,78.98,,02-Oct-2026
MIDCAPIETF,MIDCAPIETF.NS,MIDCAPIETF,EQ,22.44,22.7,-1.1453744493391984,1580229,353.94,53.6,,02-Oct-2026
MIDHANI,MIDHANI.NS,Mishra Dhatu Nigam Limited,EQ,433.6,437.65,-0.9253970067405357,835967,3581.84,37.25,04-APR-2018,02-Oct-2026
MIDQ50ADD,MIDQ50ADD.NS,MIDQ50ADD,EQ,23.47,23.6,-0.5508474576271295,59657,13.98,58.96,,02-Oct-2026
MIDSELIETF,MIDSELIETF.NS,MIDSELIETF,EQ,18.47,18.56,-0.4849137931034475,417834,76.74,56.26,,02-Oct-2026
MIDSMALL,MIDSMALL.NS,MIDSMALL,EQ,49.41,49.88,-0.942261427425834,605621,298.18,80.01,,02-Oct-2026
MIDWESTLTD,MIDWESTLTD.NS,Midwest Limited,EQ,904.15,895.0,1.0223463687150813,35185,311.92,64.11,24-OCT-2025,02-Oct-2026
MIEL,MIEL.NS,MIEL,SM,13.1,13.7,-4.379562043795618,8000,1.05,75.0,,02-Oct-2026
MIIL,MIIL.NS,Meghna Infracon Infrastructure Limited,EQ,677.05,682.05,-0.7330840847445202,61981,417.67,46.58,17-AUG-2026,02-Oct-2026
MILKYMIST,MILKYMIST.NS,Milky Mist Dairy Food Limited,BE,308.45,316.46,-2.5311255766921543,900488,2769.94,0.0,18-AUG-2026,02-Oct-2026
MINALIND,MINALIND.NS,Minal Industries Limited,BE,4.33,4.41,-1.8140589569161012,960,0.04,0.0,17-AUG-2026,02-Oct-2026
MINDACORP,MINDACORP.NS,Minda Corporation Limited,EQ,667.35,692.85,-3.680450313920762,497785,3309.59,49.81,16-OCT-2014,02-Oct-2026
MINDTECK,MINDTECK.NS,Mindteck (India) Limited,EQ,150.93,153.15,-1.4495592556317327,18244,27.43,65.01,02-AUG-2016,02-Oct-2026
MIRZAINT,MIRZAINT.NS,Mirza International Limited,EQ,27.65,27.94,-1.0379384395132523,57360,15.94,59.51,28-APR-1999,02-Oct-2026
MITCON,MITCON.NS,MITCON Consultancy & Engineering Services Limited,EQ,80.34,82.95,-3.1464737793851714,6241,5.05,53.66,17-MAR-2022,02-Oct-2026
MITTAL,MITTAL.NS,Mittal Life Style Limited,EQ,0.7,0.72,-2.7777777777777803,1038530,7.37,51.98,29-APR-2020,02-Oct-2026
MKEXIM,MKEXIM.NS,M.K. Exim (India) Limited,EQ,66.51,66.84,-0.4937163375224391,13691,8.98,80.4,17-AUG-2026,02-Oct-2026
MKPL,MKPL.NS,M K Proteins Limited,EQ,3.9,3.99,-2.2556390977443685,94971,3.73,77.25,13-JUN-2023,02-Oct-2026
MLKFOOD,MLKFOOD.NS,Milkfood Limited,EQ,84.13,83.36,0.9237044145873273,10413,8.75,63.29,17-AUG-2026,02-Oct-2026
MMEL,MMEL.NS,MMEL,SM,28.5,28.25,0.8849557522123894,2000,0.57,100.0,,02-Oct-2026
MMFL,MMFL.NS,MM Forgings Limited,EQ,571.95,598.6,-4.452054794520544,186619,1073.74,49.62,20-DEC-2006,02-Oct-2026
MMP,MMP.NS,MMP Industries Limited,EQ,449.6,474.85,-5.317468674318206,108870,504.18,38.7,09-JAN-2020,02-Oct-2026
MMTC,MMTC.NS,MMTC Limited,EQ,56.29,56.91,-1.0894394658232252,926056,520.04,33.5,09-APR-2012,02-Oct-2026
MMWL,MMWL.NS,Media Matrix Worldwide Limited,EQ,15.56,14.82,4.993252361673416,428810,66.7,100.0,20-APR-2026,02-Oct-2026
MNC,MNC.NS,MNC,EQ,30.9,31.41,-1.6236867239732617,138200,42.8,58.94,,02-Oct-2026
MOALPHA50,MOALPHA50.NS,MOALPHA50,EQ,53.17,53.77,-1.1158638646085204,8320,4.42,92.55,,02-Oct-2026
MOBANK10,MOBANK10.NS,MOBANK10,EQ,16.49,16.37,0.7330482590103692,1049,0.17,79.89,,02-Oct-2026
MOBIKWIK,MOBIKWIK.NS,One Mobikwik Systems Limited,EQ,196.23,196.32,-0.045843520782397826,992146,1949.51,24.75,18-DEC-2024,02-Oct-2026
MOCAPITAL,MOCAPITAL.NS,MOCAPITAL,EQ,50.75,51.31,-1.0914051841746293,1152830,583.7,49.7,,02-Oct-2026
MODEFENCE,MODEFENCE.NS,MODEFENCE,EQ,100.71,101.86,-1.129000589043791,1434886,1439.84,50.33,,02-Oct-2026
MODINATUR,MODINATUR.NS,Modi Naturals Limited,EQ,324.45,336.0,-3.437500000000003,6136,20.08,85.19,11-DEC-2025,02-Oct-2026
MODIRUBBER,MODIRUBBER.NS,Modi Rubber Limited,EQ,119.72,120.21,-0.4076199983362407,1615,1.92,60.31,07-FEB-1996,02-Oct-2026
MODIS,MODIS.NS,Modis Navnirman Limited,EQ,367.85,372.35,-1.2085403518195246,31166,115.35,84.5,14-NOV-2025,02-Oct-2026
MODISONLTD,MODISONLTD.NS,MODISON LIMITED,BE,486.05,462.95,4.989739712711961,96311,462.98,0.0,03-MAY-2021,02-Oct-2026
MODTHREAD,MODTHREAD.NS,Modern Threads (India) Limited,EQ,45.66,48.64,-6.126644736842113,2556,1.2,88.93,22-NOV-1995,02-Oct-2026
MOENERGY,MOENERGY.NS,MOENERGY,EQ,36.69,36.75,-0.16326530612245516,63964,23.47,82.05,,02-Oct-2026
MOGOLD,MOGOLD.NS,MOGOLD,EQ,145.2,145.4,-0.13755158184320293,48113,69.82,60.79,,02-Oct-2026
MOGSEC,MOGSEC.NS,MOGSEC,EQ,65.16,64.75,0.6332046332046279,1381426,897.35,97.77,,02-Oct-2026
MOHEALTH,MOHEALTH.NS,MOHEALTH,EQ,50.81,51.07,-0.5091051497943959,101346,51.07,53.85,,02-Oct-2026
MOHITE,MOHITE.NS,Mohite Industries Limited,EQ,2.49,2.52,-1.1904761904761827,63921,1.57,87.37,17-AUG-2026,02-Oct-2026
MOHITIND,MOHITIND.NS,Mohit Industries Limited,EQ,22.78,22.67,0.4852227613586212,10445,2.37,83.82,14-MAR-2013,02-Oct-2026
MOIL,MOIL.NS,MOIL Limited,EQ,232.66,237.76,-2.145020188425301,545882,1276.92,47.3,15-DEC-2010,02-Oct-2026
MOINFRA,MOINFRA.NS,MOINFRA,EQ,55.79,56.81,-1.7954585460306336,6968,3.9,90.86,,02-Oct-2026
MOIPO,MOIPO.NS,MOIPO,EQ,45.5,46.42,-1.9819043515726016,5059,2.3,60.96,,02-Oct-2026
MOKSH,MOKSH.NS,Moksh Ornaments Limited,EQ,9.19,9.51,-3.364879074658258,122811,11.48,67.98,21-MAY-2021,02-Oct-2026
MOL,MOL.NS,Meghmani Organics Limited,EQ,55.13,56.31,-2.0955425324098735,739103,408.15,49.52,18-AUG-2021,02-Oct-2026
MOLBIO,MOLBIO.NS,Molbio Diagnostics Limited,EQ,1513.1,1308.9,15.60088624035448,8751936,128431.59,10.63,17-AUG-2026,02-Oct-2026
MOLDTECH,MOLDTECH.NS,Mold-Tek Technologies Limited,BE,204.78,206.16,-0.6693830034924309,30948,63.63,0.0,07-JUL-2016,02-Oct-2026
MOLDTKPAC,MOLDTKPAC.NS,Mold-Tek Packaging Limited,EQ,658.85,660.6,-0.26491068725401146,94944,622.81,70.87,23-FEB-2015,02-Oct-2026
MOLOWVOL,MOLOWVOL.NS,MOLOWVOL,EQ,33.9,34.23,-0.9640666082383824,113077,38.24,83.66,,02-Oct-2026
MOM100,MOM100.NS,MOM100,EQ,63.69,64.29,-0.9332711152589959,829467,526.51,63.68,,02-Oct-2026
MOM30IETF,MOM30IETF.NS,MOM30IETF,EQ,29.82,30.15,-1.094527363184074,1005941,299.96,58.86,,02-Oct-2026
MOM50,MOM50.NS,MOM50,EQ,235.67,236.92,-0.5276042546007091,20224,47.41,91.99,,02-Oct-2026
MOMENTUM,MOMENTUM.NS,MOMENTUM,EQ,29.76,30.01,-0.8330556481172942,75222,22.3,81.87,,02-Oct-2026
MOMENTUM30,MOMENTUM30.NS,MOMENTUM30,EQ,29.57,29.66,-0.30343897505057266,63844,18.63,41.75,,02-Oct-2026
MOMENTUM50,MOMENTUM50.NS,MOMENTUM50,EQ,52.1,52.54,-0.8374571754853402,3110850,1608.86,63.82,,02-Oct-2026
MOMETAL,MOMETAL.NS,MOMETAL,EQ,12.59,12.9,-2.4031007751938023,122968,15.41,36.19,,02-Oct-2026
MOMGF,MOMGF.NS,MOMGF,EQ,152.7,155.08,-1.5346917719886661,3721,5.65,61.27,,02-Oct-2026
MOMIDMTM,MOMIDMTM.NS,MOMIDMTM,EQ,61.49,61.77,-0.45329447952080476,138272,84.68,63.64,,02-Oct-2026
MOMMIDCAP,MOMMIDCAP.NS,MOMMIDCAP,EQ,12.33,12.46,-1.0433386837881282,1606900,197.92,73.36,,02-Oct-2026
MOMNC,MOMNC.NS,MOMNC,EQ,30.04,30.25,-0.6942148760330608,5890,1.77,56.88,,02-Oct-2026
MOMOMENTUM,MOMOMENTUM.NS,MOMOMENTUM,EQ,59.26,59.9,-1.0684474123539243,73693,43.66,64.88,,02-Oct-2026
MOMSBELIEF,MOMSBELIEF.NS,Rays of Belief Limited,EQ,226.92,234.64,-3.2901466075690418,213669,486.88,37.92,08-SEP-2026,02-Oct-2026
MON100,MON100.NS,MON100,EQ,321.46,321.08,0.11835056683692395,890317,2875.31,54.77,,02-Oct-2026
MON50EQUAL,MON50EQUAL.NS,MON50EQUAL,EQ,31.54,31.52,0.06345177664974484,20438,6.34,86.87,,02-Oct-2026
MONARCH,MONARCH.NS,Monarch Networth Capital Limited,EQ,342.7,337.85,1.4355483202604604,201449,680.47,40.77,06-JAN-2022,02-Oct-2026
MONEXT50,MONEXT50.NS,MONEXT50,EQ,69.39,69.98,-0.8430980280080071,33693,23.08,98.07,,02-Oct-2026
MONEYBOXX,MONEYBOXX.NS,Moneyboxx Finance Limited,BE,54.0,52.28,3.289977046671765,44265,24.21,0.0,15-OCT-2025,02-Oct-2026
MONEYVIEW,MONEYVIEW.NS,Moneyview Limited,EQ,53.88,34.0,58.47058823529413,655464953,369869.74,30.33,01-OCT-2026,02-Oct-2026
MONIFTY100,MONIFTY100.NS,MONIFTY100,EQ,24.64,23.98,2.7522935779816518,29630,7.07,65.38,,02-Oct-2026
MONIFTY500,MONIFTY500.NS,MONIFTY500,EQ,22.46,22.67,-0.9263343625937399,1336791,299.58,69.02,,02-Oct-2026
MONOLITH,MONOLITH.NS,MONOLITH,SM,1252.45,1281.4,-2.259247697830501,59500,749.05,60.08,,02-Oct-2026
MONQ50,MONQ50.NS,MONQ50,EQ,193.18,194.62,-0.7399034015003585,730370,1434.22,39.56,,02-Oct-2026
MONTECARLO,MONTECARLO.NS,Monte Carlo Fashions Limited,EQ,522.85,527.45,-0.8721205801497816,26728,138.95,49.28,19-DEC-2014,02-Oct-2026
MOOILGAS,MOOILGAS.NS,MOOILGAS,EQ,10.93,10.67,2.436738519212744,19372,2.06,53.38,,02-Oct-2026
MOPSE,MOPSE.NS,MOPSE,EQ,94.75,96.34,-1.6504048162756937,1338,1.26,63.75,,02-Oct-2026
MOQUALITY,MOQUALITY.NS,MOQUALITY,EQ,187.34,189.01,-0.8835511348605829,9070,16.85,98.24,,02-Oct-2026
MOREALTY,MOREALTY.NS,MOREALTY,EQ,84.3,84.85,-0.6482027106658776,565605,474.73,49.62,,02-Oct-2026
MOREPENLAB,MOREPENLAB.NS,Morepen Laboratories Limited,EQ,133.72,125.99,6.135407572029529,37973409,49973.64,20.48,24-NOV-1999,02-Oct-2026
MOS,MOS.NS,MOS,SM,6.6,6.9,-4.347826086956532,52000,3.43,100.0,,02-Oct-2026
MOSCHIP,MOSCHIP.NS,Moschip Technologies Limited,EQ,198.03,201.25,-1.5999999999999994,1364614,2707.58,38.39,05-FEB-2025,02-Oct-2026
MOSERVICE,MOSERVICE.NS,MOSERVICE,EQ,29.03,29.73,-2.354524049781363,6286,1.83,93.68,,02-Oct-2026
MOSILVER,MOSILVER.NS,MOSILVER,EQ,215.92,217.06,-0.5252004054178636,42515,92.0,40.17,,02-Oct-2026
MOSMALL250,MOSMALL250.NS,MOSMALL250,EQ,17.72,17.93,-1.1712214166201944,2457669,432.39,58.11,,02-Oct-2026
MOTHERSON,MOTHERSON.NS,Samvardhana Motherson International Limited,EQ,157.03,163.26,-3.815999019968143,23039471,36299.09,45.97,14-AUG-1996,02-Oct-2026
MOTILALOFS,MOTILALOFS.NS,Motilal Oswal Financial Services Limited,EQ,989.9,994.0,-0.41247484909456966,1607962,15830.54,51.42,11-SEP-2007,02-Oct-2026
MOTISONS,MOTISONS.NS,Motisons Jewellers Limited,EQ,17.88,18.0,-0.6666666666666722,28260057,5082.59,17.65,26-DEC-2023,02-Oct-2026
MOTOGENFIN,MOTOGENFIN.NS,The Motor & General Finance Limited,EQ,25.08,25.5,-1.6470588235294186,93418,23.47,29.15,08-FEB-1995,02-Oct-2026
MOTOUR,MOTOUR.NS,MOTOUR,EQ,75.46,76.35,-1.1656843483955477,24874,18.82,70.07,,02-Oct-2026
MOVALUE,MOVALUE.NS,MOVALUE,EQ,108.25,108.15,0.09246417013406778,79490,84.78,64.24,,02-Oct-2026
MOXSH,MOXSH.NS,MOXSH,SM,93.3,90.3,3.322259136212625,6400,5.66,75.0,,02-Oct-2026
MPDL,MPDL.NS,MPDL Limited,BE,27.89,29.35,-4.9744463373083505,732,0.2,0.0,17-AUG-2026,02-Oct-2026
MPEL,MPEL.NS,MPEL,SM,25.15,26.45,-4.914933837429114,3200,0.8,100.0,,02-Oct-2026
MPHASIS,MPHASIS.NS,MphasiS Limited,EQ,2250.2,2154.4,4.446713702190852,1178274,26298.68,25.8,04-JUN-2004,02-Oct-2026
MPIMANIPAL,MPIMANIPAL.NS,Manipal Payment and Identity Solutions Limited,EQ,401.4,409.15,-1.8941708419894905,1620525,6596.14,28.97,17-SEP-2026,02-Oct-2026
MPSLTD,MPSLTD.NS,MPS Limited,EQ,2628.4,2699.0,-2.6157836235642797,17856,470.12,45.37,21-JAN-2002,02-Oct-2026
MRF,MRF.NS,MRF Limited,EQ,123715.0,125280.0,-1.2492017879948916,3448,4259.25,41.59,18-SEP-1996,02-Oct-2026
MRIL,MRIL.NS,MRIL,ST,76.0,80.0,-5.0,4800,3.65,100.0,,02-Oct-2026
MRPL,MRPL.NS,Mangalore Refinery and Petrochemicals Limited,EQ,164.76,169.29,-2.675881623250045,12948377,21230.01,29.03,07-JAN-2005,02-Oct-2026
MSCI360,MSCI360.NS,MSCI360,EQ,9.47,9.56,-0.9414225941422579,4950,0.47,100.0,,02-Oct-2026
MSCIADD,MSCIADD.NS,MSCIADD,EQ,28.27,27.92,1.2535816618911098,3796,1.04,92.41,,02-Oct-2026
MSCIINDIA,MSCIINDIA.NS,MSCIINDIA,EQ,28.03,28.58,-1.9244226731980305,74212,20.67,85.89,,02-Oct-2026
MSL,MSL.NS,Mangalam Seeds Limited,EQ,144.99,137.4,5.52401746724891,498,0.72,96.18,17-AUG-2026,02-Oct-2026
MSPL,MSPL.NS,MSP Steel & Power Limited,EQ,32.52,33.0,-1.454545454545445,1038333,336.24,61.81,18-JUL-2005,02-Oct-2026
MSTCLTD,MSTCLTD.NS,Mstc Limited,EQ,705.8,714.75,-1.2521860790486248,208381,1464.76,44.71,29-MAR-2019,02-Oct-2026
MSUMI,MSUMI.NS,Motherson Sumi Wiring India Limited,EQ,33.53,34.07,-1.5849721162312862,16228437,5441.22,70.57,28-MAR-2022,02-Oct-2026
MTARTECH,MTARTECH.NS,Mtar Technologies Limited,BE,7797.0,7797.0,0.0,283715,22341.65,0.0,15-MAR-2021,02-Oct-2026
MTEDUCARE,MTEDUCARE.NS,MT Educare Limited,BE,1.67,1.72,-2.9069767441860495,45826,0.76,0.0,12-APR-2012,02-Oct-2026
MTNL,MTNL.NS,Mahanagar Telephone Nigam Limited,EQ,24.66,22.97,7.357422725293867,44121423,11145.69,4.69,17-FEB-1999,02-Oct-2026
MUFIN,MUFIN.NS,Mufin Green Finance Limited,EQ,130.59,131.51,-0.6995665728841818,699328,911.31,40.22,06-NOV-2023,02-Oct-2026
MUFTI,MUFTI.NS,Credo Brands Marketing Limited,EQ,70.24,72.31,-2.8626745954916433,60635,42.87,58.6,27-DEC-2023,02-Oct-2026
MUKANDLTD,MUKANDLTD.NS,Mukand Limited,EQ,172.66,180.13,-4.147004940876033,858946,1520.63,34.98,23-FEB-2004,02-Oct-2026
MUKESHB,MUKESHB.NS,Mukesh Babu Financial Services Limited,EQ,128.8,126.0,2.222222222222231,713,0.89,100.0,17-AUG-2026,02-Oct-2026
MUKKA,MUKKA.NS,Mukka Proteins Limited,BE,25.7,25.98,-1.0777521170130913,278076,70.45,0.0,07-MAR-2024,02-Oct-2026
MUKTAARTS,MUKTAARTS.NS,Mukta Arts Limited,EQ,55.92,57.09,-2.049395691014191,1911,1.07,67.4,12-SEP-2000,02-Oct-2026
MULTICAP,MULTICAP.NS,MULTICAP,EQ,15.78,15.95,-1.0658307210031344,270792,42.71,85.33,,02-Oct-2026
MUNISH,MUNISH.NS,MUNISH,SM,86.6,90.0,-3.777777777777784,10800,9.41,55.56,,02-Oct-2026
MUNJALAU,MUNJALAU.NS,Munjal Auto Industries Limited,EQ,104.07,112.86,-7.788410419989374,1200123,1281.37,31.81,19-JUL-2006,02-Oct-2026
MUNJALSHOW,MUNJALSHOW.NS,Munjal Showa Limited,EQ,124.53,126.44,-1.5105979120531452,36914,45.91,53.69,12-MAY-2003,02-Oct-2026
MURUDCERA,MURUDCERA.NS,Murudeshwar Ceramics Limited,EQ,28.06,28.51,-1.578393546124177,8347,2.34,71.76,28-MAY-2004,02-Oct-2026
MUTHOOTCAP,MUTHOOTCAP.NS,Muthoot Capital Services Limited,EQ,218.08,218.9,-0.3746002740977584,8616,18.68,64.62,24-AUG-2015,02-Oct-2026
MUTHOOTFIN,MUTHOOTFIN.NS,Muthoot Finance Limited,EQ,2697.1,2737.1,-1.4614007526213877,553592,15048.95,51.49,06-MAY-2011,02-Oct-2026
MUTHOOTMF,MUTHOOTMF.NS,Muthoot Microfin Limited,EQ,174.09,178.4,-2.415919282511212,202480,352.77,42.2,26-DEC-2023,02-Oct-2026
MVELECTRO,MVELECTRO.NS,MV Electrosystems Limited,EQ,836.95,818.15,2.297867139277647,1336521,11093.06,17.1,06-AUG-2026,02-Oct-2026
MVGJL,MVGJL.NS,Manoj Vaibhav Gems N Jewellers Limited,EQ,206.69,207.16,-0.22687777563236092,313628,645.84,34.28,03-OCT-2023,02-Oct-2026
MVKAGRO,MVKAGRO.NS,MVKAGRO,SM,240.35,246.55,-2.5147029000202865,48300,115.22,59.01,,02-Oct-2026
MWL,MWL.NS,Mangalam Worldwide Limited,EQ,43.13,43.38,-0.5763024435223605,408526,175.72,71.18,18-SEP-2025,02-Oct-2026
MYMUDRA,MYMUDRA.NS,MYMUDRA,SM,69.3,68.0,1.9117647058823488,4800,3.33,100.0,,02-Oct-2026
MYSORPETRO,MYSORPETRO.NS,Mysore Petro Chemicals Limited,BE,119.4,122.25,-2.3312883435582776,4287,5.11,0.0,17-AUG-2026,02-Oct-2026
NACLIND,NACLIND.NS,NACL Industries Limited,EQ,130.41,132.86,-1.8440463645943224,525450,679.9,47.41,07-APR-2017,02-Oct-2026
NAGREEKCAP,NAGREEKCAP.NS,Nagreeka Capital & Infrastructure Limited,EQ,25.34,26.03,-2.6507875528236697,9411,2.43,87.62,18-SEP-2007,02-Oct-2026
NAGREEKEXP,NAGREEKEXP.NS,Nagreeka Exports Limited,EQ,21.29,21.7,-1.8894009216589867,6492,1.4,74.26,18-JUN-2007,02-Oct-2026
NAHARCAP,NAHARCAP.NS,Nahar Capital and Financial Services Limited,EQ,237.31,244.9,-3.099224173131892,5098,12.26,56.94,11-MAR-2008,02-Oct-2026
NAHARINDUS,NAHARINDUS.NS,Nahar Industrial Enterprises Limited,EQ,127.74,130.13,-1.836624913547991,16476,21.26,71.07,15-DEC-2005,02-Oct-2026
NAHARPOLY,NAHARPOLY.NS,Nahar Poly Films Limited,EQ,225.64,225.27,0.16424734762728108,6510,14.62,62.98,23-MAR-2007,02-Oct-2026
NAHARSPING,NAHARSPING.NS,Nahar Spinning Mills Limited,EQ,255.5,260.05,-1.7496635262449574,19419,49.46,73.87,23-MAR-2007,02-Oct-2026
NAM-INDIA,NAM-INDIA.NS,Nippon Life India Asset Management Limited,EQ,1046.0,1070.0,-2.2429906542056073,768278,8035.67,49.09,06-NOV-2017,02-Oct-2026
NAMAN,NAMAN.NS,NAMAN,ST,48.2,50.7,-4.930966469428007,12000,5.78,100.0,,02-Oct-2026
NAMOEWASTE,NAMOEWASTE.NS,NAMOEWASTE,SM,310.7,320.85,-3.163472027427157,51200,159.94,67.19,,02-Oct-2026
NARMADA,NARMADA.NS,Narmada Agrobase Limited,EQ,12.31,12.71,-3.147128245476006,289831,35.91,51.28,27-OCT-2022,02-Oct-2026
NATCAPSUQ,NATCAPSUQ.NS,Natural Capsules Limited,BE,162.16,165.8,-2.1954161640530847,3126,5.08,0.0,14-FEB-2025,02-Oct-2026
NATCOPHARM,NATCOPHARM.NS,Natco Pharma Limited,EQ,821.3,827.5,-0.749244712990942,717435,5878.01,55.36,27-DEC-1995,02-Oct-2026
NATHBIOGEN,NATHBIOGEN.NS,Nath Bio-Genes (India) Limited,EQ,137.74,142.81,-3.550171556613678,9469,13.25,59.26,28-JAN-2014,02-Oct-2026
NATIONALUM,NATIONALUM.NS,National Aluminium Company Limited,EQ,334.9,340.95,-1.7744537322188039,4672624,15624.46,44.18,28-APR-1999,02-Oct-2026
NATIONSTD,NATIONSTD.NS,National Standard (India) Limited,EQ,114.91,113.87,0.9133222095371846,7143,8.09,63.56,20-APR-2026,02-Oct-2026
NAUKRI,NAUKRI.NS,Info Edge (India) Limited,EQ,1200.0,1219.5,-1.5990159901599015,2219568,26665.65,62.17,21-NOV-2006,02-Oct-2026
NAVA,NAVA.NS,NAVA LIMITED,EQ,552.5,559.35,-1.224635737910078,336721,1855.42,60.64,03-APR-1996,02-Oct-2026
NAVINFLUOR,NAVINFLUOR.NS,Navin Fluorine International Limited,EQ,8136.5,8245.0,-1.3159490600363857,94936,7734.8,50.27,01-JUN-2007,02-Oct-2026
NAVKARCORP,NAVKARCORP.NS,Navkar Corporation Limited,EQ,85.07,84.88,0.22384542884071362,539258,459.51,48.78,09-SEP-2015,02-Oct-2026
NAVKARURB,NAVKARURB.NS,Navkar Urbanstructure Limited,EQ,0.85,0.86,-1.1627906976744196,889780,7.59,88.26,17-JAN-2025,02-Oct-2026
NAVNETEDUL,NAVNETEDUL.NS,Navneet Education Limited,EQ,123.87,122.52,1.1018609206660206,272365,333.91,65.33,08-FEB-1995,02-Oct-2026
NAZARA,NAZARA.NS,Nazara Technologies Limited,EQ,384.7,392.85,-2.07458317423954,1314362,5063.38,33.0,30-MAR-2021,02-Oct-2026
NBCC,NBCC.NS,NBCC (India) Limited,EQ,77.4,78.5,-1.4012738853503113,6195124,4788.33,35.69,12-APR-2012,02-Oct-2026
NBIFIN,NBIFIN.NS,N. B. I. Industrial Finance Company Limited,EQ,1857.9,1897.5,-2.086956521739126,80,1.5,80.0,23-NOV-2016,02-Oct-2026
NCC,NCC.NS,NCC Limited,EQ,130.06,128.88,0.9155803848541332,6751497,8737.47,23.64,14-OCT-2003,02-Oct-2026
NCLIND,NCLIND.NS,NCL Industries Limited,EQ,170.03,174.18,-2.3825927201745354,54129,91.73,71.12,03-APR-2007,02-Oct-2026
NDGL,NDGL.NS,Naga Dhunseri Group Limited,EQ,2411.0,2484.0,-2.938808373590982,182,4.44,92.31,29-AUG-2016,02-Oct-2026
NDL,NDL.NS,Nandan Denim Limited,EQ,2.54,2.61,-2.6819923371647447,935999,24.07,74.04,23-MAR-2012,02-Oct-2026
NDLVENTURE,NDLVENTURE.NS,NDL Ventures Limited,EQ,125.24,123.95,1.0407422347720792,8923,11.14,80.25,24-APR-2007,02-Oct-2026
NDRAUTO,NDRAUTO.NS,Ndr Auto Components Limited,EQ,715.85,717.7,-0.25776786958339454,16545,116.88,45.77,30-JUL-2020,02-Oct-2026
NDTV,NDTV.NS,New Delhi Television Limited,EQ,68.08,69.14,-1.5331212033555137,63707,43.48,64.6,19-MAY-2004,02-Oct-2026
NEAGI,NEAGI.NS,Neelamalai Agro Industries Limited,EQ,3309.4,3483.5,-4.997846992966841,8,0.27,100.0,20-APR-2026,02-Oct-2026
NECCLTD,NECCLTD.NS,North Eastern Carrying Corporation Limited,BE,18.41,18.42,-0.0542888165038087,47266,8.72,0.0,02-MAR-2016,02-Oct-2026
NECLIFE,NECLIFE.NS,Nectar Lifesciences Limited,EQ,10.23,10.5,-2.571428571428567,140521,14.59,62.45,18-JUL-2005,02-Oct-2026
NEELAM,NEELAM.NS,NEELAM,SM,6.75,7.05,-4.255319148936168,6000,0.41,100.0,,02-Oct-2026
NELCAST,NELCAST.NS,Nelcast Limited,EQ,121.03,123.4,-1.9205834683954655,273249,332.6,47.75,27-JUN-2007,02-Oct-2026
NELCO,NELCO.NS,NELCO Limited,EQ,889.2,914.5,-2.7665390924002136,268150,2411.28,55.24,28-MAY-2003,02-Oct-2026
NEOCHEM,NEOCHEM.NS,NEOCHEM,SM,101.0,102.35,-1.3190034196384899,8400,8.5,85.71,,02-Oct-2026
NEOGEN,NEOGEN.NS,Neogen Chemicals Limited,EQ,2407.1,2451.6,-1.815141132321749,103868,2509.15,37.07,08-MAY-2019,02-Oct-2026
NEPHROCARE,NEPHROCARE.NS,NEPHROCARE,SM,89.65,90.65,-1.1031439602868174,11600,10.31,62.07,,02-Oct-2026
NEPHROPLUS,NEPHROPLUS.NS,Nephrocare Health Services Limited,EQ,648.95,659.75,-1.6369837059492163,238798,1544.8,52.42,17-DEC-2025,02-Oct-2026
NEPTUNE,NEPTUNE.NS,NEPTUNE,SM,178.2,186.0,-4.19354838709678,500,0.89,100.0,,02-Oct-2026
NESCO,NESCO.NS,Nesco Limited,EQ,1028.2,1046.9,-1.7862260005731248,38262,393.5,55.76,08-APR-2008,02-Oct-2026
NESTLEIND,NESTLEIND.NS,Nestle India Limited,EQ,1307.7,1310.0,-0.17557251908396598,1626876,21280.06,64.34,01-AUG-2023,02-Oct-2026
NETF,NETF.NS,NETF,EQ,247.6,246.6,0.40551500405515,2682,6.62,56.45,,02-Oct-2026
NETWEB,NETWEB.NS,Netweb Technologies India Limited,EQ,4520.3,4548.0,-0.6090589270008755,752580,34218.38,20.0,27-JUL-2023,02-Oct-2026
NETWORK18,NETWORK18.NS,Network18 Media & Investments Limited,EQ,25.43,25.87,-1.700811751063012,3188680,812.12,47.4,02-FEB-2007,02-Oct-2026
NEUEON,NEUEON.NS,Neueon Corporation Limited,BE,15.26,15.06,1.3280212483399687,38428,5.85,0.0,11-SEP-2013,02-Oct-2026
NEULANDLAB,NEULANDLAB.NS,Neuland Laboratories Limited,EQ,21505.0,21350.0,0.7259953161592506,70377,14905.04,53.97,13-OCT-2008,02-Oct-2026
NEWGEN,NEWGEN.NS,Newgen Software Technologies Limited,EQ,456.35,467.85,-2.4580527946991557,629816,2907.41,39.1,29-JAN-2018,02-Oct-2026
NEWJAISA,NEWJAISA.NS,NEWJAISA,ST,17.1,17.95,-4.735376044568233,27000,4.65,94.44,,02-Oct-2026
NEXT30ADD,NEXT30ADD.NS,NEXT30ADD,EQ,39.83,40.74,-2.233676975945026,607124,241.63,99.68,,02-Oct-2026
NEXT50,NEXT50.NS,NEXT50,EQ,713.61,721.29,-1.0647589735057952,84372,600.5,70.99,,02-Oct-2026
NEXT50ADD,NEXT50ADD.NS,NEXT50ADD,EQ,71.62,70.4,1.7329545454545439,4035,2.81,65.45,,02-Oct-2026
NEXT50BETA,NEXT50BETA.NS,NEXT50BETA,EQ,74.7,75.35,-0.8626410086263988,126522,94.22,58.08,,02-Oct-2026
NEXT50ETF,NEXT50ETF.NS,NEXT50ETF,EQ,70.14,70.44,-0.42589437819420384,57042,39.83,96.13,,02-Oct-2026
NEXT50IETF,NEXT50IETF.NS,NEXT50IETF,EQ,72.97,73.82,-1.1514494716878818,1338200,975.22,65.58,,02-Oct-2026
NEXTMEDIA,NEXTMEDIA.NS,Next Mediaworks Limited,EQ,3.58,3.73,-4.021447721179623,27941,1.0,80.95,04-APR-2001,02-Oct-2026
NFL,NFL.NS,National Fertilizers Limited,EQ,63.85,65.2,-2.070552147239266,633608,403.86,48.05,28-DEC-2006,02-Oct-2026
NFPSAMPOOR,NFPSAMPOOR.NS,NFPSAMPOOR,SM,20.8,22.45,-7.349665924276164,34000,7.26,70.59,,02-Oct-2026
NGIL,NGIL.NS,Nakoda Group of Industries Limited,EQ,38.43,39.11,-1.7386857581181276,83230,31.8,50.74,20-AUG-2021,02-Oct-2026
NGLFINE,NGLFINE.NS,NGL Fine-Chem Limited,EQ,2924.0,2909.5,0.49836741708197285,15235,444.95,35.86,08-JUL-2022,02-Oct-2026
NH,NH.NS,Narayana Hrudayalaya Ltd.,EQ,1741.4,1791.4,-2.791113095902646,258740,4494.98,49.02,06-JAN-2016,02-Oct-2026
NHPC,NHPC.NS,NHPC Limited,EQ,71.75,72.81,-1.4558439774756247,10903143,7802.04,42.98,01-SEP-2009,02-Oct-2026
NIACL,NIACL.NS,The New India Assurance Company Limited,EQ,160.21,167.02,-4.077356005268832,1814930,2932.59,33.78,13-NOV-2017,02-Oct-2026
NIBE,NIBE.NS,NIBE Limited,EQ,1234.5,1236.4,-0.15367195082498308,51473,627.79,52.03,07-FEB-2025,02-Oct-2026
NIBL,NIBL.NS,NRB Industrial Bearings Limited,EQ,31.32,31.85,-1.6640502354788103,10565,3.32,72.86,09-APR-2013,02-Oct-2026
NICCOPAR,NICCOPAR.NS,Nicco Parks & Resorts Limited,EQ,79.5,81.36,-2.2861356932153387,543,0.43,79.01,17-AUG-2026,02-Oct-2026
NIDAN,NIDAN.NS,NIDAN,SM,12.9,12.55,2.7888446215139413,11000,1.4,90.91,,02-Oct-2026
NIF100BEES,NIF100BEES.NS,NIF100BEES,EQ,252.27,252.83,-0.22149270260649537,138406,346.21,75.2,,02-Oct-2026
NIF100IETF,NIF100IETF.NS,NIF100IETF,EQ,26.33,26.58,-0.9405568096313018,248072,65.23,72.4,,02-Oct-2026
NIF500BETA,NIF500BETA.NS,NIF500BETA,EQ,34.65,36.61,-5.35372848948375,10461,3.68,32.57,,02-Oct-2026
NIFTY1,NIFTY1.NS,NIFTY1,EQ,249.52,252.0,-0.98412698412698,491679,1228.56,78.52,,02-Oct-2026
NIFTY100EW,NIFTY100EW.NS,NIFTY100EW,EQ,33.52,33.32,0.6002400960384239,118168,39.12,63.57,,02-Oct-2026
NIFTYADD,NIFTYADD.NS,NIFTYADD,EQ,237.09,239.83,-1.1424759204436512,23409,55.5,67.55,,02-Oct-2026
NIFTYAXIS,NIFTYAXIS.NS,NIFTYAXIS,EQ,249.43,251.36,-0.7678230426479976,284074,709.07,78.91,,02-Oct-2026
NIFTYBEES,NIFTYBEES.NS,NIFTYBEES,EQ,256.5,258.5,-0.7736943907156674,16670976,42689.67,63.6,,02-Oct-2026
NIFTYBETA,NIFTYBETA.NS,NIFTYBETA,EQ,249.91,252.81,-1.1471065226850228,153331,382.16,76.05,,02-Oct-2026
NIFTYBETF,NIFTYBETF.NS,NIFTYBETF,EQ,231.07,234.06,-1.2774502264376695,8038,18.61,66.32,,02-Oct-2026
NIFTYCASE,NIFTYCASE.NS,NIFTYCASE,EQ,9.03,9.12,-0.9868421052631564,3581777,323.13,66.98,,02-Oct-2026
NIFTYETF,NIFTYETF.NS,NIFTYETF,EQ,244.67,246.56,-0.7665476963011092,441572,1078.26,84.68,,02-Oct-2026
NIFTYIETF,NIFTYIETF.NS,NIFTYIETF,EQ,255.21,257.21,-0.7775747443722918,1692035,4305.83,60.21,,02-Oct-2026
NIFTYJBLK,NIFTYJBLK.NS,NIFTYJBLK,EQ,11.54,11.64,-0.8591065292096343,144143,16.62,86.82,,02-Oct-2026
NIFTYQLITY,NIFTYQLITY.NS,NIFTYQLITY,EQ,19.77,19.94,-0.8525576730190656,43723,8.65,84.77,,02-Oct-2026
NIITLTD,NIITLTD.NS,NIIT Limited,EQ,84.94,86.17,-1.4274109318788486,165934,140.84,41.87,16-AUG-2004,02-Oct-2026
NIITMTS,NIITMTS.NS,NIIT Learning Systems Limited,EQ,191.08,204.51,-6.56691604322526,870142,1683.79,79.88,08-AUG-2023,02-Oct-2026
NIKITA,NIKITA.NS,NIKITA,SM,66.1,66.1,0.0,1200,0.79,100.0,,02-Oct-2026
NILAINFRA,NILAINFRA.NS,Nila Infrastructures Limited,EQ,6.57,6.71,-2.086438152011918,159229,10.53,58.2,21-MAY-2015,02-Oct-2026
NILASPACES,NILASPACES.NS,Nila Spaces Limited,EQ,11.22,11.19,0.2680965147453185,559126,61.95,50.24,28-DEC-2018,02-Oct-2026
NILE,NILE.NS,Nile Limited,EQ,1243.2,1219.5,1.9434194341943458,6776,83.69,52.45,20-APR-2026,02-Oct-2026
NILKAMAL,NILKAMAL.NS,Nilkamal Limited,EQ,1871.8,1901.7,-1.57227743597834,24018,447.28,52.15,01-NOV-1995,02-Oct-2026
NIMBSPROJ,NIMBSPROJ.NS,Nimbus Projects Limited,EQ,189.45,192.19,-1.4256725115770899,41570,78.07,30.96,06-APR-2026,02-Oct-2026
NINSYS,NINSYS.NS,NINtec Systems Limited,EQ,804.65,766.35,4.997716448098121,18078,144.99,78.34,21-FEB-2023,02-Oct-2026
NIPPOBATRY,NIPPOBATRY.NS,Indo-National Limited,EQ,314.45,327.4,-3.955406230910198,1179,3.72,79.73,06-OCT-1999,02-Oct-2026
NIRAJ,NIRAJ.NS,Niraj Cement Structurals Limited,EQ,27.74,27.66,0.289226319595077,2960,0.82,92.23,01-OCT-2020,02-Oct-2026
NIRAJISPAT,NIRAJISPAT.NS,Niraj Ispat Industries Limited,BE,300.0,301.0,-0.33222591362126247,2,0.01,0.0,27-OCT-2016,02-Oct-2026
NIRLON,NIRLON.NS,Nirlon Limited,EQ,606.8,605.0,0.29752066115701725,6734,41.04,48.07,20-APR-2026,02-Oct-2026
NIRMAN,NIRMAN.NS,NIRMAN,SM,25.45,26.5,-3.962264150943399,30600,7.81,68.63,,02-Oct-2026
NITCO,NITCO.NS,Nitco Limited,EQ,84.18,88.12,-4.471175669541531,766183,658.42,48.87,21-MAR-2006,02-Oct-2026
NITINSPIN,NITINSPIN.NS,Nitin Spinners Limited,EQ,594.6,598.3,-0.6184188534180063,128807,757.39,37.08,02-FEB-2006,02-Oct-2026
NITIRAJ,NITIRAJ.NS,Nitiraj Engineers Limited,EQ,200.9,209.26,-3.9950301060881133,995,2.03,68.24,22-APR-2021,02-Oct-2026
NITTAGELA,NITTAGELA.NS,Nitta Gelatin India Limited,EQ,1664.3,1678.6,-0.8519003931847942,3600,59.78,69.5,20-APR-2026,02-Oct-2026
NIVABUPA,NIVABUPA.NS,Niva Bupa Health Insurance Company Limited,EQ,72.98,74.81,-2.4461970324822864,908237,666.34,59.46,14-NOV-2024,02-Oct-2026
NKIND,NKIND.NS,NK Industries Limited,EQ,59.96,58.2,3.0240549828178658,2305,1.3,61.08,07-JUL-1995,02-Oct-2026
NLCINDIA,NLCINDIA.NS,NLC India Limited,EQ,253.2,261.7,-3.247993886129156,1597038,4068.95,48.13,23-AUG-2000,02-Oct-2026
NMDC,NMDC.NS,NMDC Limited,EQ,74.64,76.54,-2.4823621635746087,17077400,12856.03,48.92,03-MAR-2008,02-Oct-2026
NOCIL,NOCIL.NS,NOCIL Limited,EQ,168.85,171.11,-1.3207877973233704,1286680,2161.75,46.38,17-JAN-1996,02-Oct-2026
NOIDATOLL,NOIDATOLL.NS,Noida Toll Bridge Company Limited,EQ,3.56,3.85,-7.532467532467534,317389,11.42,66.58,06-DEC-2002,02-Oct-2026
NORBTEAEXP,NORBTEAEXP.NS,Norben Tea & Exports Limited,EQ,69.04,66.25,4.211320754716991,9225,6.06,81.01,26-JUN-1996,02-Oct-2026
NORTHARC,NORTHARC.NS,Northern Arc Capital Limited,EQ,288.7,287.35,0.46981033582737625,765513,2196.22,48.1,24-SEP-2024,02-Oct-2026
NOVAAGRI,NOVAAGRI.NS,Nova Agritech Limited,EQ,22.22,22.43,-0.9362460989745915,64818,14.36,84.08,31-JAN-2024,02-Oct-2026
NOVARTIND,NOVARTIND.NS,Novartis India Limited,EQ,1965.0,1919.0,2.3970818134445024,40666,789.95,41.46,20-APR-2026,02-Oct-2026
NPBET,NPBET.NS,NPBET,EQ,277.6,274.88,0.9895227008149109,2305,6.46,48.59,,02-Oct-2026
NPST,NPST.NS,Network People Services Technologies Limited,EQ,1766.5,1764.8,0.09632819582955834,65044,1132.17,49.71,30-APR-2025,02-Oct-2026
NRAIL,NRAIL.NS,N R Agarwal Industries Limited,EQ,659.5,669.45,-1.4862947195459024,22172,145.24,46.52,05-APR-2017,02-Oct-2026
NRBBEARING,NRBBEARING.NS,NRB Bearing Limited,EQ,542.6,534.05,1.600973691601923,677742,3574.85,43.25,08-MAR-2000,02-Oct-2026
NRL,NRL.NS,Nupur Recyclers Limited,BE,156.61,159.8,-1.99624530663329,56197,88.01,0.0,12-JAN-2023,02-Oct-2026
NRVANDANA,NRVANDANA.NS,NRVANDANA,SM,69.15,70.2,-1.4957264957264915,6000,4.11,100.0,,02-Oct-2026
NSIL,NSIL.NS,Nalwa Sons Investments Limited,EQ,5163.5,5324.0,-3.0146506386175806,2211,115.66,65.54,17-NOV-2003,02-Oct-2026
NSLNISP,NSLNISP.NS,NMDC Steel Limited,EQ,40.95,41.32,-0.8954501452081255,7092056,2897.7,42.66,20-FEB-2023,02-Oct-2026
NTCIND,NTCIND.NS,NTC Industries Limited,EQ,129.51,134.54,-3.7386650810167987,738,0.96,87.13,17-AUG-2026,02-Oct-2026
NTPC,NTPC.NS,NTPC Limited,EQ,315.1,322.75,-2.370255615801697,10094465,32064.08,61.51,05-NOV-2004,02-Oct-2026
NTPCGREEN,NTPCGREEN.NS,NTPC Green Energy Limited,EQ,91.09,93.37,-2.4418978258541295,2099127,1908.54,42.84,27-NOV-2024,02-Oct-2026
NUCLEUS,NUCLEUS.NS,Nucleus Software Exports Limited,EQ,646.95,650.25,-0.5074971164936493,12071,78.13,56.44,19-DEC-2002,02-Oct-2026
NURECA,NURECA.NS,Nureca Limited,BE,349.85,366.6,-4.569012547735952,5659,20.19,0.0,25-FEB-2021,02-Oct-2026
NUVAMA,NUVAMA.NS,Nuvama Wealth Management Limited,EQ,1701.4,1652.5,2.959152798789718,856086,14597.95,37.52,26-SEP-2023,02-Oct-2026
NUVOCO,NUVOCO.NS,Nuvoco Vistas Corporation Limited,EQ,322.1,337.8,-4.647720544701003,1125207,3629.02,40.57,23-AUG-2021,02-Oct-2026
NV20,NV20.NS,NV20,EQ,13.1,13.18,-0.6069802731411235,108174,14.17,77.79,,02-Oct-2026
NV20BEES,NV20BEES.NS,NV20BEES,EQ,131.46,131.8,-0.2579666160849798,36840,48.14,71.34,,02-Oct-2026
NV20IETF,NV20IETF.NS,NV20IETF,EQ,12.79,12.85,-0.4669260700389144,824507,105.17,57.69,,02-Oct-2026
NYKAA,NYKAA.NS,FSN E-Commerce Ventures Limited,EQ,324.95,320.0,1.5468749999999964,7907193,25417.05,61.61,10-NOV-2021,02-Oct-2026
OAL,OAL.NS,Oriental Aromatics Limited,EQ,532.2,533.25,-0.19690576652601116,64420,344.7,44.73,11-JUL-2019,02-Oct-2026
OBCL,OBCL.NS,OBCL Limited,EQ,54.39,55.34,-1.7166606432959937,4435,2.43,99.71,07-APR-2022,02-Oct-2026
OBEROIRLTY,OBEROIRLTY.NS,Oberoi Realty Limited,EQ,1754.6,1765.7,-0.6286458628306131,282807,4952.3,47.96,20-OCT-2010,02-Oct-2026
OBSCP,OBSCP.NS,OBSCP,SM,892.1,913.55,-2.347983142685122,48800,436.71,61.48,,02-Oct-2026
OCCLLTD,OCCLLTD.NS,OCCL Limited,BE,193.49,187.44,3.227699530516438,182487,350.48,0.0,29-OCT-2024,02-Oct-2026
ODIGMA,ODIGMA.NS,Odigma Consultancy Solutions Limited,EQ,21.11,21.35,-1.124121779859494,11756,2.46,79.7,12-DEC-2024,02-Oct-2026
ODYCORP,ODYCORP.NS,Odyssey Corporation Limited,EQ,6.91,6.97,-0.8608321377331365,3157,0.22,83.91,17-AUG-2026,02-Oct-2026
OFSS,OFSS.NS,Oracle Financial Services Software Limited,EQ,10420.0,10630.0,-1.975540921919097,194062,20330.89,35.18,28-JUN-2002,02-Oct-2026
OIL,OIL.NS,Oil India Limited,EQ,444.0,448.65,-1.0364426613172801,2266203,9981.5,50.15,30-SEP-2009,02-Oct-2026
OILCOUNTUB,OILCOUNTUB.NS,Oil Country Tubular Limited,BE,78.14,76.61,1.9971283122307808,58523,45.73,0.0,30-AUG-1995,02-Oct-2026
OILIETF,OILIETF.NS,OILIETF,EQ,10.68,10.78,-0.9276437847866387,1255645,134.07,53.16,,02-Oct-2026
OLAELEC,OLAELEC.NS,Ola Electric Mobility Limited,EQ,37.08,36.92,0.4333694474539453,54910840,20213.75,18.19,09-AUG-2024,02-Oct-2026
OLECTRA,OLECTRA.NS,Olectra Greentech Limited,EQ,1096.2,1134.2,-3.350379121847998,623533,6853.98,48.33,20-MAR-2002,02-Oct-2026
OLIL,OLIL.NS,OLIL,SM,454.5,448.55,1.3264964886857626,6000,27.19,53.33,,02-Oct-2026
OMAXAUTO,OMAXAUTO.NS,Omax Autos Limited,EQ,201.14,200.32,0.4093450479233193,92836,182.47,52.69,20-FEB-2003,02-Oct-2026
OMAXE,OMAXE.NS,Omaxe Limited,EQ,108.78,109.76,-0.8928571428571465,343801,370.51,38.18,09-AUG-2007,02-Oct-2026
OMFREIGHT,OMFREIGHT.NS,Om Freight Forwarders Limited,BE,97.5,94.0,3.723404255319149,26984,25.84,0.0,08-OCT-2025,02-Oct-2026
OMINFRAL,OMINFRAL.NS,OM INFRA LIMITED,EQ,76.08,77.11,-1.33575411749449,79076,59.65,49.58,17-JUN-2011,02-Oct-2026
OMNI,OMNI.NS,Omnitech Engineering Limited,EQ,608.65,564.05,7.907100434358661,2667824,15929.37,27.52,05-MAR-2026,02-Oct-2026
OMPOWER,OMPOWER.NS,Om Power Transmission Limited,EQ,157.74,156.95,0.5033450143357888,66367,104.91,38.25,17-APR-2026,02-Oct-2026
ONDOOR,ONDOOR.NS,ONDOOR,SM,262.25,262.05,0.07632131272657455,3600,9.5,75.0,,02-Oct-2026
ONEGLOBAL,ONEGLOBAL.NS,One Global Service Provider Limited,EQ,525.4,527.9,-0.4735745406326956,7766,40.73,65.14,17-AUG-2026,02-Oct-2026
ONELIFECAP,ONELIFECAP.NS,Onelife Capital Advisors Limited,BE,41.57,40.08,3.717564870259486,179179,74.41,0.0,17-OCT-2011,02-Oct-2026
ONEPOINT,ONEPOINT.NS,One Point One Solutions Limited,EQ,74.37,73.39,1.3353317890720862,6251994,4634.71,56.08,09-MAY-2019,02-Oct-2026
ONESOURCE,ONESOURCE.NS,Onesource Specialty Pharma Limited,EQ,1508.0,1521.6,-0.893796004206093,608709,8986.05,44.72,24-JAN-2025,02-Oct-2026
ONGC,ONGC.NS,Oil & Natural Gas Corporation Limited,EQ,222.37,225.8,-1.5190434012400384,13099985,29174.93,62.87,19-JUL-1995,02-Oct-2026
ONIDA,ONIDA.NS,Onida Electronics Limited,EQ,31.34,32.03,-2.1542304089915745,396392,124.05,51.9,24-MAY-2004,02-Oct-2026
ONIXSOLAR,ONIXSOLAR.NS,Onix Solar Energy Limited,EQ,339.7,343.05,-0.9765340329398112,175792,596.44,53.18,17-AUG-2026,02-Oct-2026
ONMOBILE,ONMOBILE.NS,OnMobile Global Limited,BE,48.78,50.62,-3.6349269063611147,42008,20.58,0.0,19-FEB-2008,02-Oct-2026
ONWARDTEC,ONWARDTEC.NS,Onward Technologies Limited,EQ,291.3,288.35,1.0230622507369476,37991,110.03,74.81,07-MAR-2001,02-Oct-2026
ONYX,ONYX.NS,ONYX,ST,37.55,37.0,1.4864864864864789,38000,14.55,100.0,,02-Oct-2026
OPTIEMUS,OPTIEMUS.NS,Optiemus Infracom Limited,EQ,803.7,767.75,4.682513839140351,655634,5183.77,32.56,08-AUG-2017,02-Oct-2026
OPTIFIN,OPTIFIN.NS,Optimus Finance Limited,EQ,14.47,15.45,-6.343042071197402,82720,12.22,56.47,17-AUG-2026,02-Oct-2026
OPTIMYSTIX,OPTIMYSTIX.NS,OPTIMYSTIX,SM,132.0,139.3,-5.240488155061027,5600,7.46,71.43,,02-Oct-2026
OPTIVALUE,OPTIVALUE.NS,OPTIVALUE,ST,214.0,224.35,-4.613327390238464,32000,69.66,90.0,,02-Oct-2026
ORBTEXP,ORBTEXP.NS,Orbit Exports Limited,EQ,243.65,258.51,-5.748326950601519,15582,38.72,37.46,05-NOV-2013,02-Oct-2026
ORCHASP,ORCHASP.NS,Orchasp Limited,EQ,1.28,1.32,-3.030303030303033,204474,2.66,75.34,07-FEB-2025,02-Oct-2026
ORCHPHARMA,ORCHPHARMA.NS,Orchid Pharma Limited,EQ,990.0,997.0,-0.7021063189568706,92412,912.84,39.8,02-NOV-2020,02-Oct-2026
ORIANA,ORIANA.NS,ORIANA,SM,303.45,314.75,-3.590150913423355,323250,984.22,57.42,,02-Oct-2026
ORICONENT,ORICONENT.NS,Oricon Enterprises Limited,EQ,49.98,51.34,-2.649006622516569,47960,24.23,76.44,24-JUL-2015,02-Oct-2026
ORIENTALTL,ORIENTALTL.NS,Oriental Trimex Limited,EQ,4.81,4.83,-0.41407867494824974,36188,1.75,75.22,07-MAR-2007,02-Oct-2026
ORIENTBELL,ORIENTBELL.NS,Orient Bell Limited,EQ,398.55,398.55,0.0,18312,72.9,59.21,14-FEB-2007,02-Oct-2026
ORIENTCEM,ORIENTCEM.NS,Orient Cement Limited,EQ,115.91,118.77,-2.408015492127641,316838,367.33,55.0,12-JUL-2013,02-Oct-2026
ORIENTCER,ORIENTCER.NS,ORIENT CERATECH LIMITED,EQ,44.12,44.9,-1.7371937639198243,109527,49.15,45.1,15-DEC-2005,02-Oct-2026
ORIENTELEC,ORIENTELEC.NS,Orient Electric Limited,EQ,154.46,158.11,-2.308519385238129,187771,289.15,49.26,14-MAY-2018,02-Oct-2026
ORIENTHOT,ORIENTHOT.NS,Oriental Hotels Limited,EQ,140.0,142.36,-1.657769036246146,627946,882.1,48.64,27-AUG-1998,02-Oct-2026
ORIENTLTD,ORIENTLTD.NS,Orient Press Limited,BE,77.92,78.23,-0.39626741659210307,2086,1.6,0.0,03-MAR-2010,02-Oct-2026
ORIENTPPR,ORIENTPPR.NS,Orient Paper & Industries Limited,EQ,16.23,16.45,-1.3373860182370751,149320,24.27,69.1,29-MAR-1995,02-Oct-2026
ORIENTTECH,ORIENTTECH.NS,Orient Technologies Limited,EQ,229.25,231.53,-0.9847535956463531,78325,179.33,46.76,28-AUG-2024,02-Oct-2026
ORIRAIL,ORIRAIL.NS,Oriental Rail Infrastructure Limited,EQ,124.15,127.31,-2.48213023328882,124938,156.52,59.13,17-AUG-2026,02-Oct-2026
ORISSAMINE,ORISSAMINE.NS,The Orissa Minerals Development Company Limited,EQ,3538.6,3651.5,-3.091880049294813,11663,416.36,38.45,29-SEP-2010,02-Oct-2026
ORKLAINDIA,ORKLAINDIA.NS,Orkla India Limited,EQ,537.2,543.0,-1.0681399631675792,93795,500.67,63.26,06-NOV-2025,02-Oct-2026
ORTINGLOBE,ORTINGLOBE.NS,ORTIN GLOBAL LIMITED,EQ,14.52,14.32,1.3966480446927325,1329,0.19,48.68,30-MAR-2021,02-Oct-2026
OSELDEVICE,OSELDEVICE.NS,OSELDEVICE,SM,368.55,383.4,-3.8732394366197096,24000,88.31,74.17,,02-Oct-2026
OSIAHYPER,OSIAHYPER.NS,Osia Hyper Retail Limited,BE,2.2,2.26,-2.654867256637151,257872,5.67,0.0,01-DEC-2022,02-Oct-2026
OSWALAGRO,OSWALAGRO.NS,Oswal Agro Mills Limited,EQ,33.11,33.95,-2.474226804123721,17403,5.79,88.76,29-MAR-1995,02-Oct-2026
OSWALGREEN,OSWALGREEN.NS,Oswal Greentech Limited,EQ,19.28,20.32,-5.118110236220468,103836,20.44,75.14,28-AUG-1996,02-Oct-2026
OSWALPUMPS,OSWALPUMPS.NS,Oswal Pumps Limited,EQ,264.25,266.75,-0.937207122774133,337150,888.87,47.01,20-JUN-2025,02-Oct-2026
OSWALSEEDS,OSWALSEEDS.NS,ShreeOswal Seeds And Chemicals Limited,EQ,12.39,12.34,0.40518638573744503,68859,8.46,57.4,28-FEB-2023,02-Oct-2026
OWAIS,OWAIS.NS,OWAIS,ST,67.1,68.45,-1.9722425127830658,18300,12.5,94.54,,02-Oct-2026
PACEDIGITK,PACEDIGITK.NS,Pace Digitek Limited,EQ,167.35,159.98,4.6068258532316575,22773380,39044.45,5.69,06-OCT-2025,02-Oct-2026
PACIFICI,PACIFICI.NS,Pacific Industries Limited,EQ,135.99,134.5,1.1078066914498208,538,0.73,68.03,17-AUG-2026,02-Oct-2026
PAGEIND,PAGEIND.NS,Page Industries Limited,EQ,36660.0,36385.0,0.7558059639961523,40495,14869.36,41.68,16-MAR-2007,02-Oct-2026
PAISALO,PAISALO.NS,Paisalo Digital Limited,EQ,79.9,76.41,4.567464991493273,15551279,12323.27,25.55,17-OCT-2011,02-Oct-2026
PAKKA,PAKKA.NS,PAKKA LIMITED,EQ,72.26,72.89,-0.8643160927424824,38359,27.73,75.98,11-JUL-2023,02-Oct-2026
PALASHSECU,PALASHSECU.NS,Palash Securities Limited,EQ,84.5,84.25,0.2967359050445104,1349,1.14,96.66,28-JUL-2017,02-Oct-2026
PALREDTEC,PALREDTEC.NS,Palred Technologies Limited,EQ,41.77,43.86,-4.765161878704962,6761,2.86,82.84,09-MAY-2016,02-Oct-2026
PANACEABIO,PANACEABIO.NS,Panacea Biotec Limited,EQ,359.05,366.0,-1.8989071038251335,65446,233.33,49.3,17-APR-1996,02-Oct-2026
PANACHE,PANACHE.NS,Panache Digilife Limited,BE,516.15,516.15,0.0,3328,17.1,0.0,06-JAN-2020,02-Oct-2026
PANAMAPET,PANAMAPET.NS,Panama Petrochem Limited,EQ,487.1,484.25,0.5885389778007275,164733,795.19,50.69,30-SEP-2011,02-Oct-2026
PANCHMAHQ,PANCHMAHQ.NS,Panchmahal Steel Limited,EQ,287.5,294.95,-2.525851839294792,182,0.52,57.14,17-AUG-2026,02-Oct-2026
PANORAMA,PANORAMA.NS,Panorama Studios International Limited,EQ,60.91,58.29,4.494767541602329,809424,482.11,48.71,17-AUG-2026,02-Oct-2026
PANSARI,PANSARI.NS,Pansari Developers Limited,EQ,260.0,274.0,-5.109489051094891,110,0.29,76.36,18-OCT-2021,02-Oct-2026
PAR,PAR.NS,Par Drugs And Chemicals Limited,BE,123.95,126.64,-2.124131396083384,7530,9.32,0.0,16-SEP-2021,02-Oct-2026
PARACABLES,PARACABLES.NS,Paramount Communications Limited,EQ,56.51,56.36,0.26614620298083497,1716908,974.2,42.93,03-JAN-2007,02-Oct-2026
PARADEEP,PARADEEP.NS,Paradeep Phosphates Limited,EQ,151.22,154.28,-1.983406792844181,1745429,2643.02,42.89,27-MAY-2022,02-Oct-2026
PARAGMILK,PARAGMILK.NS,Parag Milk Foods Limited,EQ,264.0,271.65,-2.8161236885698426,916684,2422.24,43.13,19-MAY-2016,02-Oct-2026
PARAGON,PARAGON.NS,PARAGON,SM,49.05,50.5,-2.871287128712877,7200,3.58,33.33,,02-Oct-2026
PARAS,PARAS.NS,Paras Defence and Space Technologies Limited,EQ,1276.0,1311.0,-2.6697177726926014,562208,7202.96,31.11,01-OCT-2021,02-Oct-2026
PARASPETRO,PARASPETRO.NS,Paras Petrofils Limited,EQ,2.02,2.07,-2.4154589371980593,42137,0.86,70.89,14-FEB-1996,02-Oct-2026
PARIN,PARIN.NS,Parin Enterprises Limited,EQ,703.85,710.9,-0.9917006611337678,28292,198.46,50.42,25-SEP-2026,02-Oct-2026
PARKHOSPS,PARKHOSPS.NS,Park Medi World Limited,EQ,270.8,274.95,-1.509365339152565,436458,1182.43,49.2,17-DEC-2025,02-Oct-2026
PARKHOTELS,PARKHOTELS.NS,Apeejay Surrendra Park Hotels Limited,EQ,103.55,105.92,-2.2375377643504573,174623,180.23,52.79,12-FEB-2024,02-Oct-2026
PARNAXLAB,PARNAXLAB.NS,Parnax Lab Limited,EQ,113.14,111.73,1.2619708225185684,600,0.68,91.0,17-AUG-2026,02-Oct-2026
PARSVNATH,PARSVNATH.NS,Parsvnath Developers Limited,BE,2.13,2.09,1.913875598086126,15431,0.33,0.0,30-NOV-2006,02-Oct-2026
PARTH,PARTH.NS,PARTH,SM,510.75,505.95,0.9487103468722228,23600,118.74,72.88,,02-Oct-2026
PARTY-RE,PARTY-RE.NS,PARTY-RE,ST,0.2,0.15,33.33333333333335,1328,0.0,100.0,,02-Oct-2026
PARTYCRUS,PARTYCRUS.NS,PARTYCRUS,SM,98.0,98.5,-0.5076142131979695,2000,1.96,100.0,,02-Oct-2026
PASHUPATI,PASHUPATI.NS,Pashupati Cotspin Limited,EQ,78.99,75.4,4.761273209549057,817313,640.46,49.83,17-JUL-2025,02-Oct-2026
PASUPTAC,PASUPTAC.NS,Pasupati Acrylon Limited,EQ,69.64,72.73,-4.2485906778495846,243098,170.1,49.14,12-OCT-2021,02-Oct-2026
PATANJALI,PATANJALI.NS,Patanjali Foods Limited,EQ,355.15,363.0,-2.162534435261714,4327803,15437.73,30.17,24-JAN-2020,02-Oct-2026
PATELENG,PATELENG.NS,Patel Engineering Limited,EQ,25.92,26.45,-2.0037807183364746,1951626,506.63,54.99,24-FEB-2005,02-Oct-2026
PATELRMART,PATELRMART.NS,Patel Retail Limited,EQ,211.0,211.52,-0.24583963691377186,51861,108.57,47.47,26-AUG-2025,02-Oct-2026
PATILAUTOM,PATILAUTOM.NS,PATILAUTOM,ST,325.55,338.75,-3.8966789667896644,47400,154.9,93.67,,02-Oct-2026
PATINTLOG,PATINTLOG.NS,Patel Integrated Logistics Limited,EQ,13.23,13.11,0.915331807780328,105462,13.95,69.07,11-JAN-2008,02-Oct-2026
PAUSHAKLTD,PAUSHAKLTD.NS,Paushak Limited,EQ,650.3,665.25,-2.2472754603532574,23637,153.3,47.05,01-DEC-2025,02-Oct-2026
PAVNAIND,PAVNAIND.NS,Pavna Industries Limited,EQ,15.36,15.46,-0.6468305304010441,29071,4.48,74.48,01-JUN-2023,02-Oct-2026
PAYTM,PAYTM.NS,One 97 Communications Limited,EQ,1656.0,1678.0,-1.3110846245530394,1936812,32126.23,42.24,18-NOV-2021,02-Oct-2026
PBMPOLY,PBMPOLY.NS,PBM Polytex Limited,EQ,58.85,60.32,-2.437002652519892,672,0.39,53.13,17-AUG-2026,02-Oct-2026
PCBL,PCBL.NS,PCBL Chemical Limited,EQ,321.5,331.1,-2.8994261552401155,878765,2847.3,43.04,29-MAR-1995,02-Oct-2026
PCCL,PCCL.NS,PCCL,SM,406.0,434.9,-6.645205794435498,9200,38.03,82.61,,02-Oct-2026
PCJEWELLER,PCJEWELLER.NS,PC Jeweller Limited,EQ,12.82,13.2,-2.8787878787878713,241052557,31093.68,26.83,27-DEC-2012,02-Oct-2026
PDMJEPAPER,PDMJEPAPER.NS,Pudumjee Paper Products Limited,EQ,95.56,97.22,-1.7074675992594082,205004,197.29,42.37,30-MAR-2016,02-Oct-2026
PDSL,PDSL.NS,PDS Limited,EQ,347.55,352.3,-1.3482827135963666,72513,252.36,56.92,21-OCT-2014,02-Oct-2026
PEARLPOLY,PEARLPOLY.NS,Pearl Polymers Limited,EQ,17.09,17.75,-3.71830985915493,5375,0.94,56.67,11-OCT-1995,02-Oct-2026
PELATRO,PELATRO.NS,PELATRO,SM,359.9,400.25,-10.081199250468464,24900,91.25,75.9,,02-Oct-2026
PENIND,PENIND.NS,Pennar Industries Limited,EQ,173.62,184.0,-5.641304347826084,1220227,2144.45,46.3,25-NOV-2010,02-Oct-2026
PENINLAND,PENINLAND.NS,Peninsula Land Limited,EQ,14.62,15.05,-2.857142857142867,183619,27.07,66.1,08-FEB-1995,02-Oct-2026
PENTAGON,PENTAGON.NS,PENTAGON,ST,80.8,85.0,-4.941176470588238,1000,0.81,100.0,,02-Oct-2026
PERMAGN,PERMAGN.NS,Permanent Magnets Limited,EQ,861.3,832.05,3.515413737155219,3064,25.75,75.36,17-AUG-2026,02-Oct-2026
PERNIASPOP,PERNIASPOP.NS,Purple Style Labs Limited,EQ,544.7,547.9,-0.5840481839751656,72414,389.15,45.6,07-SEP-2026,02-Oct-2026
PERSISTENT,PERSISTENT.NS,Persistent Systems Limited,EQ,5367.0,5279.0,1.6669823830270885,506268,26948.07,36.47,06-APR-2010,02-Oct-2026
PETRONET,PETRONET.NS,Petronet LNG Limited,EQ,285.5,284.5,0.35149384885764495,1678508,4789.54,69.08,26-MAR-2004,02-Oct-2026
PFC,PFC.NS,Power Finance Corporation Limited,EQ,318.0,325.5,-2.3041474654377883,9777829,31136.8,57.67,23-FEB-2007,02-Oct-2026
PFIZER,PFIZER.NS,Pfizer Limited,EQ,3858.9,3875.3,-0.4231930431192447,34585,1328.36,67.84,28-APR-1999,02-Oct-2026
PFOCUS,PFOCUS.NS,Prime Focus Limited,EQ,301.55,316.0,-4.572784810126579,3922858,12052.44,14.5,20-JUN-2006,02-Oct-2026
PFS,PFS.NS,PTC India Financial Services Limited,EQ,28.81,29.08,-0.9284731774415392,1867391,546.96,30.38,30-MAR-2011,02-Oct-2026
PGEL,PGEL.NS,PG Electroplast Limited,EQ,481.1,493.45,-2.502786503191806,1012842,4900.79,45.84,26-SEP-2011,02-Oct-2026
PGHH,PGHH.NS,Procter & Gamble Hygiene and Health Care Limited,EQ,6639.0,6798.5,-2.3461057586232257,23880,1590.61,49.41,07-JUL-2004,02-Oct-2026
PGHL,PGHL.NS,Procter & Gamble Health Limited,EQ,5360.0,5563.0,-3.6491101923422615,8710,472.22,48.01,24-APR-1996,02-Oct-2026
PGIL,PGIL.NS,Pearl Global Industries Limited,EQ,1263.0,1282.1,-1.4897433897511825,115643,1454.85,50.39,15-FEB-2007,02-Oct-2026
PHANTOMFX,PHANTOMFX.NS,PHANTOMFX,SM,86.2,88.25,-2.3229461756373904,18300,15.76,54.1,,02-Oct-2026
PHARMABEES,PHARMABEES.NS,PHARMABEES,EQ,27.11,27.32,-0.7686676427525654,6643167,1796.32,57.9,,02-Oct-2026
PHOENIXLTD,PHOENIXLTD.NS,The Phoenix Mills Limited,EQ,1930.0,1935.0,-0.2583979328165375,555494,10788.16,59.45,23-APR-2007,02-Oct-2026
PHOENXINTL,PHOENXINTL.NS,Phoenix International Limited,EQ,28.15,28.71,-1.9505398815743722,2283,0.64,99.91,17-AUG-2026,02-Oct-2026
PICCADIL,PICCADIL.NS,Piccadily Agro Industries Limited,EQ,581.05,592.35,-1.9076559466531726,108548,630.25,44.67,02-JUL-2025,02-Oct-2026
PIDILITIND,PIDILITIND.NS,Pidilite Industries Limited,EQ,1464.0,1465.1,-0.07508019930379559,867267,12780.89,60.78,29-MAR-1995,02-Oct-2026
PIGL,PIGL.NS,Power & Instrumentation (Gujarat) Limited,EQ,93.87,96.34,-2.563836412705002,40347,38.12,46.58,17-MAY-2023,02-Oct-2026
PIIND,PIIND.NS,PI Industries Limited,EQ,2236.0,2310.0,-3.2034632034632033,125263,2822.24,45.24,15-JUN-2011,02-Oct-2026
PILANIINVS,PILANIINVS.NS,Pilani Investment and Industries Corporation Limited,EQ,3892.3,3956.5,-1.6226462782762499,2414,94.42,60.48,08-DEC-2015,02-Oct-2026
PILITA,PILITA.NS,PIL ITALICA LIFESTYLE LIMITED,EQ,7.45,7.52,-0.9308510638297792,19070,1.41,77.57,07-OCT-2013,02-Oct-2026
PINELABS,PINELABS.NS,Pine Labs Limited,EQ,167.59,171.79,-2.444845450841137,13924916,23632.18,28.15,14-NOV-2025,02-Oct-2026
PIONEEREMB,PIONEEREMB.NS,Pioneer Embroideries Limited,EQ,20.07,20.59,-2.525497814473043,23487,4.73,96.26,16-MAY-2006,02-Oct-2026
PIONRINV,PIONRINV.NS,Pioneer Investcorp Limited,BE,73.0,75.95,-3.884134298880846,5113,3.73,0.0,20-APR-2026,02-Oct-2026
PIRAMALFIN,PIRAMALFIN.NS,Piramal Finance Limited,EQ,2023.3,2043.9,-1.007877097705374,303300,6129.35,55.88,07-NOV-2025,02-Oct-2026
PITTIENG,PITTIENG.NS,Pitti Engineering Limited,EQ,1123.8,1139.5,-1.3777972795085605,63727,712.39,50.22,02-FEB-2007,02-Oct-2026
PIXTRANS,PIXTRANS.NS,Pix Transmissions Limited,EQ,1809.3,1726.9,4.771555967340313,1455118,26828.55,4.05,28-APR-2022,02-Oct-2026
PKTEA,PKTEA.NS,The Peria Karamalai Tea & Produce Company Limited,BE,1037.7,1043.35,-0.5415248957684251,1076,11.01,0.0,19-AUG-2015,02-Oct-2026
PLASTIBLEN,PLASTIBLEN.NS,Plastiblends India Limited,EQ,193.62,200.29,-3.3301712516850506,37312,72.95,51.95,28-DEC-2006,02-Oct-2026
PLATIND,PLATIND.NS,Platinum Industries Limited,EQ,202.0,206.85,-2.344694222866809,51510,104.53,58.55,05-MAR-2024,02-Oct-2026
PLAZACABLE,PLAZACABLE.NS,Plaza Wires Limited,EQ,57.12,59.15,-3.4319526627218955,58747,33.67,68.18,12-OCT-2023,02-Oct-2026
PML,PML.NS,Paul Merchants Limited,EQ,472.65,465.85,1.4596973274659126,599,2.9,87.15,20-APR-2026,02-Oct-2026
PNB,PNB.NS,Punjab National Bank,EQ,109.57,113.06,-3.086856536352387,11365686,12663.41,42.94,24-APR-2002,02-Oct-2026
PNBGILTS,PNBGILTS.NS,PNB Gilts Limited,EQ,71.63,73.99,-3.1896202189485057,407422,293.64,51.23,18-SEP-2000,02-Oct-2026
PNBHOUSING,PNBHOUSING.NS,PNB Housing Finance Limited,EQ,1092.0,1120.0,-2.5,1090171,11998.79,55.91,07-NOV-2016,02-Oct-2026
PNC,PNC.NS,PNC Media and Entertainment Limited,EQ,18.09,17.65,2.4929178470255033,16348,2.92,78.94,11-DEC-2000,02-Oct-2026
PNCINFRA,PNCINFRA.NS,PNC Infratech Limited,EQ,138.16,133.18,3.7393001952245,1668999,2282.17,36.97,26-MAY-2015,02-Oct-2026
PNGJL,PNGJL.NS,P N Gadgil Jewellers Limited,EQ,581.95,590.15,-1.3894772515462057,419974,2441.15,53.18,17-SEP-2024,02-Oct-2026
PNGSREVA,PNGSREVA.NS,PNGS Reva Diamond Jewellery Limited,EQ,504.4,511.65,-1.4169842665884882,82022,412.19,44.82,04-MAR-2026,02-Oct-2026
POCL,POCL.NS,Pondy Oxides & Chemicals Limited,EQ,437.0,452.65,-3.4574174306859558,333775,1472.93,40.79,06-MAR-2023,02-Oct-2026
PODDARMENT,PODDARMENT.NS,Poddar Pigments Limited,EQ,253.65,257.15,-1.3610733035193356,4370,11.2,68.08,22-NOV-2016,02-Oct-2026
POEL,POEL.NS,POCL Enterprises Limited,EQ,136.45,137.42,-0.7058652306796674,36731,50.64,44.99,17-AUG-2026,02-Oct-2026
POKARNA,POKARNA.NS,Pokarna Limited,EQ,699.1,705.7,-0.9352416040810574,77946,541.28,56.23,07-JUL-2016,02-Oct-2026
POLICYBZR,POLICYBZR.NS,PB Fintech Limited,EQ,980.0,1063.9,-7.886079518751771,14061779,140328.5,42.62,15-NOV-2021,02-Oct-2026
POLYCAB,POLYCAB.NS,Polycab India Limited,EQ,7990.0,8026.0,-0.448542237727386,463691,37137.73,57.1,16-APR-2019,02-Oct-2026
POLYMED,POLYMED.NS,Poly Medicure Limited,EQ,1638.1,1673.8,-2.1328713107898225,91694,1498.55,46.12,07-DEC-2011,02-Oct-2026
POLYPLEX,POLYPLEX.NS,Polyplex Corporation Limited,EQ,1028.0,1055.0,-2.5592417061611377,41338,430.05,57.12,11-APR-2003,02-Oct-2026
POLYSIL,POLYSIL.NS,POLYSIL,SM,58.6,60.65,-3.3800494641384953,5500,3.3,100.0,,02-Oct-2026
POLYSPIN,POLYSPIN.NS,Polyspin Exports Limited,EQ,29.5,31.22,-5.509288917360663,321,0.09,90.65,17-AUG-2026,02-Oct-2026
PONNIERODE,PONNIERODE.NS,Ponni Sugars (Erode) Limited,EQ,372.35,372.2,0.040300913487381546,39422,145.34,54.23,16-APR-2002,02-Oct-2026
POOJALOGIS,POOJALOGIS.NS,POOJALOGIS,ST,122.0,123.9,-1.5334947538337413,482400,582.19,89.3,,02-Oct-2026
POONAWALLA,POONAWALLA.NS,Poonawalla Fincorp Limited,EQ,433.4,443.85,-2.354399008674112,762919,3328.02,54.08,27-APR-2004,02-Oct-2026
POSITRON,POSITRON.NS,POSITRON,SM,228.55,236.95,-3.545051698670596,3900,8.88,92.31,,02-Oct-2026
POWERGRID,POWERGRID.NS,Power Grid Corporation of India Limited,EQ,254.55,260.5,-2.284069097888671,10976701,28036.34,66.25,05-OCT-2007,02-Oct-2026
POWERICA,POWERICA.NS,Powerica Limited,EQ,589.15,600.6,-1.9064269064269141,241996,1436.39,56.73,02-APR-2026,02-Oct-2026
POWERINDIA,POWERINDIA.NS,Hitachi Energy India Limited,EQ,31290.0,30630.0,2.1547502448579823,145146,45182.94,36.88,30-MAR-2020,02-Oct-2026
POWERMECH,POWERMECH.NS,Power Mech Projects Limited,EQ,2476.2,2490.5,-0.5741818911865161,52512,1292.47,34.38,26-AUG-2015,02-Oct-2026
PPAP,PPAP.NS,PPAP Automotive Limited,BE,228.49,234.45,-2.542119854979731,6650,15.35,0.0,11-JAN-2008,02-Oct-2026
PPL,PPL.NS,Prakash Pipes Limited,BE,243.55,253.35,-3.868166567988941,20982,51.29,0.0,14-JUN-2019,02-Oct-2026
PPLPHARMA,PPLPHARMA.NS,Piramal Pharma Limited,EQ,197.97,206.52,-4.140034863451487,3574489,7119.6,41.76,19-OCT-2022,02-Oct-2026
PPSL,PPSL.NS,PPSL,SM,2.75,2.85,-3.5087719298245648,21000,0.58,100.0,,02-Oct-2026
PRABHA,PRABHA.NS,Prabha Energy Limited,EQ,218.31,222.03,-1.675449263613025,153237,340.4,46.07,19-MAR-2025,02-Oct-2026
PRADPME,PRADPME.NS,Pradeep Metals Limited,BE,449.25,460.35,-2.4112088628217707,13939,62.91,0.0,20-APR-2026,02-Oct-2026
PRAENG,PRAENG.NS,Prajay Engineers Syndicate Limited,EQ,20.09,21.18,-5.146364494806421,78026,16.02,72.59,02-JAN-2007,02-Oct-2026
PRAJIND,PRAJIND.NS,Praj Industries Limited,EQ,303.25,305.85,-0.8500899133562276,401299,1211.13,50.87,11-OCT-1995,02-Oct-2026
PRAKASH,PRAKASH.NS,Prakash Industries Limited,EQ,118.69,123.72,-4.065632072421598,543685,649.69,50.07,10-MAY-1995,02-Oct-2026
PRAKASHSTL,PRAKASHSTL.NS,Prakash Steelage Limited,EQ,3.56,3.59,-0.8356545961002733,120526,4.28,84.49,25-AUG-2010,02-Oct-2026
PRAMARA,PRAMARA.NS,PRAMARA,SM,102.1,107.45,-4.97906002791997,5000,5.13,80.0,,02-Oct-2026
PRAMODINI,PRAMODINI.NS,PRAMODINI,SM,115.05,118.6,-2.99325463743676,94800,108.58,73.42,,02-Oct-2026
PRANAV,PRANAV.NS,Pranav Constructions Limited,EQ,97.21,100.1,-2.8871128871128877,1294606,1268.19,38.86,15-SEP-2026,02-Oct-2026
PRANIK,PRANIK.NS,PRANIK,SM,44.05,45.15,-2.436323366555928,1600,0.7,100.0,,02-Oct-2026
PRASOLCHEM,PRASOLCHEM.NS,Prasol Chemicals Limited,EQ,814.05,839.1,-2.985341437254209,557879,4522.74,30.36,16-SEP-2026,02-Oct-2026
PRATHAM,PRATHAM.NS,PRATHAM,SM,127.5,125.95,1.2306470821754643,10000,12.79,56.0,,02-Oct-2026
PRAVEG,PRAVEG.NS,Praveg Limited,EQ,238.1,241.8,-1.5301902398676661,135198,317.28,91.46,20-APR-2026,02-Oct-2026
PRAXIS,PRAXIS.NS,Praxis Home Retail Limited,EQ,4.39,4.59,-4.357298474945537,105275,4.62,71.89,31-JAN-2018,02-Oct-2026
PRECAM,PRECAM.NS,Precision Camshafts Limited,EQ,109.9,116.78,-5.891419763658156,438255,486.12,54.63,08-FEB-2016,02-Oct-2026
PRECOT,PRECOT.NS,Precot Limited,EQ,638.35,627.7,1.6966703839413695,4756,30.2,74.43,19-AUG-2005,02-Oct-2026
PRECWIRE,PRECWIRE.NS,Precision Wires India Limited,EQ,501.4,492.45,1.8174433952685527,696872,3473.97,29.8,06-SEP-1995,02-Oct-2026
PREMCO,PREMCO.NS,Premco Global Limited,EQ,399.95,400.85,-0.2245228888611785,185,0.73,100.0,20-APR-2026,02-Oct-2026
PREMEXPLN,PREMEXPLN.NS,Premier Explosives Limited,EQ,682.05,684.1,-0.2996637918433077,165290,1123.05,72.19,17-JUN-2016,02-Oct-2026
PREMIER,PREMIER.NS,Premier Limited,BE,2.6,2.73,-4.761904761904758,22500,0.59,0.0,03-APR-1996,02-Oct-2026
PREMIERENE,PREMIERENE.NS,Premier Energies Limited,EQ,878.05,870.1,0.9136880818296669,1259157,11028.3,38.06,03-SEP-2024,02-Oct-2026
PREMIERPOL,PREMIERPOL.NS,Premier Polyfilm Limited,EQ,90.64,92.76,-2.2854678740836616,337345,303.24,44.06,13-DEC-1995,02-Oct-2026
PREMIUM,PREMIUM.NS,PREMIUM,SM,44.9,45.9,-2.178649237472767,96000,44.62,84.38,,02-Oct-2026
PRESSTONIC,PRESSTONIC.NS,PRESSTONIC,ST,46.3,47.65,-2.833158447009447,28000,12.93,94.29,,02-Oct-2026
PRESTIGE,PRESTIGE.NS,Prestige Estates Projects Limited,EQ,1486.1,1481.9,0.2834199338686698,1381292,20410.86,41.45,27-OCT-2010,02-Oct-2026
PRICOLLTD,PRICOLLTD.NS,Pricol Limited,EQ,734.5,747.6,-1.7522739432851824,940627,6721.28,37.82,10-FEB-2017,02-Oct-2026
PRIMECAB,PRIMECAB.NS,PRIMECAB,ST,206.25,196.45,4.988546703995934,27200,56.1,100.0,,02-Oct-2026
PRIMESECU,PRIMESECU.NS,Prime Securities Limited,EQ,301.5,298.45,1.021946724744517,43023,127.47,73.95,17-JUN-2005,02-Oct-2026
PRIMO,PRIMO.NS,Primo Chemicals Limited,EQ,25.41,26.64,-4.617117117117118,449481,115.28,59.01,22-APR-2025,02-Oct-2026
PRINCEPIPE,PRINCEPIPE.NS,Prince Pipes And Fittings Limited,EQ,246.9,255.75,-3.460410557184748,178385,442.52,56.24,30-DEC-2019,02-Oct-2026
PRIORITY,PRIORITY.NS,Priority Jewels Limited,EQ,290.45,301.6,-3.6969496021220265,271376,786.57,49.78,04-SEP-2026,02-Oct-2026
PRISMX,PRISMX.NS,Prismx Global Ventures Limited,EQ,0.52,0.52,0.0,136581,0.71,95.38,17-AUG-2026,02-Oct-2026
PRITI,PRITI.NS,Priti International Limited,EQ,32.79,32.71,0.24457352491592263,30728,9.76,95.39,02-MAR-2022,02-Oct-2026
PRITIKAUTO,PRITIKAUTO.NS,Pritika Auto Industries Limited,EQ,16.11,17.08,-5.6791569086650995,373086,60.5,59.91,10-AUG-2021,02-Oct-2026
PRIVISCL,PRIVISCL.NS,Privi Speciality Chemicals Limited,EQ,3573.0,3586.6,-0.3791892042602997,135556,4793.81,57.42,08-MAY-2015,02-Oct-2026
PRIZOR,PRIZOR.NS,PRIZOR,ST,1194.0,1173.5,1.7469109501491265,10400,124.39,100.0,,02-Oct-2026
PRLIND,PRLIND.NS,PRLIND,SM,44.0,45.25,-2.7624309392265194,9000,4.02,100.0,,02-Oct-2026
PROLIFE,PROLIFE.NS,PROLIFE,SM,76.0,76.0,0.0,1500,1.14,100.0,,02-Oct-2026
PROPEQUITY,PROPEQUITY.NS,PROPEQUITY,SM,184.0,192.85,-4.589058854031628,4200,7.78,100.0,,02-Oct-2026
PROSTARM,PROSTARM.NS,Prostarm Info Systems Limited,EQ,135.41,134.66,0.5569582652606565,766410,1062.85,23.51,03-JUN-2025,02-Oct-2026
PROTEAN,PROTEAN.NS,Protean eGov Technologies Limited,EQ,639.75,659.3,-2.9652661914151306,610264,3970.27,28.94,06-FEB-2025,02-Oct-2026
PROV,PROV.NS,PROV,SM,1940.0,1949.5,-0.4873044370351372,240,4.67,100.0,,02-Oct-2026
PROZONER,PROZONER.NS,Prozone Realty Limited,EQ,52.53,56.52,-7.059447983014865,242456,130.15,61.22,12-SEP-2012,02-Oct-2026
PRSMJOHNSN,PRSMJOHNSN.NS,Prism Johnson Limited,EQ,103.61,108.74,-4.717675188523079,478189,502.85,52.46,20-AUG-2003,02-Oct-2026
PRUDENT,PRUDENT.NS,Prudent Corporate Advisory Services Limited,EQ,3119.1,3129.2,-0.32276620222420777,26057,805.66,52.62,20-MAY-2022,02-Oct-2026
PRUDMOULI,PRUDMOULI.NS,Prudential Sugar Corporation Limited,EQ,13.49,13.39,0.7468259895444335,725,0.1,99.72,10-MAY-1995,02-Oct-2026
PSB,PSB.NS,Punjab & Sind Bank,EQ,20.96,21.33,-1.734646038443495,752976,158.27,53.16,30-DEC-2010,02-Oct-2026
PSFL,PSFL.NS,PSFL,SM,36.5,32.25,13.178294573643413,4000,1.41,100.0,,02-Oct-2026
PSPPROJECT,PSPPROJECT.NS,PSP Projects Limited,EQ,747.1,767.0,-2.5945241199478457,75324,563.16,46.54,29-MAY-2017,02-Oct-2026
PSRAJ,PSRAJ.NS,PSRAJ,SM,100.7,100.1,0.599400599400608,182500,182.97,76.71,,02-Oct-2026
PSUBANK,PSUBANK.NS,PSUBANK,EQ,79.52,80.67,-1.4255609272344187,261922,208.32,41.09,,02-Oct-2026
PSUBANKADD,PSUBANKADD.NS,PSUBANKADD,EQ,80.47,81.54,-1.3122393917095994,32325,25.96,35.48,,02-Oct-2026
PSUBNKBEES,PSUBNKBEES.NS,PSUBNKBEES,EQ,88.92,89.59,-0.7478513226922666,1158323,1031.59,42.97,,02-Oct-2026
PSUBNKIETF,PSUBNKIETF.NS,PSUBNKIETF,EQ,80.66,81.68,-1.2487757100881614,86626,69.83,50.59,,02-Oct-2026
PTC,PTC.NS,PTC India Limited,EQ,154.79,155.56,-0.49498585754693375,1221503,1886.19,64.9,07-APR-2004,02-Oct-2026
PTCIL,PTCIL.NS,PTC Industries Limited,EQ,22025.0,22190.0,-0.743578188373141,14332,3158.56,30.76,09-JUN-2023,02-Oct-2026
PTL,PTL.NS,PTL Enterprises Limited,EQ,37.87,37.87,0.0,23708,8.97,83.09,29-JAN-2007,02-Oct-2026
PUNJABCHEM,PUNJABCHEM.NS,Punjab Chemicals & Crop Protection Limited,EQ,1040.9,1054.5,-1.2897107633949654,6287,64.96,53.01,08-MAR-2007,02-Oct-2026
PURPLEUTED,PURPLEUTED.NS,PURPLEUTED,SM,449.8,466.7,-3.6211699164345355,47250,211.75,74.07,,02-Oct-2026
PURVA,PURVA.NS,Puravankara Limited,EQ,204.64,206.34,-0.8238829116991456,167683,339.3,40.16,30-AUG-2007,02-Oct-2026
PUSHPA,PUSHPA.NS,PUSHPA,SM,116.0,123.1,-5.767668562144594,138000,164.11,19.57,,02-Oct-2026
PVP,PVP.NS,PVP Ventures Limited,EQ,50.47,53.12,-4.988704819277106,953113,483.44,56.27,03-APR-1996,02-Oct-2026
PVRINOX,PVRINOX.NS,PVR INOX Limited,EQ,1215.3,1242.7,-2.204876478635237,321029,3882.83,53.15,04-JAN-2006,02-Oct-2026
PVSL,PVSL.NS,Popular Vehicles and Services Limited,EQ,89.86,95.5,-5.905759162303665,89730,82.75,75.08,19-MAR-2024,02-Oct-2026
PVTBANIETF,PVTBANIETF.NS,PVTBANIETF,EQ,27.15,27.13,0.07371913011426308,3754055,1021.53,74.64,,02-Oct-2026
PVTBANK,PVTBANK.NS,PVTBANK,EQ,26.82,26.55,1.0169491525423713,951828,255.88,39.5,,02-Oct-2026
PVTBANKADD,PVTBANKADD.NS,PVTBANKADD,EQ,27.18,27.23,-0.1836210062431168,19537,5.32,75.43,,02-Oct-2026
PVTBKGROWW,PVTBKGROWW.NS,PVTBKGROWW,EQ,26.87,26.88,-0.03720238095237355,5224,1.41,60.97,,02-Oct-2026
PWL,PWL.NS,Physicswallah Limited,EQ,120.17,123.48,-2.6805960479429887,5922570,7139.67,33.44,18-NOV-2025,02-Oct-2026
PYRAMID,PYRAMID.NS,Pyramid Technoplast Limited,EQ,154.34,156.01,-1.070444202294717,49241,75.54,75.25,29-AUG-2023,02-Oct-2026
QFIL,QFIL.NS,QFIL,SM,49.75,52.35,-4.966571155682907,1000,0.5,100.0,,02-Oct-2026
QGOLDHALF,QGOLDHALF.NS,QGOLDHALF,EQ,121.63,121.85,-0.18054985638079513,309888,377.12,77.12,,02-Oct-2026
QLINE,QLINE.NS,QLINE,SM,661.1,681.0,-2.922173274596179,70000,462.2,62.29,,02-Oct-2026
QMSMEDI,QMSMEDI.NS,QMS Medical Allied Services Limited,BE,195.67,205.96,-4.9961157506312,70416,138.58,0.0,18-JUN-2026,02-Oct-2026
QNIFTY,QNIFTY.NS,QNIFTY,EQ,247.7,249.78,-0.8327328048682892,10837,26.85,92.09,,02-Oct-2026
QPOWER,QPOWER.NS,Quality Power Electrical Equipments Limited,EQ,1564.6,1584.8,-1.2746087834427087,317871,4958.94,51.23,24-FEB-2025,02-Oct-2026
QUADFUTURE,QUADFUTURE.NS,Quadrant Future Tek Limited,EQ,531.4,547.45,-2.9317745912868878,403649,2152.13,32.75,14-JAN-2025,02-Oct-2026
QUAL30IETF,QUAL30IETF.NS,QUAL30IETF,EQ,19.54,19.74,-1.01317122593718,198516,38.73,54.04,,02-Oct-2026
QUALIANCE,QUALIANCE.NS,QUALIANCE,SM,179.5,188.0,-4.521276595744681,92000,169.09,79.35,,02-Oct-2026
QUALITY30,QUALITY30.NS,QUALITY30,EQ,19.48,19.4,0.4123711340206281,46429,8.91,34.65,,02-Oct-2026
QUESS,QUESS.NS,Quess Corp Limited,EQ,336.2,334.95,0.37319002836244214,369564,1239.42,64.29,12-JUL-2016,02-Oct-2026
QUESTLAB,QUESTLAB.NS,QUESTLAB,SM,91.85,100.2,-8.333333333333341,39600,37.72,78.79,,02-Oct-2026
QUICKHEAL,QUICKHEAL.NS,Quick Heal Technologies Limited,EQ,138.15,144.49,-4.387846909820751,155260,217.47,58.21,18-FEB-2016,02-Oct-2026
QUICKTOUCH,QUICKTOUCH.NS,QUICKTOUCH,SM,15.25,14.75,3.389830508474576,1000,0.15,100.0,,02-Oct-2026
QUINT,QUINT.NS,Quint Digital Limited,BE,68.74,72.35,-4.989633724948169,37062,25.48,0.0,20-APR-2026,02-Oct-2026
QUINTEGRA,QUINTEGRA.NS,Quintegra Solutions Limited,EQ,1.34,1.28,4.687500000000004,298,0.0,100.0,20-DEC-2000,02-Oct-2026
QVCEL,QVCEL.NS,QVCEL,SM,24.0,24.0,0.0,1600,0.38,100.0,,02-Oct-2026
RACE,RACE.NS,Race Eco Chain Limited,EQ,113.18,118.02,-4.100999830537188,97878,112.58,36.24,09-MAY-2023,02-Oct-2026
RACLGEAR,RACLGEAR.NS,RACL Geartech Limited,EQ,1538.2,1594.8,-3.5490343616754396,34375,529.47,44.0,27-NOV-2024,02-Oct-2026
RADAAN,RADAAN.NS,Radaan Mediaworks India Limited,EQ,2.98,3.0,-0.6666666666666672,15462,0.47,89.79,27-FEB-2003,02-Oct-2026
RADHIKAJWE,RADHIKAJWE.NS,Radhika Jeweltech Limited,BE,68.98,70.23,-1.779866154065214,148396,102.05,0.0,18-JUL-2022,02-Oct-2026
RADIANTCMS,RADIANTCMS.NS,Radiant Cash Management Services Limited,EQ,35.89,35.41,1.3555492798644564,87383,31.18,61.23,04-JAN-2023,02-Oct-2026
RADICO,RADICO.NS,Radico Khaitan Limited,EQ,4237.0,4366.0,-2.9546495648190563,426809,18301.67,56.11,18-JUN-2003,02-Oct-2026
RADIOCITY,RADIOCITY.NS,Music Broadcast Limited,EQ,5.88,5.99,-1.8363939899833106,76812,4.49,73.82,17-MAR-2017,02-Oct-2026
RAILTEL,RAILTEL.NS,Railtel Corporation Of India Limited,EQ,257.2,265.65,-3.180877093920568,851720,2192.82,30.21,26-FEB-2021,02-Oct-2026
RAIN,RAIN.NS,Rain Industries Limited,EQ,208.52,213.94,-2.533420585210801,4313649,9053.51,42.33,03-MAR-2008,02-Oct-2026
RAINBOW,RAINBOW.NS,Rainbow Childrens Medicare Limited,EQ,1279.8,1314.3,-2.6249714677014384,219253,2815.09,61.14,10-MAY-2022,02-Oct-2026
RAJESHEXPO,RAJESHEXPO.NS,Rajesh Exports Limited,BZ,64.03,64.7,-1.0355486862442067,571446,356.38,0.0,09-FEB-2000,02-Oct-2026
RAJINDLTD,RAJINDLTD.NS,RAJINDLTD,SM,64.5,66.55,-3.0803906836964647,1500,0.97,100.0,,02-Oct-2026
RAJMET,RAJMET.NS,Rajnandini Metal Limited,EQ,3.08,3.12,-1.2820512820512833,179253,5.52,79.81,16-FEB-2021,02-Oct-2026
RAJOOENG,RAJOOENG.NS,Rajoo Engineers Limited,BE,53.21,53.43,-0.41175369642522713,194043,103.33,0.0,29-MAY-2025,02-Oct-2026
RAJPALAYAM,RAJPALAYAM.NS,Rajapalayam Mills Limited,EQ,738.0,749.15,-1.4883534672628949,1650,12.36,94.67,20-APR-2026,02-Oct-2026
RAJPUTANA,RAJPUTANA.NS,RAJPUTANA,SM,199.75,199.0,0.37688442211055273,1500,2.99,100.0,,02-Oct-2026
RAJRATAN,RAJRATAN.NS,Rajratan Global Wire Limited,EQ,453.55,461.6,-1.743934142114387,58422,263.73,52.56,22-MAY-2020,02-Oct-2026
RAJRILTD,RAJRILTD.NS,Raj Rayon Industries Limited,BE,20.0,20.17,-0.8428358948934145,20055,4.03,0.0,16-MAR-2022,02-Oct-2026
RAJSREESUG,RAJSREESUG.NS,Rajshree Sugars & Chemicals Limited,EQ,27.73,28.87,-3.948735711811571,83235,23.21,70.87,29-MAR-1995,02-Oct-2026
RAJTV,RAJTV.NS,Raj Television Network Limited,BE,10.8,10.88,-0.7352941176470594,42590,4.55,0.0,16-MAR-2007,02-Oct-2026
RALLIS,RALLIS.NS,Rallis India Limited,EQ,199.69,199.73,-0.020027036499270037,606641,1208.09,59.99,01-APR-1999,02-Oct-2026
RAMANEWS,RAMANEWS.NS,Shree Rama Newsprint Limited,EQ,29.38,30.27,-2.940204823257352,15982,4.7,84.35,20-SEP-2006,02-Oct-2026
RAMAPHO,RAMAPHO.NS,Rama Phosphates Limited,EQ,120.05,120.09,-0.03330835206928658,41090,50.31,58.58,05-AUG-2022,02-Oct-2026
RAMASTEEL,RAMASTEEL.NS,Rama Steel Tubes Limited,BE,4.47,4.56,-1.9736842105263128,501360,22.5,0.0,19-AUG-2015,02-Oct-2026
RAMBHAJO,RAMBHAJO.NS,Advit Jewels Limited,EQ,288.75,285.98,0.968599202741444,785400,2267.69,39.79,01-JUL-2026,02-Oct-2026
RAMCOCEM,RAMCOCEM.NS,The Ramco Cements Limited,EQ,830.85,845.55,-1.7385133936490962,82325,681.69,45.2,09-APR-1997,02-Oct-2026
RAMCOIND,RAMCOIND.NS,Ramco Industries Limited,EQ,302.3,307.6,-1.7230169050715252,143152,428.66,52.61,06-NOV-1996,02-Oct-2026
RAMCOSYS,RAMCOSYS.NS,Ramco Systems Limited,EQ,546.25,554.6,-1.5055896141363183,79897,430.85,48.95,12-APR-2000,02-Oct-2026
RAMKY,RAMKY.NS,Ramky Infrastructure Limited,EQ,274.6,279.1,-1.6123253314224288,171591,466.67,53.92,08-OCT-2010,02-Oct-2026
RAMRAT,RAMRAT.NS,Ram Ratna Wires Limited,EQ,616.55,582.4,5.863667582417579,1005993,6084.22,21.71,29-JUL-2022,02-Oct-2026
RANASUG,RANASUG.NS,Rana Sugars Limited,EQ,13.08,13.24,-1.2084592145015116,200795,26.31,70.09,24-FEB-2005,02-Oct-2026
RANEHOLDIN,RANEHOLDIN.NS,Rane Holdings Limited,EQ,1518.7,1529.8,-0.7255850437965689,7421,112.13,60.06,24-SEP-1997,02-Oct-2026
RAPIDFLEET,RAPIDFLEET.NS,RAPIDFLEET,SM,199.4,200.4,-0.499001996007984,9000,17.97,26.67,,02-Oct-2026
RAPPID,RAPPID.NS,RAPPID,SM,347.0,351.4,-1.2521343198633972,600,2.08,100.0,,02-Oct-2026
RATEGAIN,RATEGAIN.NS,Rategain Travel Technologies Limited,EQ,840.65,851.55,-1.2800187892666288,373023,3186.6,39.38,17-DEC-2021,02-Oct-2026
RATNAMANI,RATNAMANI.NS,Ratnamani Metals & Tubes Limited,EQ,2619.4,2725.5,-3.8928636947349076,45999,1212.84,50.27,09-MAY-2006,02-Oct-2026
RATNAVEER,RATNAVEER.NS,Ratnaveer Precision Engineering Limited,EQ,345.45,330.75,4.444444444444441,11559546,39645.22,19.45,11-SEP-2023,02-Oct-2026
RAYMOND,RAYMOND.NS,Raymond Limited,EQ,1197.2,1213.05,-1.3066237995136152,1191490,14149.33,19.45,18-OCT-1995,02-Oct-2026
RAYMONDLSL,RAYMONDLSL.NS,Raymond Lifestyle Limited,EQ,627.7,642.05,-2.235028424577511,198109,1241.06,45.68,05-SEP-2024,02-Oct-2026
RAYMONDREL,RAYMONDREL.NS,Raymond Realty Limited,EQ,648.45,669.95,-3.2091947160235836,853435,5532.27,28.67,01-JUL-2025,02-Oct-2026
RBA,RBA.NS,Restaurant Brands Asia Limited,EQ,92.22,91.58,0.6988425420397473,3782272,3466.71,49.8,14-DEC-2020,02-Oct-2026
RBLBANK,RBLBANK.NS,RBL Bank Limited,EQ,411.4,403.35,1.9957852981281652,5387538,22207.87,29.82,31-AUG-2016,02-Oct-2026
RBMINFRA,RBMINFRA.NS,RBMINFRA,SM,242.0,240.9,0.4566210045662077,14200,34.51,88.73,,02-Oct-2026
RBS,RBS.NS,RBS,SM,81.0,82.5,-1.8181818181818181,800,0.65,100.0,,02-Oct-2026
RBZJEWEL,RBZJEWEL.NS,RBZ Jewellers Limited,BE,196.87,207.23,-4.999276166578191,123782,245.06,0.0,27-DEC-2023,02-Oct-2026
RCDL,RCDL.NS,RCDL,SM,17.0,17.85,-4.761904761904769,9000,1.53,100.0,,02-Oct-2026
RCF,RCF.NS,Rashtriya Chemicals and Fertilizers Limited,EQ,106.8,109.97,-2.882604346639994,978326,1051.95,38.46,07-JAN-1998,02-Oct-2026
RCOM,RCOM.NS,Reliance Communications Limited,BE,0.86,0.84,2.380952380952383,2611580,22.46,0.0,06-MAR-2006,02-Oct-2026
READYMIX,READYMIX.NS,READYMIX,SM,59.55,65.8,-9.498480243161096,49000,29.6,77.55,,02-Oct-2026
RECLTD,RECLTD.NS,REC Limited,EQ,287.75,299.0,-3.7625418060200673,9069239,26427.92,57.74,12-MAR-2008,02-Oct-2026
REDINGTON,REDINGTON.NS,Redington Limited,EQ,397.95,407.0,-2.2235872235872263,2795102,11160.36,48.9,15-FEB-2007,02-Oct-2026
REDTAPE,REDTAPE.NS,Redtape Limited,EQ,115.29,117.6,-1.9642857142857042,257321,297.0,46.36,11-AUG-2023,02-Oct-2026
REFEX,REFEX.NS,Refex Industries Limited,EQ,271.3,265.25,2.280867106503303,342794,921.64,41.71,03-DEC-2009,02-Oct-2026
REFRACTORY,REFRACTORY.NS,REFRACTORY,SM,38.65,40.65,-4.920049200492005,12000,4.73,91.67,,02-Oct-2026
REGAAL,REGAAL.NS,Regaal Resources Limited,EQ,85.99,88.08,-2.3728428701180784,276524,237.87,46.7,20-AUG-2025,02-Oct-2026
REGENCERAM,REGENCERAM.NS,Regency Ceramics Limited,EQ,31.98,32.38,-1.235330450895621,6327,2.02,67.8,05-JUN-1996,02-Oct-2026
RELAXO,RELAXO.NS,Relaxo Footwears Limited,EQ,285.35,291.2,-2.0089285714285596,135396,386.13,41.24,17-JUN-2011,02-Oct-2026
RELCHEMQ,RELCHEMQ.NS,Reliance Chemotex Industries Limited,EQ,114.36,116.23,-1.6088789469156022,1621,1.85,71.93,25-MAY-2022,02-Oct-2026
RELIABLE,RELIABLE.NS,Reliable Data Services Limited,EQ,140.73,144.28,-2.4604934848904985,13042,18.4,82.13,10-JUL-2024,02-Oct-2026
RELIANCE,RELIANCE.NS,Reliance Industries Limited,EQ,1167.7,1187.0,-1.6259477674810408,16771221,196746.09,61.24,29-NOV-1995,02-Oct-2026
RELIGARE,RELIGARE.NS,Religare Enterprises Limited,EQ,224.59,228.91,-1.887204578218511,840922,1901.37,57.09,21-NOV-2007,02-Oct-2026
RELINFRA,RELINFRA.NS,Reliance Infrastructure Limited,BE,46.48,44.27,4.992093968827635,674431,313.48,0.0,08-FEB-1995,02-Oct-2026
RELTD,RELTD.NS,Ravindra Energy Limited,EQ,146.98,149.67,-1.7972873655375143,127548,185.25,51.54,30-JUL-2024,02-Oct-2026
REMSONSIND,REMSONSIND.NS,Remsons Industries Limited,EQ,112.55,113.93,-1.2112700781181511,356718,408.58,41.33,31-JAN-1996,02-Oct-2026
REMUS,REMUS.NS,REMUS,SM,861.85,903.2,-4.578166519043403,6100,53.45,86.89,,02-Oct-2026
RENTOMOJO,RENTOMOJO.NS,Rentomojo Limited,EQ,524.6,510.35,2.792201430390908,2741569,14175.72,24.46,17-SEP-2026,02-Oct-2026
RENUKA,RENUKA.NS,Shree Renuka Sugars Limited,EQ,21.34,21.89,-2.512562814070355,18593657,3978.87,44.16,31-OCT-2005,02-Oct-2026
REPCOHOME,REPCOHOME.NS,Repco Home Finance Limited,EQ,337.75,341.7,-1.155984781972487,69261,233.08,62.78,01-APR-2013,02-Oct-2026
REPL,REPL.NS,Rudrabhishek Enterprises Limited,EQ,57.99,59.35,-2.291491154170176,1515,0.89,77.82,14-DEC-2020,02-Oct-2026
REPRO,REPRO.NS,Repro India Limited,EQ,303.9,318.6,-4.613935969868187,24042,73.13,57.97,22-DEC-2005,02-Oct-2026
RESPONIND,RESPONIND.NS,Responsive Industries Limited,EQ,162.59,165.38,-1.687023823920663,272136,441.25,49.82,29-OCT-2010,02-Oct-2026
RETAIL,RETAIL.NS,JHS Svendgaard Retail Ventures Limited,EQ,34.93,31.76,9.981108312342563,35473,12.39,100.0,26-JUN-2024,02-Oct-2026
REXPRO,REXPRO.NS,REXPRO,SM,33.5,33.3,0.6006006006006092,2000,0.67,50.0,,02-Oct-2026
RFBL,RFBL.NS,RFBL,ST,107.1,102.0,4.999999999999995,18000,19.28,100.0,,02-Oct-2026
RGL,RGL.NS,Renaissance Global Limited,EQ,162.5,165.02,-1.5270876257423402,658380,1067.66,57.44,12-DEC-2007,02-Oct-2026
RHETAN,RHETAN.NS,Rhetan TMT Limited,EQ,16.64,17.51,-4.968589377498577,234814,39.07,100.0,26-SEP-2025,02-Oct-2026
RHFL,RHFL.NS,Reliance Home Finance Limited,BZ,1.59,1.58,0.6329113924050638,417024,6.65,0.0,22-SEP-2017,02-Oct-2026
RHIM,RHIM.NS,RHI MAGNESITA INDIA LIMITED,EQ,384.85,384.85,0.0,421822,1616.87,52.17,12-MAR-2012,02-Oct-2026
RHL,RHL.NS,Robust Hotels Limited,EQ,162.92,165.18,-1.368204383097239,2514,4.06,54.69,25-APR-2023,02-Oct-2026
RICOAUTO,RICOAUTO.NS,Rico Auto Industries Limited,EQ,121.63,126.92,-4.167979829814061,864413,1057.9,48.63,12-MAY-2003,02-Oct-2026
RIIL,RIIL.NS,Reliance Industrial Infrastructure Limited,EQ,666.85,677.35,-1.5501587067247362,37803,252.1,31.84,29-NOV-1995,02-Oct-2026
RILINFRA,RILINFRA.NS,RILINFRA,SM,31.8,32.45,-2.00308166409862,16100,5.2,71.43,,02-Oct-2026
RIR,RIR.NS,RIR Power Electronics Limited,EQ,176.97,184.1,-3.872895165670829,747746,1336.43,45.94,16-JUL-2026,02-Oct-2026
RISHABH,RISHABH.NS,Rishabh Instruments Limited,EQ,698.8,703.0,-0.5974395448079723,192446,1328.37,46.32,11-SEP-2023,02-Oct-2026
RITCO,RITCO.NS,Ritco Logistics Limited,EQ,276.7,280.25,-1.2667261373773457,77829,212.8,57.09,12-APR-2022,02-Oct-2026
RITES,RITES.NS,RITES Limited,EQ,209.48,209.05,0.20569241808178826,21390228,44941.93,4.27,02-JUL-2018,02-Oct-2026
RITEZONE,RITEZONE.NS,RITEZONE,SM,17.0,17.55,-3.1339031339031376,3200,0.56,100.0,,02-Oct-2026
RKDL,RKDL.NS,Ravi Kumar Distilleries Limited,EQ,17.24,18.17,-5.1183269124931385,35422,6.15,72.69,27-DEC-2010,02-Oct-2026
RKEC,RKEC.NS,RKEC Projects Limited,BE,21.94,23.09,-4.980511043741873,28175,6.21,0.0,18-DEC-2020,02-Oct-2026
RKFORGE,RKFORGE.NS,Ramkrishna Forgings Limited,EQ,695.45,702.3,-0.9753666524277246,862927,5964.24,43.43,05-MAY-2004,02-Oct-2026
RKSWAMY,RKSWAMY.NS,R K Swamy Limited,EQ,86.46,90.09,-4.02930402930404,28240,24.65,82.28,12-MAR-2024,02-Oct-2026
RMC,RMC.NS,RMC Switchgears Limited,EQ,202.57,209.58,-3.3447848077106683,50103,102.56,49.04,01-APR-2026,02-Oct-2026
RMDRIP,RMDRIP.NS,R M Drip and Sprinklers Systems Limited,BE,23.49,23.51,-0.08507018290090654,653279,153.58,0.0,30-JUL-2025,02-Oct-2026
RML,RML.NS,Rane (Madras) Limited,EQ,1343.2,1351.9,-0.6435387232783524,58263,787.86,26.19,30-AUG-2005,02-Oct-2026
RNBDENIMS,RNBDENIMS.NS,R&B Denims Limited,BE,9.03,9.11,-0.8781558726673994,102533,9.24,0.0,04-SEP-2025,02-Oct-2026
RNFI,RNFI.NS,RNFI,SM,303.35,310.0,-2.1451612903225734,39600,119.14,75.76,,02-Oct-2026
RNPL,RNPL.NS,RNPL,SM,68.95,65.7,4.946727549467275,12000,8.26,100.0,,02-Oct-2026
ROCKINGDCE,ROCKINGDCE.NS,ROCKINGDCE,SM,219.2,221.95,-1.2390177968010814,750,1.63,66.67,,02-Oct-2026
ROHLTD,ROHLTD.NS,Royal Orchid Hotels Limited,EQ,298.65,299.85,-0.40020010005004014,7190,21.55,68.51,06-FEB-2006,02-Oct-2026
ROLEXRINGS,ROLEXRINGS.NS,Rolex Rings Limited,EQ,196.36,190.09,3.2984375821979115,5245978,10164.65,47.65,09-AUG-2021,02-Oct-2026
ROLLT,ROLLT.NS,Rollatainers Limited,BE,4.74,4.98,-4.819277108433739,286900,13.6,0.0,22-NOV-2016,02-Oct-2026
ROML,ROML.NS,Raj Oil Mills Limited,EQ,43.34,43.38,-0.0922083909635757,1318,0.56,53.34,06-OCT-2020,02-Oct-2026
ROSSARI,ROSSARI.NS,Rossari Biotech Limited,EQ,427.55,417.95,2.2969254695537797,65352,276.36,37.27,23-JUL-2020,02-Oct-2026
ROSSELLIND,ROSSELLIND.NS,Rossell India Limited,EQ,50.22,50.87,-1.2777668566935299,15225,7.68,69.2,25-SEP-2012,02-Oct-2026
ROSSTECH,ROSSTECH.NS,Rossell Techsys Limited,EQ,1522.3,1503.2,1.2706226716338416,247467,3726.52,37.82,09-DEC-2024,02-Oct-2026
ROTO,ROTO.NS,Roto Pumps Limited,EQ,62.66,64.58,-2.973056673892849,377971,235.85,43.83,21-APR-2022,02-Oct-2026
ROUTE,ROUTE.NS,ROUTE MOBILE LIMITED,EQ,436.4,445.0,-1.9325842696629265,177583,777.49,46.3,21-SEP-2020,02-Oct-2026
ROXHITECH,ROXHITECH.NS,ROXHITECH,SM,52.05,51.1,1.8590998043052753,107200,56.32,82.09,,02-Oct-2026
ROYALARC,ROYALARC.NS,ROYALARC,SM,152.0,168.0,-9.523809523809524,2400,3.65,100.0,,02-Oct-2026
RPEL,RPEL.NS,Raghav Productivity Enhancers Limited,EQ,1818.9,1809.0,0.5472636815920447,180052,3292.56,37.4,08-AUG-2024,02-Oct-2026
RPGLIFE,RPGLIFE.NS,RPG Life Sciences Limited,EQ,2930.7,3037.1,-3.503342003885288,36208,1063.75,44.26,10-JUN-2008,02-Oct-2026
RPOWER,RPOWER.NS,Reliance Power Limited,EQ,19.41,19.69,-1.4220416455053384,28326462,5543.87,34.59,11-FEB-2008,02-Oct-2026
RPPINFRA,RPPINFRA.NS,R.P.P. Infra Projects Limited,EQ,52.6,51.49,2.1557583996892586,61267,31.95,48.99,06-DEC-2010,02-Oct-2026
RPPL,RPPL.NS,Rajshree Polypack Limited,BE,19.6,18.97,3.3210332103321174,132848,25.0,0.0,26-NOV-2021,02-Oct-2026
RPSGVENT,RPSGVENT.NS,RPSG VENTURES LIMITED,EQ,829.85,850.5,-2.427983539094648,19862,165.66,57.04,25-JAN-2019,02-Oct-2026
RPTECH,RPTECH.NS,Rashi Peripherals Limited,EQ,953.15,953.5,-0.03670686942842399,377963,3579.84,37.62,14-FEB-2024,02-Oct-2026
RRECL,RRECL.NS,RDB Real Estate Constructions Limited,EQ,131.46,134.95,-2.5861430159318126,341,0.43,86.8,17-AUG-2026,02-Oct-2026
RRIL,RRIL.NS,RRIL Limited,EQ,15.11,15.36,-1.6276041666666667,11914,1.82,88.98,20-APR-2026,02-Oct-2026
RRKABEL,RRKABEL.NS,R R Kabel Limited,EQ,2518.2,2518.6,-0.015881839116973356,377828,9548.41,32.7,20-SEP-2023,02-Oct-2026
RSDFIN,RSDFIN.NS,RSD Finance Limited,BE,91.35,87.0,4.999999999999993,306,0.27,0.0,20-APR-2026,02-Oct-2026
RSL,RSL.NS,Rajputana Stainless Limited,EQ,174.43,168.36,3.6053694464243247,591855,1028.06,37.34,19-MAR-2026,02-Oct-2026
RSSOFTWARE,RSSOFTWARE.NS,R. S. Software (India) Limited,EQ,30.04,29.73,1.0427177934746004,15166,4.58,61.08,19-MAY-1999,02-Oct-2026
RSWM,RSWM.NS,RSWM Limited,EQ,202.21,208.6,-3.0632790028763117,47256,96.76,54.19,15-FEB-1995,02-Oct-2026
RSYSTEMS,RSYSTEMS.NS,R Systems International Limited,EQ,263.6,279.9,-5.823508395855647,5804697,15337.6,10.0,26-APR-2006,02-Oct-2026
RTL,RTL.NS,RTL,SM,76.0,79.2,-4.040404040404043,12000,9.21,83.33,,02-Oct-2026
RTNINDIA,RTNINDIA.NS,RattanIndia Enterprises Limited,EQ,25.32,26.06,-2.839600920951644,1283688,326.02,53.25,30-JUL-2012,02-Oct-2026
RTNPOWER,RTNPOWER.NS,RattanIndia Power Limited,EQ,6.74,6.89,-2.177068214804056,13429275,907.05,44.99,30-OCT-2009,02-Oct-2026
RTSPOWR,RTSPOWR.NS,RTS Power Corporation Limited,EQ,114.1,109.87,3.8500045508327934,26525,30.16,52.72,17-AUG-2026,02-Oct-2026
RUBFILA,RUBFILA.NS,Rubfila International Limited,EQ,63.25,63.05,0.3172085646312496,44696,28.26,53.61,08-AUG-2024,02-Oct-2026
RUBICON,RUBICON.NS,Rubicon Research Limited,EQ,1630.9,1619.4,0.7101395578609361,153955,2526.33,39.89,16-OCT-2025,02-Oct-2026
RUBYMILLS,RUBYMILLS.NS,The Ruby Mills Limited,EQ,499.65,499.75,-0.0200100050025058,24508,122.77,47.91,29-MAR-1995,02-Oct-2026
RUCHINFRA,RUCHINFRA.NS,Ruchi Infrastructure Limited,EQ,4.84,4.91,-1.425661914460291,115415,5.55,70.41,16-OCT-1996,02-Oct-2026
RUCHIRA,RUCHIRA.NS,Ruchira Papers Limited,EQ,101.31,103.25,-1.8789346246973344,19579,19.86,63.1,20-DEC-2006,02-Oct-2026
RUDRA,RUDRA.NS,Rudra Global Infra Products Limited,EQ,18.23,18.77,-2.8769312733084664,38615,7.01,70.32,19-DEC-2025,02-Oct-2026
RULKA,RULKA.NS,RULKA,SM,107.3,110.3,-2.7198549410698094,2400,2.63,100.0,,02-Oct-2026
RUPA,RUPA.NS,Rupa & Company Limited,EQ,130.58,130.52,0.045969966288693126,187383,243.3,69.32,07-DEC-2011,02-Oct-2026
RUSHIL,RUSHIL.NS,Rushil Decor Limited,EQ,15.9,16.14,-1.4869888475836444,172107,27.34,72.03,07-JUL-2011,02-Oct-2026
RUSTOMJEE,RUSTOMJEE.NS,Keystone Realtors Limited,EQ,361.25,361.2,0.013842746400889085,71241,256.11,67.1,24-NOV-2022,02-Oct-2026
RVHL,RVHL.NS,Ravinder Heights Limited,EQ,37.23,38.2,-2.539267015706822,9907,3.76,88.81,18-DEC-2020,02-Oct-2026
RVNL,RVNL.NS,Rail Vikas Nigam Limited,EQ,197.0,201.76,-2.3592386994448806,6247340,12363.95,29.56,11-APR-2019,02-Oct-2026
RVTH,RVTH.NS,Revathi Equipment India Limited,EQ,776.7,669.8,15.959988056136174,43662,335.0,21.49,11-SEP-2024,02-Oct-2026
S&SPOWER,S&SPOWER.NS,S&S Power Switchgears Limited,EQ,294.1,298.15,-1.3583766560455994,2068,6.08,93.76,27-SEP-1995,02-Oct-2026
SAAKSHI,SAAKSHI.NS,SAAKSHI,ST,365.0,365.0,0.0,3600,12.92,100.0,,02-Oct-2026
SAATVIKGL,SAATVIKGL.NS,Saatvik Green Energy Limited,EQ,405.55,413.55,-1.9344698343610203,46236,187.46,47.24,26-SEP-2025,02-Oct-2026
SACHEEROME,SACHEEROME.NS,SACHEEROME,SM,499.65,465.0,7.451612903225802,42300,211.81,64.54,,02-Oct-2026
SADBHAV,SADBHAV.NS,Sadbhav Engineering Limited,EQ,6.8,7.15,-4.895104895104902,443913,30.43,61.5,01-MAR-2006,02-Oct-2026
SADBHIN,SADBHIN.NS,Sadbhav Infrastructure Project Limited,EQ,2.62,2.6,0.7692307692307698,129836,3.39,72.25,16-SEP-2015,02-Oct-2026
SADHAV,SADHAV.NS,SADHAV,SM,117.15,117.65,-0.4249893752656183,16800,19.45,75.0,,02-Oct-2026
SADHNANIQ,SADHNANIQ.NS,Sadhana Nitrochem Limited,BE,2.47,2.53,-2.371541501976269,1219515,30.5,0.0,05-MAY-2023,02-Oct-2026
SAFARI,SAFARI.NS,Safari Industries (India) Limited,EQ,1378.8,1429.6,-3.5534415221040825,29387,409.8,35.31,12-SEP-2019,02-Oct-2026
SAFEENTP,SAFEENTP.NS,SAFEENTP,SM,247.25,242.6,1.9167353668590297,52500,127.86,67.62,,02-Oct-2026
SAGARDEEP,SAGARDEEP.NS,Sagardeep Alloys Limited,EQ,22.52,23.13,-2.6372676178123626,10991,2.48,86.61,25-JAN-2019,02-Oct-2026
SAGCEM,SAGCEM.NS,Sagar Cements Limited,EQ,150.01,148.64,0.9216899892357405,66762,100.52,49.57,29-JAN-2007,02-Oct-2026
SAGILITY,SAGILITY.NS,SAGILITY LIMITED,EQ,43.17,42.58,1.3856270549553862,11692520,5009.08,38.29,12-NOV-2024,02-Oct-2026
SAHAJSOLAR,SAHAJSOLAR.NS,SAHAJSOLAR,SM,86.55,89.0,-2.752808988764048,10000,8.74,80.0,,02-Oct-2026
SAHANA,SAHANA.NS,SAHANA,SM,794.55,810.1,-1.919516109122339,10650,85.57,67.61,,02-Oct-2026
SAHASRA,SAHASRA.NS,SAHASRA,SM,477.05,454.35,4.9961483437878265,209200,991.0,66.54,,02-Oct-2026
SAHLIBHFI,SAHLIBHFI.NS,Shalibhadra Finance Limited,EQ,78.74,78.84,-0.12683916793506916,24376,19.1,79.8,10-APR-2026,02-Oct-2026
SAHYADRI,SAHYADRI.NS,Sahyadri Industries Limited,EQ,355.65,346.75,2.566690699351111,11323,39.78,85.35,06-APR-2023,02-Oct-2026
SAICAPI,SAICAPI.NS,Sai Capital Limited,EQ,155.0,146.5,5.802047781569966,133,0.2,99.25,17-AUG-2026,02-Oct-2026
SAIFL,SAIFL.NS,SAIFL,SM,4.1,4.2,-2.380952380952394,136000,5.5,82.35,,02-Oct-2026
SAIL,SAIL.NS,Steel Authority of India Limited,EQ,174.5,181.49,-3.8514518706264855,26206885,45942.19,43.19,06-JUL-1995,02-Oct-2026
SAILIFE,SAILIFE.NS,Sai Life Sciences Limited,EQ,1541.2,1524.5,1.0954411282387697,584535,8940.81,52.08,18-DEC-2024,02-Oct-2026
SAIPARENT,SAIPARENT.NS,Sai Parenterals Limited,EQ,523.65,529.3,-1.0674475722652519,68291,356.96,51.49,02-APR-2026,02-Oct-2026
SAJHOTELS,SAJHOTELS.NS,SAJHOTELS,ST,28.75,28.6,0.5244755244755195,98000,27.4,95.92,,02-Oct-2026
SAKAR,SAKAR.NS,Sakar Healthcare Limited,EQ,1075.0,1093.05,-1.651342573532771,97461,1045.73,43.5,11-APR-2019,02-Oct-2026
SAKHTISUG,SAKHTISUG.NS,Sakthi Sugars Limited,EQ,17.58,18.01,-2.387562465297075,87103,15.44,62.8,06-SEP-1995,02-Oct-2026
SAKSOFT,SAKSOFT.NS,Saksoft Limited,EQ,139.33,139.43,-0.07172057663343205,241189,334.17,38.3,09-MAY-2005,02-Oct-2026
SAKUMA,SAKUMA.NS,Sakuma Exports Limited,EQ,1.54,1.56,-1.2820512820512833,1283553,19.7,70.67,08-MAR-2006,02-Oct-2026
SALASAR,SALASAR.NS,Salasar Techno Engineering Limited,EQ,4.13,4.08,1.225490196078427,3680794,150.16,58.17,25-JUL-2017,02-Oct-2026
SALONA,SALONA.NS,Salona Cotspin Limited,EQ,254.35,260.7,-2.4357499041043322,126,0.33,74.6,16-JUN-2016,02-Oct-2026
SALSTEEL,SALSTEEL.NS,S.A.L. Steel Limited,EQ,98.92,99.06,-0.14132848778518126,1173063,1143.67,34.02,24-NOV-2004,02-Oct-2026
SALZERELEC,SALZERELEC.NS,Salzer Electronics Limited,EQ,530.9,536.4,-1.0253542132736764,37128,196.9,50.95,02-DEC-2015,02-Oct-2026
SAMAY,SAMAY.NS,SAMAY,ST,45.4,47.75,-4.92146596858639,8000,3.64,100.0,,02-Oct-2026
SAMBANDAM,SAMBANDAM.NS,Sambandam Spinning Mills Limited,EQ,107.1,111.4,-3.859964093357281,19,0.02,100.0,17-AUG-2026,02-Oct-2026
SAMBHAAV,SAMBHAAV.NS,Sambhaav Media Limited,EQ,5.42,5.74,-5.5749128919860675,72564,3.96,71.01,05-JUN-1996,02-Oct-2026
SAMBHV,SAMBHV.NS,Sambhv Steel Tubes Limited,EQ,161.45,164.9,-2.092177077016384,3619878,5811.14,36.12,02-JUL-2025,02-Oct-2026
SAMHI,SAMHI.NS,Samhi Hotels Limited,EQ,154.37,153.68,0.4489849036959902,1073954,1644.13,44.1,22-SEP-2023,02-Oct-2026
SAMMAANCAP,SAMMAANCAP.NS,Sammaan Capital Limited,EQ,132.48,136.54,-2.9734876226746763,6813037,9044.84,45.18,23-JUL-2013,02-Oct-2026
SAMPANN,SAMPANN.NS,Sampann Utpadan India Limited,EQ,24.01,24.17,-0.6619776582540345,11004,2.64,82.64,27-JUL-2012,02-Oct-2026
SANATHAN,SANATHAN.NS,Sanathan Textiles Limited,EQ,504.35,508.15,-0.7478106858211069,80531,403.09,42.65,27-DEC-2024,02-Oct-2026
SANDESH,SANDESH.NS,The Sandesh Limited,EQ,990.05,999.3,-0.9256479535674973,302,2.98,74.83,26-NOV-2002,02-Oct-2026
SANDHAR,SANDHAR.NS,Sandhar Technologies Limited,EQ,563.85,585.9,-3.7634408602150464,194894,1097.31,41.21,02-APR-2018,02-Oct-2026
SANDUMA,SANDUMA.NS,Sandur Manganese & Iron Ores Limited,EQ,177.67,182.18,-2.4755736085190576,662436,1184.31,50.82,07-SEP-2023,02-Oct-2026
SANGAMIND,SANGAMIND.NS,Sangam (India) Limited,EQ,634.55,626.9,1.220290317434994,50667,317.27,41.36,17-JUL-1996,02-Oct-2026
SANGANI,SANGANI.NS,SANGANI,SM,54.15,57.0,-5.000000000000003,7500,4.06,100.0,,02-Oct-2026
SANGHVIMOV,SANGHVIMOV.NS,Sanghvi Movers Limited,EQ,429.5,455.2,-5.64586994727592,698178,2997.48,60.43,24-JAN-2007,02-Oct-2026
SANOFI,SANOFI.NS,Sanofi India Limited,EQ,3037.4,3057.0,-0.6411514556754959,18669,565.36,59.14,19-MAY-2003,02-Oct-2026
SANOFICONR,SANOFICONR.NS,Sanofi Consumer Healthcare India Limited,EQ,3787.2,3802.8,-0.4102240454402115,9812,368.14,52.99,13-SEP-2024,02-Oct-2026
SANSERA,SANSERA.NS,Sansera Engineering Limited,EQ,4276.6,4537.5,-5.7498622589531605,454154,19490.88,41.69,24-SEP-2021,02-Oct-2026
SANSTAR,SANSTAR.NS,Sanstar Limited,EQ,103.0,104.94,-1.8486754335810918,104636,108.82,49.25,26-JUL-2024,02-Oct-2026
SANWARIA,SANWARIA.NS,Sanwaria Consumer Limited,BZ,0.19,0.19,0.0,330160,0.64,0.0,27-MAR-2006,02-Oct-2026
SAPPHIRE,SAPPHIRE.NS,Sapphire Foods India Limited,EQ,209.82,212.08,-1.065635609204083,546541,1139.74,43.89,18-NOV-2021,02-Oct-2026
SAPPL,SAPPL.NS,Shree Ajit Pulp & Paper Limited,EQ,308.5,300.1,2.7990669776741006,12198,37.28,89.6,20-APR-2026,02-Oct-2026
SARDAEN,SARDAEN.NS,Sarda Energy & Minerals Limited,EQ,494.75,497.3,-0.5127689523426525,208385,1027.89,51.58,03-DEC-2009,02-Oct-2026
SAREGAMA,SAREGAMA.NS,Saregama India Limited,EQ,494.75,506.55,-2.3294837627085205,237859,1176.93,48.97,30-JUL-1997,02-Oct-2026
SARLAPOLY,SARLAPOLY.NS,Sarla Performance Fibers Limited,EQ,92.02,93.96,-2.0647083865474647,37841,35.02,77.02,19-JAN-2007,02-Oct-2026
SARTELE,SARTELE.NS,SARTELE,SM,96.85,101.85,-4.909180166912126,75000,72.78,53.33,,02-Oct-2026
SARVESHWAR,SARVESHWAR.NS,Sarveshwar Foods Limited,EQ,3.44,3.49,-1.432664756446999,1535950,53.33,65.85,08-DEC-2022,02-Oct-2026
SASKEN,SASKEN.NS,Sasken Technologies Limited,EQ,1720.5,1672.7,2.857655287857951,33306,563.82,44.2,09-SEP-2005,02-Oct-2026
SATECH,SATECH.NS,SATECH,SM,35.0,36.4,-3.8461538461538423,6000,2.12,66.67,,02-Oct-2026
SATIA,SATIA.NS,Satia Industries Limited,EQ,68.34,69.7,-1.951219512195121,125480,85.57,69.67,17-JUL-2019,02-Oct-2026
SATIN,SATIN.NS,Satin Creditcare Network Limited,EQ,227.47,232.2,-2.0370370370370328,233798,531.65,50.35,26-AUG-2015,02-Oct-2026
SATIPOLY,SATIPOLY.NS,SATIPOLY,SM,32.5,33.8,-3.846153846153838,1000,0.32,50.0,,02-Oct-2026
SATKARTAR,SATKARTAR.NS,SATKARTAR,SM,184.1,194.1,-5.151983513652756,34400,64.46,69.77,,02-Oct-2026
SATTVAENGG,SATTVAENGG.NS,SATTVAENGG,SM,55.05,54.35,1.2879484820607097,206400,109.65,94.57,,02-Oct-2026
SAURASHCEM,SAURASHCEM.NS,Saurashtra Cement Limited,EQ,53.37,54.53,-2.1272693929946884,70178,37.79,58.8,27-FEB-2024,02-Oct-2026
SAVY,SAVY.NS,SAVY,SM,134.85,136.1,-0.9184423218221895,3600,4.89,100.0,,02-Oct-2026
SAWALIYA,SAWALIYA.NS,SAWALIYA,SM,178.0,179.35,-0.7527181488709196,33000,58.45,90.91,,02-Oct-2026
SAYAJIIND,SAYAJIIND.NS,Sayaji Industries Limited,EQ,119.5,119.9,-0.3336113427856594,1785,2.06,59.61,17-AUG-2026,02-Oct-2026
SBC,SBC.NS,SBC Exports Limited,EQ,58.54,58.29,0.4288900325956425,31458938,18497.55,39.7,23-NOV-2021,02-Oct-2026
SBCL,SBCL.NS,Shivalik Bimetal Controls Limited,EQ,1066.4,1071.7,-0.4945413828496738,295016,3180.59,49.96,24-JUN-2021,02-Oct-2026
SBFC,SBFC.NS,SBFC Finance Limited,EQ,84.19,85.48,-1.5091249415067924,1235866,1044.26,71.37,16-AUG-2023,02-Oct-2026
SBGLP,SBGLP.NS,Suratwwala Business Group Limited,EQ,22.75,22.84,-0.39404553415061233,32857,7.52,80.87,10-FEB-2023,02-Oct-2026
SBIBPB,SBIBPB.NS,SBIBPB,EQ,46.37,46.76,-0.8340461933276317,33272,15.41,70.46,,02-Oct-2026
SBICARD,SBICARD.NS,SBI Cards and Payment Services Limited,EQ,563.2,578.05,-2.568981921979052,962872,5470.21,41.32,16-MAR-2020,02-Oct-2026
SBIETFCON,SBIETFCON.NS,SBIETFCON,EQ,112.15,114.18,-1.7778945524610272,4549,5.12,63.35,,02-Oct-2026
SBIETFIT,SBIETFIT.NS,SBIETFIT,EQ,313.26,307.98,1.7143970387687422,7443,23.16,55.45,,02-Oct-2026
SBIETFPB,SBIETFPB.NS,SBIETFPB,EQ,278.26,273.4,1.7776152158010292,2829,7.82,38.88,,02-Oct-2026
SBIETFQLTY,SBIETFQLTY.NS,SBIETFQLTY,EQ,209.05,207.69,0.6548220906158283,2676,5.5,80.68,,02-Oct-2026
SBIFUNDS,SBIFUNDS.NS,SBI Funds Management Limited,EQ,500.35,516.05,-3.042340858443936,2817122,14142.84,64.16,21-JUL-2026,02-Oct-2026
SBILIFE,SBILIFE.NS,SBI Life Insurance Company Limited,EQ,1721.6,1696.4,1.485498703136042,3329860,56710.9,63.76,03-OCT-2017,02-Oct-2026
SBILIQETF,SBILIQETF.NS,SBILIQETF,EQ,1058.58,1058.02,0.052929056161504076,147658,1563.08,53.27,,02-Oct-2026
SBIMIDMOM,SBIMIDMOM.NS,SBIMIDMOM,EQ,60.26,61.0,-1.213114754098364,46393,27.95,84.16,,02-Oct-2026
SBIN,SBIN.NS,State Bank of India,EQ,954.1,959.5,-0.5627931214174025,7390452,70679.05,50.73,01-MAR-1995,02-Oct-2026
SBINEQWETF,SBINEQWETF.NS,SBINEQWETF,EQ,31.41,31.43,-0.06363347120585293,74718,23.24,85.89,,02-Oct-2026
SBINMID150,SBINMID150.NS,SBINMID150,EQ,21.69,21.97,-1.2744651797906126,129571,28.21,82.06,,02-Oct-2026
SBISILVER,SBISILVER.NS,SBISILVER,EQ,214.14,215.04,-0.41852678571428836,714267,1531.98,53.81,,02-Oct-2026
SBISMLETF,SBISMLETF.NS,SBISMLETF,EQ,18.01,17.92,0.502232142857142,67049,11.8,79.77,,02-Oct-2026
SBIVALETF,SBIVALETF.NS,SBIVALETF,EQ,14.22,14.05,1.2099644128113873,21284,2.95,72.5,,02-Oct-2026
SCANSTL,SCANSTL.NS,Scan Steels Limited,BE,48.19,49.37,-2.3901154547295924,10547,5.08,0.0,20-APR-2026,02-Oct-2026
SCHAEFFLER,SCHAEFFLER.NS,Schaeffler India Limited,EQ,3885.6,3897.1,-0.2950912216776578,43557,1666.74,44.78,29-NOV-2000,02-Oct-2026
SCHAND,SCHAND.NS,S Chand And Company Limited,EQ,143.57,148.08,-3.0456509994597645,32819,47.22,70.54,09-MAY-2017,02-Oct-2026
SCHNEIDER,SCHNEIDER.NS,Schneider Electric Infrastructure Limited,EQ,1275.4,1203.4,5.983048030580023,1444982,18277.0,19.25,20-MAR-2012,02-Oct-2026
SCI,SCI.NS,Shipping Corporation Of India Limited,EQ,267.05,270.5,-1.275415896487981,1466021,3912.81,35.61,13-AUG-1997,02-Oct-2026
SCILAL,SCILAL.NS,Shipping Corporation of India Land and Assets Limited,EQ,36.65,36.86,-0.5697232772653306,196994,72.24,51.62,19-MAR-2024,02-Oct-2026
SCML,SCML.NS,SCML,SM,83.5,82.0,1.8292682926829267,26000,22.17,65.38,,02-Oct-2026
SCODATUBES,SCODATUBES.NS,Scoda Tubes Limited,EQ,123.0,124.87,-1.497557459758152,599705,734.41,55.77,04-JUN-2025,02-Oct-2026
SCPL,SCPL.NS,Sheetal Cool Products Limited,BE,620.45,629.15,-1.3828180878963572,6507,40.62,0.0,22-NOV-2022,02-Oct-2026
SDBL,SDBL.NS,Som Distilleries & Breweries Limited,EQ,74.94,78.17,-4.132019956505058,938787,705.69,44.97,18-MAR-2014,02-Oct-2026
SEAMECLTD,SEAMECLTD.NS,Seamec Limited,EQ,1594.7,1641.6,-2.856968810916171,102750,1638.29,59.91,28-JUN-1995,02-Oct-2026
SECLEDBETA,SECLEDBETA.NS,SECLEDBETA,EQ,13.66,13.93,-1.9382627422828396,162885,22.25,96.02,,02-Oct-2026
SECMARK,SECMARK.NS,SecMark Consultancy Limited,EQ,137.48,140.0,-1.8000000000000071,1185,1.63,65.57,16-OCT-2023,02-Oct-2026
SECURKLOUD,SECURKLOUD.NS,SECUREKLOUD TECHNOLOGIES LIMITED,EQ,16.77,16.61,0.9632751354605668,5131,0.85,80.82,29-JAN-2014,02-Oct-2026
SEDEMAC,SEDEMAC.NS,SEDEMAC Mechatronics Limited,EQ,3432.8,3494.5,-1.7656317069680874,134911,4592.39,44.84,11-MAR-2026,02-Oct-2026
SEIL,SEIL.NS,Shanti Educational Initiatives Limited,EQ,186.68,189.64,-1.5608521408985339,184080,336.82,58.06,20-APR-2026,02-Oct-2026
SEJALLTD,SEJALLTD.NS,Sejal Glass Limited,EQ,656.5,674.0,-2.596439169139466,8644,56.03,62.92,13-DEC-2021,02-Oct-2026
SEKURITIND,SEKURITIND.NS,Saint Gobain Sekurit India Limited,EQ,109.19,110.93,-1.5685567474984305,26220,29.25,65.42,17-AUG-2026,02-Oct-2026
SEL,SEL.NS,SEL,SM,310.1,313.35,-1.0371788734641774,5400,16.38,55.56,,02-Oct-2026
SELECTIPO,SELECTIPO.NS,SELECTIPO,EQ,45.48,46.13,-1.4090613483633334,261120,118.69,85.19,,02-Oct-2026
SELLOWRAP,SELLOWRAP.NS,SELLOWRAP,SM,62.0,64.8,-4.320987654320983,54400,33.83,100.0,,02-Oct-2026
SEMAC,SEMAC.NS,Semac Construction Limited,EQ,241.99,232.85,3.925273781404344,1668,4.01,91.13,11-AUG-2005,02-Oct-2026
SENCO,SENCO.NS,Senco Gold Limited,EQ,317.4,320.95,-1.106091291478427,538846,1707.22,47.29,14-JUL-2023,02-Oct-2026
SENORES,SENORES.NS,Senores Pharmaceuticals Limited,EQ,1349.6,1385.8,-2.612209554048207,363714,4899.58,51.71,30-DEC-2024,02-Oct-2026
SENSEXADD,SENSEXADD.NS,SENSEXADD,EQ,75.16,75.14,0.02661698163427738,5937,4.43,74.97,,02-Oct-2026
SENSEXAXIS,SENSEXAXIS.NS,SENSEXAXIS,EQ,74.75,75.32,-0.7567711099309523,36967,27.8,64.31,,02-Oct-2026
SENSEXBETA,SENSEXBETA.NS,SENSEXBETA,EQ,797.32,805.88,-1.062192882314978,4559,36.31,49.44,,02-Oct-2026
SENSEXETF,SENSEXETF.NS,SENSEXETF,EQ,74.43,74.98,-0.7335289410509431,77027,57.18,54.97,,02-Oct-2026
SENSEXIETF,SENSEXIETF.NS,SENSEXIETF,EQ,829.54,836.37,-0.8166242213374513,29012,240.5,77.69,,02-Oct-2026
SEPC,SEPC.NS,SEPC Limited,EQ,5.08,5.02,1.1952191235059861,12035116,609.7,39.1,20-FEB-2008,02-Oct-2026
SERVICE,SERVICE.NS,SERVICE,SM,68.75,69.2,-0.6502890173410446,18000,12.31,33.33,,02-Oct-2026
SERVOTECH,SERVOTECH.NS,Servotech Renewable Power System Limited,EQ,69.2,70.25,-1.4946619217081811,577923,401.63,37.55,02-SEP-2021,02-Oct-2026
SESHAPAPER,SESHAPAPER.NS,Seshasayee Paper and Boards Limited,EQ,236.35,240.47,-1.7133114317794338,24836,59.15,63.6,29-MAR-1995,02-Oct-2026
SETCO,SETCO.NS,Setco Automotive Limited,BE,18.13,18.31,-0.9830693610049139,67983,12.27,0.0,01-JUL-2016,02-Oct-2026
SETF10GILT,SETF10GILT.NS,SETF10GILT,EQ,261.0,261.84,-0.3208065994500363,2248,5.86,69.93,,02-Oct-2026
SETFGOLD,SETFGOLD.NS,SETFGOLD,EQ,125.35,125.61,-0.20698988934002477,6116019,7665.26,73.83,,02-Oct-2026
SETFNIF50,SETFNIF50.NS,SETFNIF50,EQ,242.31,244.45,-0.8754346492125124,1926496,4661.64,84.99,,02-Oct-2026
SETFNIFBK,SETFNIFBK.NS,SETFNIFBK,EQ,560.84,563.39,-0.45261719235342385,38002,213.02,30.0,,02-Oct-2026
SETFNN50,SETFNN50.NS,SETFNN50,EQ,742.49,749.01,-0.8704823700618125,56768,420.48,71.18,,02-Oct-2026
SETL,SETL.NS,Standard Engineering Technology Limited,EQ,416.95,422.8,-1.383632923368028,714646,2928.56,54.92,13-JAN-2025,02-Oct-2026
SETUINFRA,SETUINFRA.NS,Setubandhan Infrastructure Limited,BZ,0.51,0.52,-1.9230769230769247,18233,0.09,0.0,04-OCT-2011,02-Oct-2026
SEYAIND,SEYAIND.NS,Seya Industries Limited,BE,13.19,13.45,-1.9330855018587345,2912,0.38,0.0,11-JUL-2019,02-Oct-2026
SFL,SFL.NS,Sheela Foam Limited,EQ,616.65,634.1,-2.751931871944495,197639,1229.55,52.26,09-DEC-2016,02-Oct-2026
SFML,SFML.NS,SFML,SM,19.5,20.05,-2.743142144638407,4800,0.95,100.0,,02-Oct-2026
SGFIN,SGFIN.NS,SG Finserve Limited,EQ,631.85,604.35,4.55034334408869,1112628,6925.32,34.77,05-AUG-2025,02-Oct-2026
SGIL,SGIL.NS,Synergy Green Industries Limited,EQ,613.85,666.2,-7.858000600420296,18436,115.11,50.18,28-JUL-2021,02-Oct-2026
SGL,SGL.NS,STL Global Limited,EQ,8.5,8.56,-0.7009345794392582,13676,1.17,89.98,10-APR-2006,02-Oct-2026
SGLRES,SGLRES.NS,SGL Resources Limited,EQ,2.27,2.38,-4.621848739495793,91325,2.18,59.87,17-AUG-2026,02-Oct-2026
SGMART,SGMART.NS,SG Mart Limited,EQ,742.2,750.75,-1.138861138861133,314856,2346.74,45.91,12-SEP-2025,02-Oct-2026
SGRL,SGRL.NS,Shree Ganesh Remedies Limited,EQ,694.25,687.15,1.0332532925853195,8511,58.32,58.59,17-AUG-2026,02-Oct-2026
SHADOWFAX,SHADOWFAX.NS,Shadowfax Technologies Limited,EQ,273.15,280.25,-2.5334522747546915,2716747,7405.46,49.04,28-JAN-2026,02-Oct-2026
SHAH,SHAH.NS,Shah Metacorp Limited,EQ,3.03,3.14,-3.5031847133758065,1378111,42.05,65.34,27-OCT-2010,02-Oct-2026
SHAHALLOYS,SHAHALLOYS.NS,Shah Alloys Limited,BE,85.37,86.77,-1.6134608735738063,22591,18.96,0.0,16-JUN-2005,02-Oct-2026
SHAILY,SHAILY.NS,Shaily Engineering Plastics Limited,EQ,3009.1,3063.0,-1.7597126999673554,95844,2895.66,45.82,04-APR-2022,02-Oct-2026
SHAKTIPUMP,SHAKTIPUMP.NS,Shakti Pumps (India) Limited,EQ,454.1,461.35,-1.5714750189660776,358429,1631.12,41.09,29-JAN-2015,02-Oct-2026
SHALBY,SHALBY.NS,Shalby Limited,EQ,133.55,138.65,-3.67832672196177,213871,283.41,52.87,15-DEC-2017,02-Oct-2026
SHALPAINTS,SHALPAINTS.NS,Shalimar Paints Limited,BE,78.34,80.62,-2.828082361696851,72361,56.89,0.0,03-MAR-2008,02-Oct-2026
SHANKARA,SHANKARA.NS,Shankara Building Products Limited,EQ,124.4,126.48,-1.6445287792536356,76990,97.81,46.86,05-APR-2017,02-Oct-2026
SHANKESH,SHANKESH.NS,Shankesh Jewellers Limited,EQ,87.93,90.25,-2.5706371191135657,1673043,1483.54,40.13,25-AUG-2026,02-Oct-2026
SHANTHALA,SHANTHALA.NS,SHANTHALA,SM,13.6,13.5,0.740740740740738,12000,1.66,90.0,,02-Oct-2026
SHANTI,SHANTI.NS,Shanti Overseas (India) Limited,EQ,5.5,5.49,0.18214936247722746,29909,1.66,46.11,16-SEP-2021,02-Oct-2026
SHANTIGEAR,SHANTIGEAR.NS,Shanthi Gears Limited,EQ,573.65,579.9,-1.0777720296602864,149908,885.4,40.68,17-JAN-1996,02-Oct-2026
SHANTIGOLD,SHANTIGOLD.NS,Shanti Gold International Limited,EQ,303.55,308.6,-1.636422553467275,2237991,6778.34,32.88,01-AUG-2025,02-Oct-2026
SHANTIINOR,SHANTIINOR.NS,SHANTIINOR,SM,172.95,176.5,-2.011331444759213,120000,205.29,66.67,,02-Oct-2026
SHARDACROP,SHARDACROP.NS,Sharda Cropchem Limited,EQ,709.2,723.5,-1.9765031098825092,128905,912.67,56.63,23-SEP-2014,02-Oct-2026
SHARDAMOTR,SHARDAMOTR.NS,Sharda Motor Industries Limited,EQ,928.8,956.95,-2.9416374941219594,56275,526.68,48.45,03-SEP-2015,02-Oct-2026
SHARDUL,SHARDUL.NS,Shardul Securities Limited,BE,57.98,56.98,1.755001755001755,68518,39.65,0.0,20-APR-2026,02-Oct-2026
SHAREINDIA,SHAREINDIA.NS,Share India Securities Limited,EQ,205.09,205.01,0.03902248670797157,1139127,2328.42,26.27,21-SEP-2020,02-Oct-2026
SHARIABEES,SHARIABEES.NS,SHARIABEES,EQ,423.26,422.87,0.09222692553266638,16440,69.11,52.69,,02-Oct-2026
SHBAJRG,SHBAJRG.NS,Shri Bajrang Alliance Limited,EQ,172.33,159.79,7.847800237812141,42622,74.46,67.65,20-APR-2026,02-Oct-2026
SHEETAL,SHEETAL.NS,SHEETAL,SM,359.0,357.15,0.5179896402072022,1000,3.57,100.0,,02-Oct-2026
SHEKHAWATI,SHEKHAWATI.NS,Shekhawati Industries Limited,BE,30.1,31.68,-4.987373737373732,138399,43.59,0.0,12-JAN-2011,02-Oct-2026
SHEMAROO,SHEMAROO.NS,Shemaroo Entertainment Limited,EQ,115.21,117.12,-1.6308060109289708,5349,6.23,95.87,01-OCT-2014,02-Oct-2026
SHERA,SHERA.NS,SHERA,SM,190.0,198.0,-4.040404040404041,44000,85.43,84.09,,02-Oct-2026
SHETHJI,SHETHJI.NS,SHETHJI,SM,184.15,185.7,-0.83467959073774,22000,40.57,68.18,,02-Oct-2026
SHILCTECH,SHILCTECH.NS,Shilchar Technologies Limited,EQ,4033.0,4084.0,-1.248775710088149,12506,504.88,48.74,24-NOV-2025,02-Oct-2026
SHILGRAVQ,SHILGRAVQ.NS,Shilp Gravures Limited,EQ,139.35,146.05,-4.587470044505318,4206,5.86,79.17,17-AUG-2026,02-Oct-2026
SHILPAMED,SHILPAMED.NS,Shilpa Medicare Limited,EQ,1064.1,1047.2,1.6138273491214536,1687680,18156.23,35.24,03-DEC-2009,02-Oct-2026
SHINDL,SHINDL.NS,Sharat Industries Limited,EQ,159.12,159.6,-0.3007518796992417,82053,129.06,45.31,20-APR-2026,02-Oct-2026
SHIPROCKET,SHIPROCKET.NS,Shiprocket Limited,EQ,119.98,120.16,-0.14980026631157842,1945076,2321.24,34.26,19-AUG-2026,02-Oct-2026
SHIVAAGRO,SHIVAAGRO.NS,Shiva Global Agro Industries Limited,EQ,39.22,39.47,-0.6333924499619965,8935,3.48,86.63,17-AUG-2026,02-Oct-2026
SHIVACEM,SHIVACEM.NS,Shiva Cement Limited,EQ,13.34,13.76,-3.0523255813953485,296434,39.07,64.11,17-AUG-2026,02-Oct-2026
SHIVALIK,SHIVALIK.NS,Shivalik Rasayan Limited,EQ,394.05,403.45,-2.3299045730573744,99182,382.46,42.81,09-DEC-2021,02-Oct-2026
SHIVAMAUTO,SHIVAMAUTO.NS,Shivam Autotech Limited,EQ,17.07,17.04,0.1760563380281757,35302,5.99,70.91,21-NOV-2006,02-Oct-2026
SHIVAMILLS,SHIVAMILLS.NS,Shiva Mills Limited,EQ,56.59,58.14,-2.665978672170618,1434,0.82,84.94,26-FEB-2018,02-Oct-2026
SHIVASHRIT,SHIVASHRIT.NS,SHIVASHRIT,SM,113.75,113.65,0.08798944126704294,85000,94.88,55.29,,02-Oct-2026
SHIVATEX,SHIVATEX.NS,Shiva Texyarn Limited,EQ,172.6,166.87,3.4338107508839153,780,1.3,100.0,26-DEC-2017,02-Oct-2026
SHIVAUM,SHIVAUM.NS,Shiv Aum Steels Limited,EQ,554.6,557.15,-0.4576864399174288,2431,13.51,50.39,14-NOV-2025,02-Oct-2026
SHK,SHK.NS,S H Kelkar and Company Limited,EQ,137.86,141.02,-2.240816905403486,208064,287.42,44.26,16-NOV-2015,02-Oct-2026
SHKSIL,SHKSIL.NS,SHKSIL,SM,31.95,32.0,-0.15625000000000222,4000,1.28,100.0,,02-Oct-2026
SHOPERSTOP,SHOPERSTOP.NS,Shoppers Stop Limited,EQ,404.7,415.0,-2.4819277108433764,137363,547.2,26.56,23-MAY-2005,02-Oct-2026
SHRADDHA,SHRADDHA.NS,Shraddha Prime Projects Limited,EQ,155.1,152.31,1.831790427417761,25371,39.0,86.97,17-AUG-2026,02-Oct-2026
SHRADHA,SHRADHA.NS,Shradha Realty Limited,EQ,29.89,30.5,-1.9999999999999982,6515,1.94,76.52,22-OCT-2020,02-Oct-2026
SHREDIGCEM,SHREDIGCEM.NS,Shree Digvijay Cement Co.Ltd,EQ,66.69,65.92,1.1680825242718387,90765,59.89,44.72,28-JAN-2020,02-Oct-2026
SHREECEM,SHREECEM.NS,SHREE CEMENT LIMITED,EQ,21900.0,22345.0,-1.9914969791899755,59306,12913.3,60.82,26-APR-1995,02-Oct-2026
SHREEDHAR,SHREEDHAR.NS,SHREEDHAR,ST,157.15,163.6,-3.942542787286057,32000,50.92,93.75,,02-Oct-2026
SHREEJISPG,SHREEJISPG.NS,Shreeji Shipping Global Limited,EQ,775.35,770.4,0.6425233644859872,1026808,7923.46,40.4,26-AUG-2025,02-Oct-2026
SHREEKARNI,SHREEKARNI.NS,SHREEKARNI,SM,378.0,382.0,-1.0471204188481675,450,1.71,100.0,,02-Oct-2026
SHREEOSFM,SHREEOSFM.NS,SHREEOSFM,SM,55.1,51.7,6.576402321083169,30000,16.39,86.67,,02-Oct-2026
SHREEPUSHK,SHREEPUSHK.NS,Shree Pushkar Chemicals & Fertilisers Limited,EQ,491.5,492.75,-0.2536783358701167,40500,197.43,48.33,10-SEP-2015,02-Oct-2026
SHREERAMA,SHREERAMA.NS,Shree Rama Multi-Tech Limited,EQ,43.16,43.73,-1.3034530070889556,37590,16.23,79.76,13-MAR-2000,02-Oct-2026
SHRENIK,SHRENIK.NS,Shrenik Limited,BZ,0.28,0.29,-3.4482758620689493,249886,0.71,0.0,02-AUG-2019,02-Oct-2026
SHREYANIND,SHREYANIND.NS,Shreyans Industries Limited,EQ,126.29,130.45,-3.1889612878497378,10571,13.49,83.54,06-NOV-1996,02-Oct-2026
SHRIAHIMSA,SHRIAHIMSA.NS,SHRIAHIMSA,SM,422.5,438.0,-3.5388127853881275,5400,23.07,77.78,,02-Oct-2026
SHRIKANHA,SHRIKANHA.NS,SHRIKANHA,SM,21.95,22.1,-0.6787330316742178,9600,2.13,83.33,,02-Oct-2026
SHRIKRISH,SHRIKRISH.NS,Shri Krishna Devcon Limited,EQ,35.96,33.89,6.1079964591324885,1257,0.46,80.11,20-APR-2026,02-Oct-2026
SHRINGARMS,SHRINGARMS.NS,Shringar House of Mangalsutra Limited,EQ,221.31,224.6,-1.4648263579697205,1103142,2460.25,25.97,17-SEP-2025,02-Oct-2026
SHRIPISTON,SHRIPISTON.NS,SPR Auto Technologies Limited,EQ,4490.5,4653.7,-3.5068869931452356,186749,8344.22,48.97,02-JUN-2016,02-Oct-2026
SHRIRAMFIN,SHRIRAMFIN.NS,Shriram Finance Limited,EQ,945.0,982.7,-3.836369186933962,5599670,53265.32,63.51,11-DEC-1996,02-Oct-2026
SHRIRAMPPS,SHRIRAMPPS.NS,Shriram Properties Limited,EQ,67.36,69.21,-2.6730241294610524,414796,279.02,52.89,20-DEC-2021,02-Oct-2026
SHRITECH,SHRITECH.NS,SHRITECH,SM,58.8,61.5,-4.390243902439029,6000,3.54,100.0,,02-Oct-2026
SHRJAGP,SHRJAGP.NS,Shri Jagdamba Polymers Limited,EQ,673.0,665.6,1.1117788461538427,868,5.95,79.95,17-AUG-2026,02-Oct-2026
SHUBHLAXMI,SHUBHLAXMI.NS,SHUBHLAXMI,SM,17.25,18.15,-4.958677685950406,4000,0.69,75.0,,02-Oct-2026
SHUBHSHREE,SHUBHSHREE.NS,SHUBHSHREE,SM,334.0,333.0,0.3003003003003003,900,3.01,100.0,,02-Oct-2026
SHUKRAPHAR,SHUKRAPHAR.NS,Shukra Pharmaceuticals Limited,EQ,61.8,62.09,-0.4670639394427544,7563030,4754.84,21.27,14-AUG-2026,02-Oct-2026
SHYAMCENT,SHYAMCENT.NS,Shyam Century Ferrous Limited,BE,5.0,4.97,0.6036217303822987,223042,11.12,0.0,28-JUL-2015,02-Oct-2026
SHYAMDHANI,SHYAMDHANI.NS,SHYAMDHANI,SM,53.0,52.3,1.3384321223709423,18000,9.67,77.78,,02-Oct-2026
SHYAMMETL,SHYAMMETL.NS,Shyam Metalics and Energy Limited,EQ,1047.8,1065.0,-1.6150234741784082,475311,5036.28,54.94,24-JUN-2021,02-Oct-2026
SHYAMTEL,SHYAMTEL.NS,Shyam Telecom Limited,EQ,10.32,10.99,-6.096451319381255,3810,0.41,40.63,06-NOV-2006,02-Oct-2026
SICAGEN,SICAGEN.NS,Sicagen India Limited,EQ,50.96,51.74,-1.5075376884422131,16580,8.46,78.4,20-APR-2026,02-Oct-2026
SICALLOG,SICALLOG.NS,Sical Logistics Limited,BE,87.08,91.19,-4.507073143985085,35305,30.91,0.0,12-OCT-2023,02-Oct-2026
SIDDHICOTS,SIDDHICOTS.NS,SIDDHICOTS,SM,26.0,26.4,-1.5151515151515098,2400,0.63,100.0,,02-Oct-2026
SIDDHIKA,SIDDHIKA.NS,SIDDHIKA,SM,214.25,214.0,0.11682242990654204,2500,5.36,100.0,,02-Oct-2026
SIEL,SIEL.NS,Superior Industrial Enterprises Limited,EQ,30.46,29.01,4.998276456394344,328,0.1,100.0,17-AUG-2026,02-Oct-2026
SIEMENS,SIEMENS.NS,Siemens Limited,EQ,3804.0,3725.6,2.1043590294180827,243713,9170.22,42.26,06-SEP-1995,02-Oct-2026
SIGACHI,SIGACHI.NS,Sigachi Industries Limited,EQ,28.34,28.8,-1.5972222222222252,2213562,629.99,42.31,15-NOV-2021,02-Oct-2026
SIGIND,SIGIND.NS,Signet Industries Limited,BE,67.42,68.73,-1.906009020806056,18489,12.26,0.0,29-AUG-2018,02-Oct-2026
SIGMA,SIGMA.NS,Sigma Solve Limited,EQ,44.91,44.25,1.4915254237288058,119958,54.62,44.96,09-JUN-2023,02-Oct-2026
SIGMAADV,SIGMAADV.NS,SIGMA ADVANCED SYSTEMS LIMITED,BE,1076.9,1025.7,4.991712976503855,542861,5846.07,0.0,19-JUL-2007,02-Oct-2026
SIGNATURE,SIGNATURE.NS,Signatureglobal (India) Limited,EQ,737.45,727.15,1.4164890325242478,227926,1650.99,11.48,27-SEP-2023,02-Oct-2026
SIGNPOST,SIGNPOST.NS,Signpost India Limited,EQ,259.4,262.0,-0.9923664122137491,72245,187.57,58.51,14-FEB-2024,02-Oct-2026
SIKA,SIKA.NS,Sika Interplant Systems Limited,EQ,1018.2,1014.35,0.37955340858678194,34402,347.21,52.99,20-APR-2026,02-Oct-2026
SIKKO,SIKKO.NS,Sikko Industries Limited,BE,6.22,6.33,-1.7377567140600365,459887,28.64,0.0,22-OCT-2021,02-Oct-2026
SIL,SIL.NS,Standard Industries Limited,EQ,15.83,15.69,0.8922880815806283,44356,7.09,81.5,27-JAN-2004,02-Oct-2026
SILGO,SILGO.NS,Silgo Retail Limited,EQ,70.17,70.21,-0.05697194131888911,10640,7.44,80.94,03-MAR-2021,02-Oct-2026
SILINV,SILINV.NS,SIL Investments Limited,EQ,424.55,431.45,-1.59925831498435,1793,7.6,95.48,22-MAY-1996,02-Oct-2026
SILKFLEX,SILKFLEX.NS,SILKFLEX,SM,286.75,273.1,4.998169168802628,35000,97.98,82.86,,02-Oct-2026
SILKY,SILKY.NS,SILKY,SM,66.2,65.5,1.0687022900763403,12800,8.66,43.75,,02-Oct-2026
SILVER,SILVER.NS,SILVER,EQ,217.94,218.96,-0.4658385093167749,728291,1591.16,38.96,,02-Oct-2026
SILVER001,SILVER001.NS,SILVER001,EQ,21.99,22.19,-0.9013068949977596,335062,74.03,92.33,,02-Oct-2026
SILVER1,SILVER1.NS,SILVER1,EQ,21.18,21.28,-0.46992481203008185,10401667,2210.36,50.52,,02-Oct-2026
SILVER360,SILVER360.NS,SILVER360,EQ,214.83,216.12,-0.5968906163242607,10357,22.36,68.16,,02-Oct-2026
SILVERADD,SILVERADD.NS,SILVERADD,EQ,21.02,21.1,-0.37914691943128837,1175929,248.03,43.5,,02-Oct-2026
SILVERAG,SILVERAG.NS,SILVERAG,EQ,212.81,213.56,-0.3511893613036149,138990,296.04,63.22,,02-Oct-2026
SILVERAXIS,SILVERAXIS.NS,SILVERAXIS,EQ,217.05,217.94,-0.4083692759475023,268551,584.89,76.41,,02-Oct-2026
SILVERBEES,SILVERBEES.NS,SILVERBEES,EQ,208.71,209.62,-0.4341188817860875,14581958,30495.51,52.83,,02-Oct-2026
SILVERBETA,SILVERBETA.NS,SILVERBETA,EQ,210.91,211.66,-0.3543418690352452,441075,931.51,67.23,,02-Oct-2026
SILVERBND,SILVERBND.NS,SILVERBND,EQ,219.19,220.06,-0.3953467236208328,6302,13.82,74.87,,02-Oct-2026
SILVERCASE,SILVERCASE.NS,SILVERCASE,EQ,22.12,22.2,-0.3603603603603527,3705407,821.46,49.82,,02-Oct-2026
SILVERIETF,SILVERIETF.NS,SILVERIETF,EQ,217.95,218.88,-0.4248903508771961,1747341,3819.87,44.94,,02-Oct-2026
SILVERTUC,SILVERTUC.NS,Silver Touch Technologies Limited,EQ,138.68,140.49,-1.2883479251192271,256017,357.65,27.57,12-MAY-2022,02-Oct-2026
SIMBHALS,SIMBHALS.NS,Simbhaoli Sugars Limited,BZ,6.72,6.4,4.99999999999999,5019,0.34,0.0,14-MAR-2016,02-Oct-2026
SIMCA,SIMCA.NS,SIMCA,ST,290.05,287.5,0.8869565217391344,12000,34.9,100.0,,02-Oct-2026
SIMPLEXINF,SIMPLEXINF.NS,Simplex Infrastructures Limited,EQ,245.01,245.5,-0.19959266802444361,700626,1686.94,77.56,09-MAR-2004,02-Oct-2026
SIMPLXREA,SIMPLXREA.NS,Simplex Realty Limited,EQ,123.5,130.0,-5.0,314,0.39,97.45,17-AUG-2026,02-Oct-2026
SINCLAIR,SINCLAIR.NS,Sinclairs Hotels Limited,EQ,76.71,78.63,-2.441816100724916,16873,13.07,55.7,10-APR-2024,02-Oct-2026
SINDHUTRAD,SINDHUTRAD.NS,Sindhu Trade Links Limited,EQ,22.23,22.89,-2.883355176933159,247880,55.41,44.29,20-JUN-2023,02-Oct-2026
SINGERIND,SINGERIND.NS,Singer India Limited,EQ,74.66,77.31,-3.4277583753718863,79656,59.87,74.36,19-MAR-2026,02-Oct-2026
SINTERCOM,SINTERCOM.NS,Sintercom India Limited,EQ,75.87,79.91,-5.05568764860467,1933,1.46,78.94,07-OCT-2020,02-Oct-2026
SIRCA,SIRCA.NS,Sirca Paints India Limited,EQ,401.55,410.1,-2.084857351865401,129849,525.23,30.72,22-JUL-2019,02-Oct-2026
SIS,SIS.NS,SIS LIMITED,EQ,412.85,419.1,-1.4912908613696014,85848,354.05,46.7,10-AUG-2017,02-Oct-2026
SITINET,SITINET.NS,Siti Networks Limited,BZ,0.27,0.27,0.0,248430,0.68,0.0,10-JAN-2007,02-Oct-2026
SIYSIL,SIYSIL.NS,Siyaram Silk Mills Limited,EQ,531.55,539.95,-1.5556996018149996,28509,151.73,55.72,29-JAN-2007,02-Oct-2026
SJLOGISTIC,SJLOGISTIC.NS,SJLOGISTIC,SM,311.5,310.1,0.4514672686230175,25250,79.46,69.31,,02-Oct-2026
SJS,SJS.NS,S.J.S. Enterprises Limited,EQ,2159.8,2258.0,-4.348981399468548,310025,6655.37,53.77,15-NOV-2021,02-Oct-2026
SJVN,SJVN.NS,SJVN Limited,EQ,57.91,59.32,-2.3769386378961626,4376261,2528.86,40.98,20-MAY-2010,02-Oct-2026
SKFINDIA,SKFINDIA.NS,SKF India Limited,EQ,1450.2,1509.9,-3.9539042320683517,62968,921.13,54.78,27-JAN-1999,02-Oct-2026
SKFINDUS,SKFINDUS.NS,SKF India (Industrial) Limited,EQ,2734.2,2767.9,-1.2175295350265642,35509,961.22,48.83,05-DEC-2025,02-Oct-2026
SKIPPER,SKIPPER.NS,Skipper Limited,EQ,541.2,531.15,1.8921208698108007,1034814,5610.17,35.4,27-MAY-2015,02-Oct-2026
SKMEGGPROD,SKMEGGPROD.NS,SKM Egg Products Export (India) Limited,EQ,205.29,211.15,-2.7752782382192818,216666,443.68,53.43,14-MAR-1997,02-Oct-2026
SKP,SKP.NS,SKP,SM,163.0,165.8,-1.6887816646562188,55500,90.15,69.37,,02-Oct-2026
SKYGOLD,SKYGOLD.NS,SKY GOLD AND DIAMONDS LIMITED,EQ,810.65,810.7,-0.006167509559648232,1141277,9120.43,64.36,06-JAN-2023,02-Oct-2026
SKYTECH,SKYTECH.NS,SKYTECH,SM,38.9,37.05,4.993252361673418,449600,168.02,71.89,,02-Oct-2026
SKYWAYS,SKYWAYS.NS,Skyways Air Services Limited,EQ,110.29,113.26,-2.622285007946317,1680019,1862.98,27.92,01-SEP-2026,02-Oct-2026
SLONE,SLONE.NS,SLONE,ST,161.0,167.4,-3.823178016726407,2400,3.9,100.0,,02-Oct-2026
SMALL250,SMALL250.NS,SMALL250,EQ,17.63,17.91,-1.5633724176437807,833083,146.74,63.22,,02-Oct-2026
SMALLADD,SMALLADD.NS,SMALLADD,EQ,17.73,18.0,-1.4999999999999978,119134,21.12,60.68,,02-Oct-2026
SMALLCAP,SMALLCAP.NS,SMALLCAP,EQ,47.43,47.86,-0.8984538236523186,1878881,887.26,51.46,,02-Oct-2026
SMALLGROWW,SMALLGROWW.NS,SMALLGROWW,EQ,48.21,48.3,-0.18633540372670043,11724,5.58,90.41,,02-Oct-2026
SMALLIETF,SMALLIETF.NS,SMALLIETF,EQ,17.69,17.92,-1.283482142857145,88073,15.51,48.84,,02-Oct-2026
SMARTEN,SMARTEN.NS,SMARTEN,SM,57.95,61.0,-4.999999999999996,21600,12.68,77.78,,02-Oct-2026
SMARTLINK,SMARTLINK.NS,Smartlink Holdings Limited,BE,212.1,211.91,0.08966070501627943,6005,12.75,0.0,11-APR-2001,02-Oct-2026
SMARTWORKS,SMARTWORKS.NS,Smartworks Coworking Spaces Limited,EQ,510.65,519.85,-1.7697412715206398,53593,272.58,57.52,17-JUL-2025,02-Oct-2026
SMCGLOBAL,SMCGLOBAL.NS,SMC Global Securities Limited,EQ,99.06,94.48,4.847586790855205,9500246,9327.3,19.47,24-FEB-2021,02-Oct-2026
SML100CASE,SML100CASE.NS,SML100CASE,EQ,10.83,10.98,-1.3661202185792383,3548987,385.16,63.46,,02-Oct-2026
SMLMAH,SMLMAH.NS,SML Mahindra Limited,EQ,6251.0,6578.0,-4.971115840681058,72958,4618.4,46.62,29-AUG-2003,02-Oct-2026
SMLT,SMLT.NS,Sarthak Metals Limited,EQ,74.18,61.82,19.993529602070538,112524,81.84,74.74,25-NOV-2021,02-Oct-2026
SMSPHARMA,SMSPHARMA.NS,SMS Pharmaceuticals Limited,EQ,471.3,476.6,-1.1120436424674802,393944,1848.91,42.62,28-FEB-2007,02-Oct-2026
SNEHAA,SNEHAA.NS,SNEHAA,SM,44.35,42.0,5.595238095238099,3000,1.31,100.0,,02-Oct-2026
SNOWMAN,SNOWMAN.NS,Snowman Logistics Limited,EQ,34.11,34.64,-1.530023094688225,105331,35.88,55.12,12-SEP-2014,02-Oct-2026
SNXT30BEES,SNXT30BEES.NS,SNXT30BEES,EQ,40.1,40.69,-1.4499877119685336,13018,5.21,63.26,,02-Oct-2026
SNXT50BETA,SNXT50BETA.NS,SNXT50BETA,EQ,89.69,88.91,0.8772916432347331,906,0.81,74.5,,02-Oct-2026
SOBHA,SOBHA.NS,Sobha Limited,EQ,1213.1,1221.6,-0.6958087753765554,86762,1048.41,39.9,20-DEC-2006,02-Oct-2026
SOCL,SOCL.NS,SOCL,SM,28.6,28.75,-0.5217391304347777,11200,3.2,100.0,,02-Oct-2026
SOFTTECH,SOFTTECH.NS,Softtech Engineers Limited,EQ,474.3,493.5,-3.8905775075987816,3354,16.05,41.06,25-FEB-2022,02-Oct-2026
SOLARA,SOLARA.NS,Solara Active Pharma Sciences Limited,EQ,714.85,725.4,-1.4543700027570934,244820,1752.31,39.33,27-JUN-2018,02-Oct-2026
SOLARINDS,SOLARINDS.NS,Solar Industries India Limited,EQ,19400.0,19700.0,-1.5228426395939088,204788,39336.17,35.8,03-APR-2006,02-Oct-2026
SOLARWORLD,SOLARWORLD.NS,Solarworld Energy Solutions Limited,EQ,125.55,129.28,-2.8852103960396067,444801,569.86,35.43,30-SEP-2025,02-Oct-2026
SOLEX,SOLEX.NS,Solex Energy Limited,EQ,670.95,678.85,-1.1637327833836602,24793,165.75,35.49,08-OCT-2025,02-Oct-2026
SOMANYCERA,SOMANYCERA.NS,Somany Ceramics Limited,EQ,614.2,617.75,-0.5746661270740517,95859,585.0,56.7,22-NOV-1995,02-Oct-2026
SOMATEX,SOMATEX.NS,Soma Textiles & Industries Limited,EQ,75.76,79.16,-4.29509853461343,8587,6.58,83.53,14-AUG-1996,02-Oct-2026
SOMICONVEY,SOMICONVEY.NS,Somi Conveyor Beltings Limited,EQ,83.73,89.31,-6.247900571044674,13867,11.85,82.32,18-JUL-2016,02-Oct-2026
SONA,SONA.NS,Sonaselection India Limited,BE,92.47,96.03,-3.707174841195462,238440,223.59,0.0,24-SEP-2026,02-Oct-2026
SONACOMS,SONACOMS.NS,Sona BLW Precision Forgings Limited,EQ,805.0,830.0,-3.0120481927710845,3497748,28017.42,44.74,24-JUN-2021,02-Oct-2026
SONAMAC,SONAMAC.NS,SONAMAC,SM,29.85,31.05,-3.864734299516906,22000,6.61,90.91,,02-Oct-2026
SONAMLTD,SONAMLTD.NS,SONAM LIMITED,BE,68.95,68.15,1.1738811445341117,33183,22.48,0.0,07-APR-2022,02-Oct-2026
SONATSOFTW,SONATSOFTW.NS,Sonata Software Limited,EQ,254.05,258.25,-1.6263310745401698,852770,2177.27,37.32,28-JUL-1999,02-Oct-2026
SONUINFRA,SONUINFRA.NS,SONUINFRA,SM,41.6,43.55,-4.477611940298498,9000,3.75,83.33,,02-Oct-2026
SOTAC,SOTAC.NS,SOTAC,SM,90.05,90.05,0.0,1200,1.08,100.0,,02-Oct-2026
SOTL,SOTL.NS,Savita Oil Technologies Limited,EQ,729.5,718.8,1.4885920979410192,296616,2129.1,36.95,28-JUN-1995,02-Oct-2026
SOUTHBANK,SOUTHBANK.NS,The South Indian Bank Limited,EQ,47.44,48.24,-1.6583747927031596,12229088,5818.13,40.32,08-DEC-1998,02-Oct-2026
SOUTHWEST,SOUTHWEST.NS,South West Pinnacle Exploration Limited,EQ,181.7,182.49,-0.4329004329004441,122218,220.69,54.67,18-APR-2019,02-Oct-2026
SPAL,SPAL.NS,S. P. Apparels Limited,EQ,935.6,964.6,-3.0064275347294216,57570,533.39,54.16,12-AUG-2016,02-Oct-2026
SPANDANA,SPANDANA.NS,Spandana Sphoorty Financial Limited,EQ,216.34,220.76,-2.0021743069396574,186398,404.54,52.2,19-AUG-2019,02-Oct-2026
SPARC,SPARC.NS,Sun Pharma Advanced Research Company Limited,EQ,194.13,197.19,-1.5518028297581026,1071707,2075.34,38.13,18-JUL-2007,02-Oct-2026
SPCENET,SPCENET.NS,Spacenet Enterprises India Limited,EQ,3.24,3.18,1.8867924528301903,420090,13.65,65.57,10-JAN-2017,02-Oct-2026
SPCL,SPCL.NS,SPCL,SM,61.95,62.35,-0.6415396952686425,16800,10.43,71.43,,02-Oct-2026
SPEB,SPEB.NS,SPEB,SM,86.0,88.4,-2.714932126696839,2000,1.72,100.0,,02-Oct-2026
SPECIALITY,SPECIALITY.NS,Speciality Restaurants Limited,BE,153.5,154.1,-0.3893575600259535,25371,39.4,0.0,30-MAY-2012,02-Oct-2026
SPECTRAA,SPECTRAA.NS,SPECTRAA,ST,241.1,251.0,-3.9442231075697234,153600,377.51,96.88,,02-Oct-2026
SPECTRUM,SPECTRUM.NS,Spectrum Electrical Industries Limited,BE,3853.4,3846.1,0.18980265723720605,8519,321.05,0.0,28-MAR-2025,02-Oct-2026
SPECTSTM,SPECTSTM.NS,SPECTSTM,SM,59.9,61.5,-2.601626016260165,2400,1.39,100.0,,02-Oct-2026
SPENCERS,SPENCERS.NS,Spencer's Retail Limited,EQ,26.24,26.71,-1.7596405840509262,37655,9.9,84.77,25-JAN-2019,02-Oct-2026
SPIC,SPIC.NS,Southern Petrochemicals Industries Corporation  Limited,EQ,62.23,63.94,-2.6743822333437612,234104,146.05,54.51,10-JAN-1996,02-Oct-2026
SPLIL,SPLIL.NS,SPL Industries Limited,EQ,28.5,29.24,-2.5307797537619647,3855,1.11,70.48,26-JUL-2005,02-Oct-2026
SPLPETRO,SPLPETRO.NS,Supreme Petrochem Limited,EQ,780.45,808.2,-3.4335560504825535,227873,1782.44,38.47,24-MAY-2022,02-Oct-2026
SPMLINFRA,SPMLINFRA.NS,SPML Infra Limited,EQ,159.31,161.02,-1.0619798782759955,255283,409.94,41.51,14-FEB-1996,02-Oct-2026
SPORTKING,SPORTKING.NS,Sportking India Limited,EQ,208.54,210.5,-0.9311163895486974,166056,343.58,54.99,24-AUG-2022,02-Oct-2026
SPPPOLY,SPPPOLY.NS,SPPPOLY,SM,11.95,11.85,0.8438818565400814,14000,1.61,71.43,,02-Oct-2026
SPRL,SPRL.NS,SPRL,SM,146.2,139.25,4.991023339317765,1600,2.34,100.0,,02-Oct-2026
SPUNWEB,SPUNWEB.NS,SPUNWEB,SM,97.0,99.65,-2.659307576517818,20400,20.49,94.12,,02-Oct-2026
SRD,SRD.NS,Shankar Lal Rampal Dye-Chem Limited,EQ,38.08,38.54,-1.1935651271406353,3040,1.16,70.95,09-OCT-2024,02-Oct-2026
SREEL,SREEL.NS,Sreeleathers Limited,BE,292.6,287.59,1.7420633540804784,20973,61.33,0.0,01-JAN-2014,02-Oct-2026
SRF,SRF.NS,SRF Limited,EQ,2486.2,2472.5,0.5540950455004982,352530,8671.0,61.36,18-AUG-2003,02-Oct-2026
SRGHFL,SRGHFL.NS,SRG Housing Finance Limited,EQ,135.77,136.4,-0.46187683284457137,5172,7.07,68.46,21-AUG-2023,02-Oct-2026
SRHHYPOLTD,SRHHYPOLTD.NS,Sree Rayalaseema Hi-Strength Hypo Limited,EQ,543.6,563.9,-3.5999290654371263,25322,138.68,48.72,08-MAY-2007,02-Oct-2026
SRIKPRIND,SRIKPRIND.NS,Sri KPR Industries Limited,BE,27.49,26.25,4.723809523809518,2861,0.76,0.0,17-AUG-2026,02-Oct-2026
SRIVASAVI,SRIVASAVI.NS,SRIVASAVI,ST,73.8,77.65,-4.958145524790739,21000,15.58,100.0,,02-Oct-2026
SRM,SRM.NS,SRM Contractors Limited,EQ,398.75,404.4,-1.3971315529178974,48009,191.2,51.33,03-APR-2024,02-Oct-2026
SRTL,SRTL.NS,Shree Ram Twistex Limited,EQ,36.4,37.26,-2.3081052066559296,23749,8.65,80.17,02-MAR-2026,02-Oct-2026
SSDL,SSDL.NS,Saraswati Saree Depot Limited,EQ,69.39,75.81,-8.46853977047883,175616,123.33,49.04,20-AUG-2024,02-Oct-2026
SSEGL,SSEGL.NS,SSEGL,SM,385.05,380.05,1.3156163662675964,66400,251.2,52.41,,02-Oct-2026
SSFL,SSFL.NS,SSFL,ST,284.95,280.1,1.7315244555515763,3000,8.51,100.0,,02-Oct-2026
SSRETAIL,SSRETAIL.NS,SS Retail Limited,EQ,714.35,749.5,-4.68979319546364,8031732,57792.18,12.35,23-SEP-2026,02-Oct-2026
SSWL,SSWL.NS,Steel Strips Wheels Limited,EQ,390.8,408.1,-4.239157069345751,3280912,12936.52,31.95,06-JUN-2005,02-Oct-2026
STALLION,STALLION.NS,Stallion India Fluorochemicals Limited,BE,231.81,230.55,0.5465191932335679,417129,966.63,0.0,23-JAN-2025,02-Oct-2026
STANLEY,STANLEY.NS,Stanley Lifestyles Limited,EQ,136.22,136.31,-0.06602597021495371,224510,306.55,33.91,28-JUN-2024,02-Oct-2026
STAR,STAR.NS,Strides Pharma Science Limited,EQ,1084.8,1120.0,-3.1428571428571472,340843,3711.93,52.39,02-FEB-2000,02-Oct-2026
STARCEMENT,STARCEMENT.NS,Star Cement Limited,EQ,178.39,181.96,-1.9619696636623551,171575,305.19,50.38,16-JUN-2017,02-Oct-2026
STARHEALTH,STARHEALTH.NS,Star Health and Allied Insurance Company Limited,EQ,537.7,534.65,0.5704666604320712,1268853,6698.32,69.52,10-DEC-2021,02-Oct-2026
STARPAPER,STARPAPER.NS,Star Paper Mills Limited,EQ,151.81,152.52,-0.46551271964333063,5035,7.7,60.93,13-SEP-1995,02-Oct-2026
STARTECK,STARTECK.NS,Starteck Finance Limited,EQ,290.95,306.95,-5.2125753380029325,1606,4.77,55.29,04-MAY-2022,02-Oct-2026
STCINDIA,STCINDIA.NS,The State Trading Corporation of India Limited,EQ,105.96,109.14,-2.9136888400219965,11515,12.23,71.43,01-APR-2003,02-Oct-2026
STEAMHOUSE,STEAMHOUSE.NS,Steamhouse India Limited,EQ,106.51,110.94,-3.993149450153229,4239910,4538.64,46.97,17-SEP-2026,02-Oct-2026
STEELCAS,STEELCAS.NS,Steelcast Limited,EQ,356.45,377.2,-5.501060445387063,349563,1245.21,48.36,23-NOV-2021,02-Oct-2026
STEELCITY,STEELCITY.NS,Steel City Securities Limited,EQ,80.11,81.35,-1.5242778119237799,6534,5.27,64.72,27-JUN-2019,02-Oct-2026
STEELXIND,STEELXIND.NS,STEEL EXCHANGE INDIA LIMITED,EQ,11.22,11.42,-1.7513134851138292,4501675,502.95,51.3,20-JUL-2017,02-Oct-2026
STEL,STEL.NS,Stel Holdings Limited,EQ,574.15,570.1,0.7104016839150946,2660,15.0,71.88,09-FEB-2011,02-Oct-2026
STERTOOLS,STERTOOLS.NS,Sterling Tools Limited,EQ,224.28,218.31,2.7346433970042594,121325,275.44,43.4,02-FEB-2006,02-Oct-2026
STLNETWORK,STLNETWORK.NS,STL Networks Limited,EQ,47.18,48.97,-3.6552991627527045,13627273,6538.23,47.2,04-SEP-2025,02-Oct-2026
STLSTRINF,STLSTRINF.NS,Steel Strips Infrastructures Limited,EQ,21.52,22.25,-3.280898876404496,7360,1.63,72.81,17-AUG-2026,02-Oct-2026
STLTECH,STLTECH.NS,Sterlite Technologies Limited,BE,955.35,909.9,4.995054401582596,5594054,52814.84,0.0,08-DEC-2000,02-Oct-2026
STOVEKRAFT,STOVEKRAFT.NS,Stove Kraft Limited,EQ,809.15,794.95,1.7862758664066836,170167,1367.97,60.91,05-FEB-2021,02-Oct-2026
STUDDS,STUDDS.NS,Studds Accessories Limited,EQ,399.85,393.85,1.5234226228259489,48629,191.56,47.79,07-NOV-2025,02-Oct-2026
STUDIOLSD,STUDIOLSD.NS,STUDIOLSD,SM,8.8,8.95,-1.6759776536312692,14000,1.23,57.14,,02-Oct-2026
STYL,STYL.NS,Seshaasai Technologies Limited,EQ,366.0,369.95,-1.067711852953099,122778,449.35,52.77,30-SEP-2025,02-Oct-2026
STYLAMIND,STYLAMIND.NS,Stylam Industries Limited,EQ,3219.9,3308.7,-2.683833529785104,52489,1690.29,48.18,02-AUG-2021,02-Oct-2026
STYLEBAAZA,STYLEBAAZA.NS,Baazar Style Retail Limited,EQ,368.35,384.75,-4.2625081221572385,1627432,6053.78,60.08,06-SEP-2024,02-Oct-2026
STYRENIX,STYRENIX.NS,Styrenix Performance Materials Limited,EQ,2055.0,2015.5,1.959811461175887,55786,1120.58,52.64,29-MAR-1995,02-Oct-2026
SUBAHOTELS,SUBAHOTELS.NS,SUBAHOTELS,SM,92.45,93.05,-0.644814615797952,43200,39.76,80.56,,02-Oct-2026
SUBEXLTD,SUBEXLTD.NS,Subex Limited,EQ,19.34,19.73,-1.976685250886977,10635459,2043.49,26.8,05-NOV-2020,02-Oct-2026
SUBROS,SUBROS.NS,Subros Limited,EQ,684.9,699.35,-2.0662043325945585,33612,230.98,52.48,13-JUL-2005,02-Oct-2026
SUDARCOLOR,SUDARCOLOR.NS,Sudarshan Colorants India Limited,EQ,368.1,376.95,-2.347791484281726,4435,16.44,76.12,14-JUN-1995,02-Oct-2026
SUDARSCHEM,SUDARSCHEM.NS,Sudarshan Chemical Industries Limited,EQ,1241.5,1203.9,3.1231829886203095,425401,5183.24,59.98,25-MAY-1995,02-Oct-2026
SUDEEPPHRM,SUDEEPPHRM.NS,Sudeep Pharma Limited,EQ,1199.8,1205.8,-0.4975949577044286,205622,2463.48,55.2,28-NOV-2025,02-Oct-2026
SUKHJITS,SUKHJITS.NS,Sukhjit Starch & Chemicals Limited,EQ,150.93,156.42,-3.509781357882612,15465,23.64,69.17,07-NOV-2022,02-Oct-2026
SULA,SULA.NS,Sula Vineyards Limited,EQ,130.94,133.3,-1.7704426106526734,255283,334.79,53.75,22-DEC-2022,02-Oct-2026
SUMAX,SUMAX.NS,SUMAX,SM,101.25,103.75,-2.4096385542168677,63600,64.29,77.36,,02-Oct-2026
SUMEDHA,SUMEDHA.NS,Sumedha Fiscal Services Limited,EQ,43.42,45.48,-4.529463500439744,4643,2.06,74.74,17-AUG-2026,02-Oct-2026
SUMEETINDS,SUMEETINDS.NS,Sumeet Industries Limited,EQ,10.38,10.92,-4.945054945054937,781688,82.01,67.1,10-DEC-2010,02-Oct-2026
SUMICHEM,SUMICHEM.NS,Sumitomo Chemical India Limited,EQ,417.6,433.25,-3.6122331217541785,886386,3695.19,57.99,27-JAN-2020,02-Oct-2026
SUMIT,SUMIT.NS,Sumit Woods Limited,EQ,47.76,49.59,-3.6902601330913596,13580,6.52,75.74,30-JUL-2019,02-Oct-2026
SUMMITSEC,SUMMITSEC.NS,Summit Securities Limited,EQ,1315.5,1318.9,-0.25779058306164915,1213,15.91,60.02,28-JAN-2011,02-Oct-2026
SUNCLAY,SUNCLAY.NS,Sundaram Clayton Limited,EQ,1183.0,1228.9,-3.7350476035478954,12518,150.61,65.98,29-DEC-2023,02-Oct-2026
SUNDARAM,SUNDARAM.NS,Sundaram Multi Pap Limited,EQ,1.08,1.09,-0.9174311926605512,874908,9.3,77.7,02-JUN-2010,02-Oct-2026
SUNDARMFIN,SUNDARMFIN.NS,Sundaram Finance Limited,EQ,4395.9,4355.0,0.9391504018369606,39347,1703.98,56.81,07-JAN-1998,02-Oct-2026
SUNDRMBRAK,SUNDRMBRAK.NS,Sundaram Brake Linings Limited,EQ,669.95,676.05,-0.902300125730332,2427,16.32,96.17,17-JUL-1996,02-Oct-2026
SUNDRMFAST,SUNDRMFAST.NS,Sundram Fasteners Limited,EQ,1123.6,1139.3,-1.3780391468445576,145775,1641.83,51.88,07-JUN-2000,02-Oct-2026
SUNDROP,SUNDROP.NS,Sundrop Brands Limited,EQ,753.15,745.2,1.0668276972624708,30756,227.94,83.58,06-DEC-2002,02-Oct-2026
SUNFLAG,SUNFLAG.NS,Sunflag Iron And Steel Company Limited,EQ,433.5,456.05,-4.944633263896505,420955,1851.6,62.5,29-SEP-2005,02-Oct-2026
SUNLITE,SUNLITE.NS,SUNLITE,SM,644.4,617.85,4.297159504734151,51600,329.14,71.51,,02-Oct-2026
SUNLOC,SUNLOC.NS,Sunil Healthcare Limited,EQ,70.1,68.8,1.8895348837209263,1432,1.03,16.48,17-AUG-2026,02-Oct-2026
SUNPHARMA,SUNPHARMA.NS,Sun Pharmaceutical Industries Limited,EQ,1801.0,1816.6,-0.8587471099856825,2314700,41835.05,63.96,08-FEB-1995,02-Oct-2026
SUNRAKSHAK,SUNRAKSHAK.NS,Sunrakshakk Industries India Limited,EQ,358.9,358.9,0.0,5267,18.85,78.85,17-AUG-2026,02-Oct-2026
SUNREST,SUNREST.NS,SUNREST,SM,35.5,38.0,-6.578947368421052,6400,2.27,75.0,,02-Oct-2026
SUNSHIEL,SUNSHIEL.NS,Sunshield Chemicals Limited,EQ,1059.0,1054.0,0.47438330170777987,3157,33.34,62.94,17-AUG-2026,02-Oct-2026
SUNSHINE,SUNSHINE.NS,Sunshine Pictures Limited,EQ,453.0,453.65,-0.14328226606414135,528270,2406.91,50.11,25-AUG-2026,02-Oct-2026
SUNTECH,SUNTECH.NS,SUNTECH,SM,36.75,38.45,-4.421326397919382,4800,1.77,100.0,,02-Oct-2026
SUNTECK,SUNTECK.NS,Sunteck Realty Limited,EQ,279.45,277.4,0.7390050468637388,137778,378.45,51.92,13-NOV-2009,02-Oct-2026
SUNTV,SUNTV.NS,Sun TV Network Limited,EQ,599.9,605.0,-0.842975206611574,6014245,35548.89,10.49,24-APR-2006,02-Oct-2026
SUPERHOUSE,SUPERHOUSE.NS,Superhouse Limited,EQ,154.66,160.05,-3.367697594501727,6988,10.84,48.8,26-SEP-2014,02-Oct-2026
SUPERSPIN,SUPERSPIN.NS,Super Spinning Mills Limited,BE,7.51,7.71,-2.594033722438394,86739,6.55,0.0,08-JUL-2004,02-Oct-2026
SUPRAJIT,SUPRAJIT.NS,Suprajit Engineering Limited,EQ,481.05,481.2,-0.031172069825431685,89227,425.4,56.1,18-FEB-2005,02-Oct-2026
SUPREME,SUPREME.NS,Supreme Holdings & Hospitality (India) Limited,EQ,31.08,30.42,2.169625246548312,8886,2.72,86.55,03-FEB-2025,02-Oct-2026
SUPREMEENG,SUPREMEENG.NS,Supreme Engineering Limited,BZ,4.24,4.16,1.9230769230769247,245495,10.41,0.0,04-DEC-2020,02-Oct-2026
SUPREMEIND,SUPREMEIND.NS,Supreme Industries Limited,EQ,3380.0,3451.0,-2.057374674007534,167968,5625.69,41.88,19-JUL-1995,02-Oct-2026
SUPREMEINF,SUPREMEINF.NS,Supreme Infrastructure India Limited,EQ,66.94,73.9,-9.418132611637358,282079,192.36,49.01,18-OCT-2007,02-Oct-2026
SUPREMEPWR,SUPREMEPWR.NS,SUPREMEPWR,SM,208.4,209.15,-0.3585943103036099,58000,122.36,69.83,,02-Oct-2026
SUPRIYA,SUPRIYA.NS,Supriya Lifescience Limited,EQ,931.0,950.25,-2.0257826887661143,209232,1941.2,47.64,28-DEC-2021,02-Oct-2026
SUPTANERY,SUPTANERY.NS,Super Tannery Limited,BE,8.06,8.48,-4.952830188679244,158149,12.85,0.0,17-AUG-2026,02-Oct-2026
SURAJEST,SURAJEST.NS,Suraj Estate Developers Limited,EQ,200.15,207.69,-3.6304107082671253,106451,214.56,60.65,26-DEC-2023,02-Oct-2026
SURAJLTD,SURAJLTD.NS,Suraj Limited,EQ,193.51,195.0,-0.7641025641025687,590,1.13,97.97,29-AUG-2024,02-Oct-2026
SURAKSHA,SURAKSHA.NS,Suraksha Diagnostic Limited,EQ,350.15,355.4,-1.4772087788407429,93480,323.35,46.18,06-DEC-2024,02-Oct-2026
SURANASOL,SURANASOL.NS,Surana Solar Limited,EQ,24.15,24.87,-2.895054282267802,31097,7.52,71.11,07-JAN-2011,02-Oct-2026
SURANAT&P,SURANAT&P.NS,Surana Telecom and Power Limited,EQ,15.98,15.84,0.8838383838383874,29325,4.65,82.98,22-MAY-2002,02-Oct-2026
SURANI,SURANI.NS,SURANI,SM,100.05,98.45,1.6251904520060887,4000,4.03,95.0,,02-Oct-2026
SURYALA,SURYALA.NS,Suryalata Spinning Mills Limited,EQ,377.5,377.0,0.1326259946949602,838,3.18,78.64,20-APR-2026,02-Oct-2026
SURYALAXMI,SURYALAXMI.NS,Suryalakshmi Cotton Mills Limited,EQ,56.07,58.8,-4.642857142857137,3228,1.84,71.28,15-JUN-2005,02-Oct-2026
SURYAROSNI,SURYAROSNI.NS,Surya Roshni Limited,EQ,220.67,221.37,-0.31621267561097577,1421013,3147.78,29.79,10-MAY-1995,02-Oct-2026
SURYODAY,SURYODAY.NS,Suryoday Small Finance Bank Limited,EQ,143.55,145.16,-1.1091209699641673,176795,252.66,58.45,26-MAR-2021,02-Oct-2026
SUTLEJTEX,SUTLEJTEX.NS,Sutlej Textiles and Industries Limited,BE,36.24,37.5,-3.359999999999995,17823,6.47,0.0,14-DEC-2006,02-Oct-2026
SUVEN,SUVEN.NS,Suven Life Sciences Limited,EQ,308.3,320.2,-3.716427232979381,713418,2189.48,46.07,23-OCT-2003,02-Oct-2026
SUVIDHAA,SUVIDHAA.NS,Suvidhaa Infoserve Limited,EQ,2.07,2.09,-0.956937799043063,96333,1.99,93.79,31-MAR-2021,02-Oct-2026
SUYOG,SUYOG.NS,Suyog Telematics Limited,EQ,689.9,695.1,-0.7480937994533225,98151,689.09,50.38,20-AUG-2024,02-Oct-2026
SUZLON,SUZLON.NS,Suzlon Energy Limited,EQ,38.91,39.49,-1.4687262598126245,53247107,20774.7,38.56,19-OCT-2005,02-Oct-2026
SVGLOBAL,SVGLOBAL.NS,S V Global Mill Limited,EQ,132.93,137.18,-3.0981192593672544,270,0.37,73.33,17-AUG-2026,02-Oct-2026
SVLL,SVLL.NS,Shree Vasu Logistics Limited,EQ,786.75,805.8,-2.3641102010424366,723,5.71,51.04,21-APR-2023,02-Oct-2026
SVPGLOB,SVPGLOB.NS,SVP GLOBAL TEXTILES LIMITED,EQ,3.1,3.13,-0.9584664536741151,25217,0.77,71.17,14-JUL-2021,02-Oct-2026
SWANCORP,SWANCORP.NS,SWAN CORP LIMITED,EQ,272.8,280.2,-2.6409707351891427,731886,1997.27,30.17,29-MAY-2012,02-Oct-2026
SWANDEF,SWANDEF.NS,Swan Defence and Heavy Industries Limited,BE,2718.2,2756.6,-1.3930203874337985,22327,604.64,0.0,20-JAN-2025,02-Oct-2026
SWARAJ,SWARAJ.NS,Swaraj Suiting Limited,BE,377.55,388.6,-2.8435409161091125,38533,147.59,0.0,13-AUG-2026,02-Oct-2026
SWARAJENG,SWARAJENG.NS,Swaraj Engines Limited,EQ,3542.7,3546.2,-0.09869719699960522,11335,401.72,59.66,06-DEC-1995,02-Oct-2026
SWARNSAR,SWARNSAR.NS,Swarnsarita Jewels India Limited,EQ,38.44,39.96,-3.803803803803812,7288,2.81,71.32,17-AUG-2026,02-Oct-2026
SWASTIK,SWASTIK.NS,SWASTIK,ST,19.0,19.5,-2.564102564102564,3600,0.7,66.67,,02-Oct-2026
SWASTIKAIN,SWASTIKAIN.NS,Swastika Infra Limited,BE,215.53,210.0,2.6333333333333337,2043335,4188.09,0.0,30-SEP-2026,02-Oct-2026
SWELECTES,SWELECTES.NS,Swelect Energy Systems Limited,EQ,592.9,597.9,-0.8362602441879913,32383,190.78,42.57,09-MAY-2006,02-Oct-2026
SWIGGY,SWIGGY.NS,Swiggy Limited,EQ,238.0,250.1,-4.838064774090362,13785398,33179.27,44.9,13-NOV-2024,02-Oct-2026
SWISSMLTRY,SWISSMLTRY.NS,Swiss Military Consumer Goods Limited,BE,13.95,13.88,0.5043227665705944,62623,8.74,0.0,17-AUG-2026,02-Oct-2026
SWSOLAR,SWSOLAR.NS,Sterling and Wilson Renewable Energy Limited,EQ,164.82,171.18,-3.7153873116018303,1363945,2267.04,43.95,20-AUG-2019,02-Oct-2026
SYMBIOTEC,SYMBIOTEC.NS,Symbiotec Pharmalab Limited,EQ,1198.0,1176.75,1.8058211174845975,3713662,44810.03,21.83,01-SEP-2026,02-Oct-2026
SYMPHONY,SYMPHONY.NS,Symphony Limited,EQ,571.7,582.45,-1.8456519872950468,41980,240.26,47.37,15-JUN-2011,02-Oct-2026
SYNCOMF,SYNCOMF.NS,Syncom Formulations (India) Limited,EQ,23.96,25.08,-4.465709728867614,44387615,10601.36,24.24,18-NOV-2022,02-Oct-2026
SYNGENE,SYNGENE.NS,Syngene International Limited,EQ,361.3,365.3,-1.094990418833835,530462,1903.69,53.88,11-AUG-2015,02-Oct-2026
SYNOPTICS,SYNOPTICS.NS,SYNOPTICS,ST,50.85,48.45,4.953560371517025,1800,0.92,100.0,,02-Oct-2026
SYRMA,SYRMA.NS,Syrma SGS Technology Limited,EQ,1717.9,1782.9,-3.6457456952156595,1874242,33001.14,26.4,26-AUG-2022,02-Oct-2026
SYSTANGO,SYSTANGO.NS,SYSTANGO,SM,219.3,220.65,-0.6118286879673666,16000,34.82,72.5,,02-Oct-2026
SYSTMTXC,SYSTMTXC.NS,Systematix Corporate Services Limited,BE,73.96,75.46,-1.98780811025709,5731,4.29,0.0,06-OCT-2025,02-Oct-2026
TAALTECH,TAALTECH.NS,Taal Tech Limited,EQ,944.0,1001.0,-5.694305694305695,40666,390.02,48.79,20-APR-2026,02-Oct-2026
TAC,TAC.NS,TAC,ST,386.4,403.6,-4.261645193260665,131400,513.81,82.19,,02-Oct-2026
TAINWALCHM,TAINWALCHM.NS,Tainwala Chemical and Plastic (I) Limited,EQ,203.29,205.19,-0.9259710512208225,2767,5.6,77.3,27-JUL-1995,02-Oct-2026
TAJGVK,TAJGVK.NS,Taj GVK Hotels & Resorts Limited,EQ,314.9,320.2,-1.6552154903185547,45698,143.75,44.67,20-DEC-2000,02-Oct-2026
TAKE,TAKE.NS,TAKE Limited,EQ,12.65,13.31,-4.9586776859504145,139867,17.69,100.0,27-AUG-2007,02-Oct-2026
TALBROAUTO,TALBROAUTO.NS,Talbros Automotive Components Limited,EQ,419.7,429.85,-2.3612888216819896,208135,874.14,51.17,29-SEP-2006,02-Oct-2026
TAMBOLIIN,TAMBOLIIN.NS,Tamboli Industries Limited,BE,290.0,294.7,-1.5948422124194057,1797,5.19,0.0,20-APR-2026,02-Oct-2026
TANAA,TANAA.NS,Taneja Aerospace & Aviation Limited,EQ,324.15,338.55,-4.253433761630493,45363,149.78,48.47,17-AUG-2026,02-Oct-2026
TANKUP,TANKUP.NS,TANKUP,ST,1788.4,1753.35,1.9990304274674302,6750,120.72,96.3,,02-Oct-2026
TANLA,TANLA.NS,Tanla Platforms Limited,EQ,487.75,492.15,-0.8940363710250895,338612,1653.08,37.54,05-JAN-2007,02-Oct-2026
TARACHAND,TARACHAND.NS,Tara Chand InfraLogistic Solutions Limited,EQ,46.35,47.72,-2.870913663034362,41077,19.05,57.71,16-APR-2024,02-Oct-2026
TARAPUR,TARAPUR.NS,Tarapur Transformers Limited,EQ,12.2,12.16,0.3289473684210456,10649,1.3,64.86,18-MAY-2010,02-Oct-2026
TARC,TARC.NS,TARC Limited,EQ,125.58,125.96,-0.3016830739917398,360964,452.45,55.68,18-DEC-2020,02-Oct-2026
TARIL,TARIL.NS,Transformers And Rectifiers (India) Limited,EQ,280.8,270.1,3.9614957423176556,57280414,165527.05,5.85,28-DEC-2007,02-Oct-2026
TARMAT,TARMAT.NS,Tarmat Limited,EQ,57.23,59.4,-3.653198653198656,43187,25.54,44.38,09-JUL-2007,02-Oct-2026
TARSONS,TARSONS.NS,Tarsons Products Limited,EQ,329.4,320.3,2.8410864814236545,198052,644.31,48.72,26-NOV-2021,02-Oct-2026
TASTYBITE,TASTYBITE.NS,Tasty Bite Eatables Limited,EQ,9453.5,9487.0,-0.3531147886581638,2596,243.55,68.26,23-MAR-2017,02-Oct-2026
TATACAP,TATACAP.NS,Tata Capital Limited,EQ,319.3,327.95,-2.6375971946943064,2467983,7849.22,60.59,13-OCT-2025,02-Oct-2026
TATACHEM,TATACHEM.NS,Tata Chemicals Limited,EQ,607.8,611.45,-0.596941695968614,1216894,7419.89,34.23,01-APR-1999,02-Oct-2026
TATACOMM,TATACOMM.NS,Tata Communications Limited,EQ,1683.0,1656.2,1.6181620577224947,140782,2328.92,42.49,12-APR-1995,02-Oct-2026
TATACONSUM,TATACONSUM.NS,TATA CONSUMER PRODUCTS LIMITED,EQ,957.0,949.5,0.7898894154818324,1829307,17477.44,62.53,18-NOV-1998,02-Oct-2026
TATAELXSI,TATAELXSI.NS,Tata Elxsi Limited,EQ,3092.8,3088.9,0.12625853863835315,333513,10351.99,26.48,17-SEP-2003,02-Oct-2026
TATAGOLD,TATAGOLD.NS,TATAGOLD,EQ,14.28,14.3,-0.13986013986014928,40228009,5748.05,44.7,,02-Oct-2026
TATAINVEST,TATAINVEST.NS,Tata Investment Corporation Limited,EQ,615.05,620.05,-0.8063865817272802,283865,1735.92,42.35,24-JUN-1998,02-Oct-2026
TATAPOWER,TATAPOWER.NS,Tata Power Company Limited,EQ,350.15,359.0,-2.465181058495828,4222986,14877.94,45.26,03-APR-1996,02-Oct-2026
TATASTEEL,TATASTEEL.NS,Tata Steel Limited,EQ,178.0,184.3,-3.418339663591976,47659952,85898.74,52.38,18-NOV-1998,02-Oct-2026
TATATECH,TATATECH.NS,Tata Technologies Limited,EQ,698.8,707.5,-1.229681978798593,648223,4551.61,39.5,30-NOV-2023,02-Oct-2026
TATSILV,TATSILV.NS,TATSILV,EQ,21.2,21.3,-0.46948356807512404,46720368,9946.42,29.98,,02-Oct-2026
TATVA,TATVA.NS,Tatva Chintan Pharma Chem Limited,EQ,1743.2,1784.2,-2.2979486604640735,64302,1115.29,45.51,29-JUL-2021,02-Oct-2026
TAURIAN,TAURIAN.NS,TAURIAN,ST,588.45,593.5,-0.8508845829823006,44800,256.93,76.79,,02-Oct-2026
TBI,TBI.NS,TBI,SM,67.55,72.0,-6.180555555555559,55800,38.59,82.8,,02-Oct-2026
TBOTEK,TBOTEK.NS,TBO Tek Limited,EQ,1671.5,1685.2,-0.8129598860669383,304392,5167.3,37.04,15-MAY-2024,02-Oct-2026
TBZ,TBZ.NS,Tribhovandas Bhimji Zaveri Limited,BE,623.45,635.05,-1.8266278245807275,121799,760.82,0.0,09-MAY-2012,02-Oct-2026
TCC,TCC.NS,TCC Concept Limited,EQ,47.47,49.93,-4.926897656719409,752515,360.19,32.38,25-FEB-2026,02-Oct-2026
TCI,TCI.NS,Transport Corporation of India Limited,EQ,877.1,872.5,0.5272206303724954,48610,425.21,54.9,21-JAN-2002,02-Oct-2026
TCIEXP,TCIEXP.NS,TCI Express Limited,EQ,504.75,521.65,-3.2397201188536333,93406,471.6,28.91,15-DEC-2016,02-Oct-2026
TCIFINANCE,TCIFINANCE.NS,TCI Finance Limited,EQ,14.69,14.78,-0.6089309878213792,30489,4.51,76.2,21-MAY-1997,02-Oct-2026
TCL,TCL.NS,TCL,SM,140.15,139.7,0.3221188260558462,187200,261.82,41.45,,02-Oct-2026
TCPLPACK,TCPLPACK.NS,TCPL Packaging Limited,EQ,3927.1,4102.6,-4.277775069468153,3730,147.7,42.17,17-OCT-2017,02-Oct-2026
TCS,TCS.NS,Tata Consultancy Services Limited,EQ,2075.0,2050.6,1.1898956403004044,3428501,70999.1,54.9,25-AUG-2004,02-Oct-2026
TDPOWERSYS,TDPOWERSYS.NS,TD Power Systems Limited,EQ,792.15,786.05,0.7760320590293268,5370306,42793.1,28.49,08-SEP-2011,02-Oct-2026
TEAMGTY,TEAMGTY.NS,Team India Guaranty Limited,EQ,235.1,235.0,0.042553191489359286,205,0.48,99.51,11-JUN-2002,02-Oct-2026
TEAMLEASE,TEAMLEASE.NS,Teamlease Services Limited,EQ,1179.4,1148.6,2.681525335190683,15313,176.91,55.0,12-FEB-2016,02-Oct-2026
TEAMTECH,TEAMTECH.NS,TEAMTECH,ST,145.95,143.85,1.4598540145985364,52000,74.73,100.0,,02-Oct-2026
TECH,TECH.NS,TECH,EQ,30.92,30.53,1.277432034064856,12463,3.82,48.06,,02-Oct-2026
TECHD,TECHD.NS,TECHD,SM,531.95,543.95,-2.206085118117474,13800,74.12,67.39,,02-Oct-2026
TECHERA,TECHERA.NS,TECHERA,SM,167.45,175.65,-4.66837460859665,230400,397.63,60.42,,02-Oct-2026
TECHLABS,TECHLABS.NS,TECHLABS,SM,110.45,113.05,-2.2998673153471865,23875,26.85,84.82,,02-Oct-2026
TECHM,TECHM.NS,Tech Mahindra Limited,EQ,1533.0,1524.0,0.5905511811023622,2663224,40798.51,48.36,28-AUG-2006,02-Oct-2026
TECHNOCRAF,TECHNOCRAF.NS,Technocraft Ventures Limited,EQ,478.1,476.55,0.3252544329031605,775166,3686.99,41.98,14-AUG-2026,02-Oct-2026
TECHNOE,TECHNOE.NS,Techno Electric & Engineering Company Limited,EQ,998.6,1008.75,-1.0061957868649296,159231,1592.33,44.99,04-DEC-2018,02-Oct-2026
TECHNVISN,TECHNVISN.NS,TechNVision Ventures Limited,EQ,3763.5,3961.5,-4.998106777735707,830,31.28,86.99,20-APR-2026,02-Oct-2026
TECILCHEM,TECILCHEM.NS,TECIL Chemicals and Hydro Power Limited,EQ,9.25,9.02,2.5498891352549937,6820,0.62,81.61,06-DEC-1995,02-Oct-2026
TEGA,TEGA.NS,Tega Industries Limited,EQ,2093.4,2106.7,-0.6313191246973812,408456,8510.57,36.95,13-DEC-2021,02-Oct-2026
TEJA,TEJA.NS,TEJA,SM,213.9,218.8,-2.2394881170018306,7200,15.39,50.0,,02-Oct-2026
TEJASNET,TEJASNET.NS,Tejas Networks Limited,EQ,464.8,486.2,-4.401480872069103,1792351,8432.32,43.3,27-JUN-2017,02-Oct-2026
TEMBO,TEMBO.NS,Tembo Global Industries Limited,EQ,57.16,57.67,-0.8843419455522891,955699,546.14,58.33,23-APR-2021,02-Oct-2026
TEMPSENS,TEMPSENS.NS,Tempsens Instruments (India) Limited,EQ,505.25,526.75,-4.081632653061225,1399930,7190.07,37.33,28-AUG-2026,02-Oct-2026
TENNIND,TENNIND.NS,Tenneco Clean Air India Limited,EQ,495.4,508.25,-2.5282833251352725,707391,3499.3,56.47,19-NOV-2025,02-Oct-2026
TERASOFT,TERASOFT.NS,Tera Software Limited,EQ,207.91,207.2,0.34266409266409653,74848,152.51,62.05,29-DEC-2016,02-Oct-2026
TEXINFRA,TEXINFRA.NS,Texmaco Infrastructure & Holdings Limited,EQ,119.39,119.41,-0.016749015995306944,344580,410.26,54.44,09-SEP-2004,02-Oct-2026
TEXMOPIPES,TEXMOPIPES.NS,Texmo Pipes and Products Limited,EQ,53.7,55.08,-2.5054466230936736,93086,50.35,59.85,10-MAR-2010,02-Oct-2026
TEXRAIL,TEXRAIL.NS,Texmaco Rail & Engineering Limited,EQ,126.86,131.73,-3.6969558946329544,4419603,5639.61,35.4,03-MAR-2011,02-Oct-2026
TFCILTD,TFCILTD.NS,Tourism Finance Corporation of India Limited,EQ,138.79,141.91,-2.1985765626101084,6063974,8517.8,38.81,26-JUL-2000,02-Oct-2026
TFL,TFL.NS,Transwarranty Finance Limited,EQ,11.82,11.63,1.633705932932068,6820,0.78,56.91,26-FEB-2007,02-Oct-2026
TGBHOTELS,TGBHOTELS.NS,TGB Banquets And Hotels Limited,EQ,9.42,9.6,-1.8749999999999971,3582,0.33,51.93,17-MAY-2007,02-Oct-2026
TGL,TGL.NS,TGL,ST,13.2,13.45,-1.858736059479554,1000,0.13,100.0,,02-Oct-2026
TGVSL,TGVSL.NS,TGV Sraac Limited,EQ,116.38,121.48,-4.198221929535733,320394,376.81,44.79,17-AUG-2026,02-Oct-2026
THACKER,THACKER.NS,Thacker & Company Limited,EQ,935.0,954.3,-2.022424813999786,215,1.95,96.74,20-APR-2026,02-Oct-2026
THAKDEV,THAKDEV.NS,Thakkers Developers Limited,EQ,128.74,135.0,-4.637037037037031,154,0.21,77.27,20-APR-2026,02-Oct-2026
THANGAMAYL,THANGAMAYL.NS,Thangamayil Jewellery Limited,EQ,4861.0,5062.0,-3.9707625444488346,73885,3616.26,62.66,19-FEB-2010,02-Oct-2026
THEINVEST,THEINVEST.NS,The Investment Trust Of India Limited,EQ,90.33,93.45,-3.3386837881219953,3064,2.83,49.97,02-AUG-2017,02-Oct-2026
THEJO,THEJO.NS,Thejo Engineering Limited,EQ,2071.4,2175.4,-4.780729980693206,21919,460.03,77.44,10-OCT-2023,02-Oct-2026
THELEELA,THELEELA.NS,Leela Palaces Hotels & Resorts Limited,EQ,568.95,573.8,-0.8452422446845433,222623,1262.21,49.72,02-JUN-2025,02-Oct-2026
THEMISMED,THEMISMED.NS,Themis Medicare Limited,EQ,113.19,116.46,-2.807831014940749,69276,78.86,46.11,02-APR-2007,02-Oct-2026
THERMAX,THERMAX.NS,Thermax Limited,EQ,3360.6,3392.2,-0.9315488473556958,290287,9690.96,64.58,30-AUG-1995,02-Oct-2026
THESL,THESL.NS,THESL,ST,15.55,14.85,4.713804713804721,6000,0.93,50.0,,02-Oct-2026
THOMASCOOK,THOMASCOOK.NS,Thomas Cook  (India)  Limited,EQ,100.7,102.39,-1.650551811700359,539181,539.62,53.89,07-JUN-2000,02-Oct-2026
THOMASCOTT,THOMASCOTT.NS,Thomas Scott (India) Limited,EQ,300.2,267.35,12.287263886291365,725256,2170.38,30.31,30-JAN-2012,02-Oct-2026
THYROCARE,THYROCARE.NS,Thyrocare Technologies Limited,EQ,533.6,534.15,-0.1029673312739782,223853,1183.51,46.42,09-MAY-2016,02-Oct-2026
TI,TI.NS,Tilaknagar Industries Limited,EQ,542.55,540.65,0.3514288356607745,568428,3080.3,51.7,16-JUL-2010,02-Oct-2026
TICL,TICL.NS,Twamev Construction and Infrastructure Limited,BE,7.79,7.42,4.986522911051215,103321,8.02,0.0,16-OCT-2023,02-Oct-2026
TIGERLOGS,TIGERLOGS.NS,Tiger Logistics (India) Limited,EQ,25.69,26.25,-2.1333333333333284,90744,23.03,72.82,18-SEP-2025,02-Oct-2026
TIIL,TIIL.NS,Technocraft Industries (India) Limited,EQ,2893.8,2900.9,-0.2447516288048505,31635,909.75,42.94,12-FEB-2007,02-Oct-2026
TIINDIA,TIINDIA.NS,Tube Investments of India Limited,EQ,2340.0,2375.0,-1.4736842105263157,471021,11049.34,53.59,02-NOV-2017,02-Oct-2026
TIJARIA,TIJARIA.NS,Tijaria Polypipes Limited,BE,6.45,6.6,-2.272727272727265,18058,1.16,0.0,14-OCT-2011,02-Oct-2026
TIL,TIL.NS,TIL Limited,BE,250.05,252.69,-1.0447583996200824,100134,246.99,0.0,27-SEP-1995,02-Oct-2026
TIMESCAN,TIMESCAN.NS,TIMESCAN,SM,40.0,40.0,0.0,2000,0.8,100.0,,02-Oct-2026
TIMETECHNO,TIMETECHNO.NS,Time Technoplast Limited,EQ,179.68,182.36,-1.4696205308181656,2060984,3705.95,38.78,13-JUN-2007,02-Oct-2026
TIMEX,TIMEX.NS,Timex Group India Limited,EQ,729.5,719.55,1.3828086998818772,428304,3078.77,35.02,20-APR-2026,02-Oct-2026
TIMKEN,TIMKEN.NS,Timken India Limited,EQ,3098.8,3136.0,-1.1862244897959127,44275,1372.8,53.73,06-FEB-2007,02-Oct-2026
TINNARUBR,TINNARUBR.NS,Tinna Rubber and Infrastructure Limited,EQ,938.85,952.1,-1.3916605398592585,34386,320.89,43.45,17-APR-2025,02-Oct-2026
TIPSFILMS,TIPSFILMS.NS,Tips Films Limited,EQ,315.4,318.25,-0.8955223880597086,2857,8.99,56.98,06-OCT-2022,02-Oct-2026
TIPSMUSIC,TIPSMUSIC.NS,Tips Music Limited,EQ,644.2,657.85,-2.0749410959945243,245089,1571.95,45.43,10-NOV-2000,02-Oct-2026
TIRUMALCHM,TIRUMALCHM.NS,Thirumalai Chemicals Limited,EQ,146.26,151.39,-3.3885989827597567,463985,679.06,48.08,14-MAY-2003,02-Oct-2026
TIRUPATIFL,TIRUPATIFL.NS,Tirupati Forge Limited,BE,75.16,76.69,-1.9950449863085165,139143,105.96,0.0,04-AUG-2020,02-Oct-2026
TITAGARH,TITAGARH.NS,TITAGARH RAIL SYSTEMS LIMITED,EQ,805.1,818.15,-1.5950620301900573,373180,3002.84,32.96,21-APR-2008,02-Oct-2026
TITAN,TITAN.NS,Titan Company Limited,EQ,4515.7,4587.0,-1.5543928493568822,694098,31521.3,57.67,24-SEP-2004,02-Oct-2026
TMB,TMB.NS,Tamilnad Mercantile Bank Limited,EQ,872.05,871.3,0.08607827384368186,205835,1791.61,44.9,15-SEP-2022,02-Oct-2026
TMCV,TMCV.NS,Tata Motors Limited,EQ,415.5,421.65,-1.4585556741373125,7408903,30473.59,44.51,12-NOV-2025,02-Oct-2026
TMPV,TMPV.NS,Tata Motors Passenger Vehicles Limited,EQ,279.4,283.5,-1.4462081128747875,15258191,42312.42,50.67,22-JUL-1998,02-Oct-2026
TNIDETF,TNIDETF.NS,TNIDETF,EQ,81.5,82.98,-1.7835623041696842,126624,104.1,36.04,,02-Oct-2026
TNPETRO,TNPETRO.NS,Tamilnadu PetroProducts Limited,EQ,123.18,124.08,-0.7253384912959312,929005,1132.58,37.03,27-OCT-1999,02-Oct-2026
TNPL,TNPL.NS,Tamil Nadu Newsprint & Papers Limited,EQ,147.63,150.61,-1.978620277538024,135559,200.19,58.14,14-FEB-1996,02-Oct-2026
TNTELE,TNTELE.NS,Tamilnadu Telecommunication Limited,EQ,11.56,12.84,-9.968847352024918,37038,4.28,100.0,04-FEB-2003,02-Oct-2026
TOKYOPLAST,TOKYOPLAST.NS,Tokyo Plast International Limited,EQ,71.01,73.2,-2.9918032786885216,1264,0.91,77.93,11-OCT-1995,02-Oct-2026
TOLINS,TOLINS.NS,Tolins Tyres Limited,EQ,84.59,85.86,-1.479152108082921,47501,40.39,73.3,16-SEP-2024,02-Oct-2026
TOP100CASE,TOP100CASE.NS,TOP100CASE,EQ,9.9,9.99,-0.9009009009008995,1632004,161.68,80.24,,02-Oct-2026
TOP10ADD,TOP10ADD.NS,TOP10ADD,EQ,82.41,82.45,-0.04851425106125682,1809048,1493.77,72.13,,02-Oct-2026
TOP15IETF,TOP15IETF.NS,TOP15IETF,EQ,9.13,9.19,-0.6528835690968305,468556,42.68,74.18,,02-Oct-2026
TOP20,TOP20.NS,TOP20,EQ,8.3,8.37,-0.8363201911588831,81585,6.76,92.6,,02-Oct-2026
TORNTPHARM,TORNTPHARM.NS,Torrent Pharmaceuticals Limited,EQ,4767.3,4800.0,-0.6812499999999961,357701,17073.61,57.18,25-NOV-2002,02-Oct-2026
TORNTPOWER,TORNTPOWER.NS,Torrent Power Limited,EQ,1242.9,1245.9,-0.24078979051288227,156392,1919.45,44.37,28-NOV-2006,02-Oct-2026
TOTAL,TOTAL.NS,Total Transport Systems Limited,BE,70.24,69.54,1.0066148979004725,1179,0.82,0.0,28-AUG-2020,02-Oct-2026
TOUCHWOOD,TOUCHWOOD.NS,Touchwood Entertainment Limited,EQ,57.14,59.22,-3.5123269165822326,1063,0.61,60.21,21-JAN-2020,02-Oct-2026
TOYAMSL,TOYAMSL.NS,Toyam Sports Limited,EQ,0.69,0.72,-4.1666666666666705,408079,2.89,65.5,17-AUG-2026,02-Oct-2026
TPHQ,TPHQ.NS,Teamo Productions HQ Limited,BE,0.5,0.5,0.0,770436,3.85,0.0,30-JAN-2009,02-Oct-2026
TPLPLASTEH,TPLPLASTEH.NS,TPL Plastech Limited,EQ,68.89,71.14,-3.1627776215912284,188764,130.39,31.14,20-MAY-2015,02-Oct-2026
TRACXN,TRACXN.NS,Tracxn Technologies Limited,EQ,31.71,32.91,-3.6463081130355386,129732,41.4,66.61,20-OCT-2022,02-Oct-2026
TRANSCOR,TRANSCOR.NS,Transcorp International Limited,EQ,24.18,24.22,-0.16515276630883216,4834,1.1,82.25,17-AUG-2026,02-Oct-2026
TRANSPEK,TRANSPEK.NS,Transpek Industry Limited,BE,1349.0,1340.2,0.6566184151619127,635,8.4,0.0,20-APR-2026,02-Oct-2026
TRANSRAILL,TRANSRAILL.NS,Transrail Lighting Limited,EQ,474.9,476.4,-0.3148614609571789,1761167,8398.22,20.02,27-DEC-2024,02-Oct-2026
TRANSTEEL,TRANSTEEL.NS,TRANSTEEL,SM,79.4,80.05,-0.8119925046845616,31000,24.43,58.06,,02-Oct-2026
TRANSWORLD,TRANSWORLD.NS,TRANSWORLD SHIPPING LINES LIMITED,BE,159.0,162.0,-1.8518518518518516,1405,2.25,0.0,01-MAR-1995,02-Oct-2026
TRAVELFOOD,TRAVELFOOD.NS,Travel Food Services Limited,EQ,1208.1,1200.3,0.6498375406148426,32897,393.32,48.93,14-JUL-2025,02-Oct-2026
TREEHOUSE,TREEHOUSE.NS,Tree House Education & Accessories Limited,EQ,5.68,5.78,-1.730103806228383,9476,0.55,62.95,26-AUG-2011,02-Oct-2026
TREJHARA,TREJHARA.NS,TREJHARA SOLUTIONS LIMITED,EQ,131.66,138.84,-5.1714203399596705,29254,38.93,61.42,28-DEC-2018,02-Oct-2026
TREL,TREL.NS,Transindia Real Estate Limited,EQ,27.29,28.89,-5.53824852890274,135689,37.9,57.95,10-AUG-2023,02-Oct-2026
TRENT,TRENT.NS,Trent Limited,EQ,2580.0,2621.6,-1.5868172108635912,896919,23159.12,56.42,07-JUN-2004,02-Oct-2026
TRF,TRF.NS,TRF Limited,EQ,192.33,197.82,-2.775250227479517,7150,13.98,64.88,26-MAR-2010,02-Oct-2026
TRIDENT,TRIDENT.NS,Trident Limited,EQ,22.16,22.44,-1.2477718360071353,2837617,629.97,49.83,21-FEB-2001,02-Oct-2026
TRIGYN,TRIGYN.NS,Trigyn Technologies Limited,EQ,51.8,53.1,-2.4482109227872018,36496,19.0,70.08,09-APR-1998,02-Oct-2026
TRITONV,TRITONV.NS,Triton Valves Limited,EQ,1078.0,1083.8,-0.5351540874700088,1489,16.19,69.24,17-AUG-2026,02-Oct-2026
TRITURBINE,TRITURBINE.NS,Triveni Turbine Limited,EQ,530.0,539.4,-1.7426770485724836,473633,2520.06,70.52,28-OCT-2011,02-Oct-2026
TRIVENI,TRIVENI.NS,Triveni Engineering & Industries Limited,EQ,230.92,235.7,-2.0280016970725505,557909,1295.31,51.78,13-DEC-2005,02-Oct-2026
TROM,TROM.NS,TROM,SM,54.7,54.7,0.0,600,0.33,100.0,,02-Oct-2026
TRU,TRU.NS,TruCap Finance Limited,EQ,4.22,4.1,2.926829268292686,61921,2.6,68.76,20-JUN-2023,02-Oct-2026
TRUALT,TRUALT.NS,TruAlt Bioenergy Limited,EQ,444.3,468.65,-5.195775098687713,290950,1303.64,48.9,03-OCT-2025,02-Oct-2026
TRUST,TRUST.NS,TRUST,SM,27.1,26.95,0.5565862708719931,19200,5.19,84.38,,02-Oct-2026
TSC,TSC.NS,TSC,ST,50.25,50.95,-1.373895976447503,2000,1.01,100.0,,02-Oct-2026
TSFINV,TSFINV.NS,TSF INVESTMENTS LIMITED,EQ,409.15,417.15,-1.917775380558552,111572,457.57,62.71,26-MAR-2018,02-Oct-2026
TTKHLTCARE,TTKHLTCARE.NS,TTK Healthcare Limited,EQ,1013.0,1023.0,-0.9775171065493646,10794,108.51,56.61,02-DEC-2015,02-Oct-2026
TTKPRESTIG,TTKPRESTIG.NS,TTK Prestige Limited,EQ,506.4,515.85,-1.8319278860133847,63610,321.62,50.81,22-DEC-1999,02-Oct-2026
TTL,TTL.NS,T T Limited,EQ,7.85,8.07,-2.7261462205700204,236186,18.6,66.46,22-FEB-2007,02-Oct-2026
TTML,TTML.NS,Tata Teleservices (Maharashtra) Limited,EQ,34.82,34.3,1.5160349854227497,8582189,2982.54,12.63,20-OCT-2000,02-Oct-2026
TUNWAL,TUNWAL.NS,TUNWAL,SM,25.9,25.9,0.0,78000,20.1,71.79,,02-Oct-2026
TURTLEMINT,TURTLEMINT.NS,Turtlemint Fintech Solutions Limited,EQ,69.79,76.44,-8.699633699633688,2761679,1976.57,38.53,29-JUN-2026,02-Oct-2026
TUTIALKA,TUTIALKA.NS,Tuticorin Alkali Chemicals & Fertilizers Limited,EQ,53.98,54.4,-0.7720588235294149,4106,2.21,82.83,17-AUG-2026,02-Oct-2026
TVSELECT,TVSELECT.NS,TVS Electronics Limited,EQ,397.4,416.15,-4.5055869277904605,222377,889.65,29.27,26-DEC-2003,02-Oct-2026
TVSHLTD,TVSHLTD.NS,TVS Holdings Limited,EQ,11886.0,12107.0,-1.8253902700916824,21777,2583.53,57.1,23-OCT-2012,02-Oct-2026
TVSMOTOR,TVSMOTOR.NS,TVS Motor Company Limited,EQ,4021.0,4106.0,-2.0701412566975157,1234692,49397.34,48.98,02-AUG-2000,02-Oct-2026
TVSSCS,TVSSCS.NS,TVS Supply Chain Solutions Limited,EQ,128.42,130.57,-1.6466263307038413,767101,981.04,55.7,23-AUG-2023,02-Oct-2026
TVSSRICHAK,TVSSRICHAK.NS,TVS Srichakra Limited,EQ,4349.3,4437.5,-1.987605633802813,5576,241.9,45.79,13-FEB-2007,02-Oct-2026
TVTODAY,TVTODAY.NS,TV Today Network Limited,EQ,101.65,104.19,-2.437853920721751,76841,77.9,66.69,16-JAN-2004,02-Oct-2026
TVVISION,TVVISION.NS,TV Vision Limited,BE,2.55,2.68,-4.850746268656729,112735,2.92,0.0,15-SEP-2016,02-Oct-2026
TWCGOLDETF,TWCGOLDETF.NS,TWCGOLDETF,EQ,146.46,146.78,-0.21801335331788607,28005,41.18,98.87,,02-Oct-2026
UBL,UBL.NS,United Breweries Limited,EQ,1188.8,1158.1,2.6508937052068084,143713,1673.48,46.31,28-JUL-2008,02-Oct-2026
UCAL,UCAL.NS,UCAL LIMITED,BE,140.4,140.15,0.17838030681412773,20204,28.19,0.0,13-SEP-1995,02-Oct-2026
UCOBANK,UCOBANK.NS,UCO Bank,EQ,22.93,23.28,-1.5034364261168447,3788182,874.19,41.21,09-OCT-2003,02-Oct-2026
UDAYJEW,UDAYJEW.NS,Uday Jewellery Industries Limited,EQ,159.06,166.94,-4.720258775608,25228,40.8,49.96,25-SEP-2026,02-Oct-2026
UDS,UDS.NS,Updater Services Limited,EQ,208.55,208.57,-0.009589106774695216,160461,332.23,60.36,04-OCT-2023,02-Oct-2026
UEL,UEL.NS,Ujaas Energy Limited,EQ,183.67,184.92,-0.6759679861561757,19845,35.48,54.13,16-APR-2024,02-Oct-2026
UFBL,UFBL.NS,United Foodbrands Limited,BE,692.75,678.8,2.0550972304066066,29335,203.08,0.0,07-APR-2021,02-Oct-2026
UFLEX,UFLEX.NS,UFLEX Limited,EQ,649.85,657.85,-1.2160826936231663,150979,982.71,47.48,23-AUG-1995,02-Oct-2026
UFO,UFO.NS,UFO Moviez India Limited,EQ,56.49,58.12,-2.8045423262216027,34623,19.91,66.52,14-MAY-2015,02-Oct-2026
UGARSUGAR,UGARSUGAR.NS,The Ugar Sugar Works Limited,BE,56.04,57.26,-2.1306322039818353,161635,89.93,0.0,23-AUG-2010,02-Oct-2026
UGROCAP,UGROCAP.NS,Ugro Capital Limited,EQ,82.35,83.68,-1.5893881453155023,149035,122.59,52.02,11-AUG-2021,02-Oct-2026
UHTL,UHTL.NS,UHTL,ST,192.1,196.0,-1.98979591836735,22000,42.26,100.0,,02-Oct-2026
UJJIVANSFB,UJJIVANSFB.NS,Ujjivan Small Finance Bank Limited,EQ,65.6,67.5,-2.8148148148148233,9369954,6189.84,42.6,12-DEC-2019,02-Oct-2026
ULTRACEMCO,ULTRACEMCO.NS,UltraTech Cement Limited,EQ,10710.0,10956.0,-2.245345016429354,570684,61116.98,57.14,24-AUG-2004,02-Oct-2026
ULTRAMAR,ULTRAMAR.NS,Ultramarine & Pigments Limited,EQ,406.15,409.4,-0.7938446507083536,298654,1214.33,66.08,20-APR-2026,02-Oct-2026
UMA,UMA.NS,UMA,SM,17.8,17.85,-0.2801120448179311,4000,0.71,100.0,,02-Oct-2026
UMAEXPORTS,UMAEXPORTS.NS,Uma Exports Limited,BE,22.05,21.62,1.9888991674375565,49382,10.89,0.0,07-APR-2022,02-Oct-2026
UMESLTD,UMESLTD.NS,Usha Martin Education & Solutions Limited,EQ,4.57,4.49,1.7817371937639215,6153,0.28,85.62,12-JUL-2010,02-Oct-2026
UMIYA-MRO,UMIYA-MRO.NS,UMIYA BUILDCON LIMITED,EQ,91.76,93.16,-1.502790897380841,20020,18.51,59.96,01-NOV-2000,02-Oct-2026
UNICHEMLAB,UNICHEMLAB.NS,Unichem Laboratories Limited,EQ,535.05,545.5,-1.9156736938588534,102131,548.2,36.63,07-FEB-2001,02-Oct-2026
UNIDT,UNIDT.NS,United Drilling Tools Limited,EQ,239.65,222.06,7.921282536251464,130454,306.19,58.86,25-SEP-2020,02-Oct-2026
UNIECOM,UNIECOM.NS,Unicommerce Esolutions Limited,EQ,82.58,83.9,-1.573301549463656,204430,168.86,48.71,13-AUG-2024,02-Oct-2026
UNIENTER,UNIENTER.NS,Uniphos Enterprises Limited,EQ,87.02,88.75,-1.9492957746478918,9036,7.92,89.82,23-JAN-2004,02-Oct-2026
UNIHEALTH,UNIHEALTH.NS,UNIHEALTH,SM,581.2,600.45,-3.205928886668332,53000,303.64,70.75,,02-Oct-2026
UNIINFO,UNIINFO.NS,Uniinfo Telecom Services Limited,EQ,10.85,10.94,-0.8226691042047519,4175,0.46,75.33,12-JAN-2022,02-Oct-2026
UNILEX,UNILEX.NS,UNILEX,SM,29.3,31.45,-6.836248012718596,1600,0.47,100.0,,02-Oct-2026
UNIMECH,UNIMECH.NS,Unimech Aerospace and Manufacturing Limited,EQ,1773.0,1724.0,2.842227378190255,403902,7040.59,45.45,31-DEC-2024,02-Oct-2026
UNIONBANK,UNIONBANK.NS,Union Bank of India,EQ,167.59,171.0,-1.9941520467836236,7875995,13280.88,45.17,24-SEP-2002,02-Oct-2026
UNIONGOLD,UNIONGOLD.NS,UNIONGOLD,EQ,143.9,144.5,-0.4152249134948057,1400,2.01,64.07,,02-Oct-2026
UNIPARTS,UNIPARTS.NS,Uniparts India Limited,EQ,819.3,836.0,-1.9976076555023976,141001,1151.57,52.58,12-DEC-2022,02-Oct-2026
UNITDSPR,UNITDSPR.NS,United Spirits Limited,EQ,1335.1,1354.0,-1.3958641063515578,1003620,13372.19,59.91,27-SEP-2001,02-Oct-2026
UNITECH,UNITECH.NS,Unitech Limited,EQ,3.93,3.96,-0.7575757575757527,3179973,124.53,53.56,08-SEP-1999,02-Oct-2026
UNITEDPOLY,UNITEDPOLY.NS,United Polyfab Gujarat Limited,EQ,47.05,47.47,-0.884769327996633,98775,46.71,64.3,31-DEC-2021,02-Oct-2026
UNITEDTEA,UNITEDTEA.NS,The United Nilgiri Tea Estates Company Limited,EQ,416.95,427.9,-2.5590091142790348,10435,43.65,96.1,28-JAN-2015,02-Oct-2026
UNIVASTU,UNIVASTU.NS,Univastu India Limited,BE,134.25,132.96,0.970216606498189,65638,88.11,0.0,22-JUN-2020,02-Oct-2026
UNIVCABLES,UNIVCABLES.NS,Universal Cables Limited,EQ,1451.3,1443.0,0.575190575190572,81588,1167.41,52.04,17-MAY-1995,02-Oct-2026
UNIVPHOTO,UNIVPHOTO.NS,Universus Photo Imagings Limited,BE,490.0,512.75,-4.436860068259386,483,2.37,0.0,14-FEB-2020,02-Oct-2026
UNOMINDA,UNOMINDA.NS,UNO Minda Limited,EQ,1111.0,1170.0,-5.042735042735043,788650,8859.32,47.26,02-FEB-2007,02-Oct-2026
UPHOT,UPHOT.NS,U P Hotels Limited,EQ,1530.0,1530.0,0.0,26,0.4,100.0,17-AUG-2026,02-Oct-2026
UPL,UPL.NS,UPL Limited,EQ,516.8,539.75,-4.251968503937016,2466891,12867.84,60.28,23-JAN-2004,02-Oct-2026
URAVIDEF,URAVIDEF.NS,Uravi Defence and Technology Limited,BE,103.0,105.05,-1.9514516896715821,423,0.44,0.0,05-JUL-2023,02-Oct-2026
URBAN,URBAN.NS,URBAN,SM,118.15,124.0,-4.7177419354838666,8000,9.44,80.0,,02-Oct-2026
URBANCO,URBANCO.NS,Urban Company Limited,EQ,156.34,157.48,-0.723901447802887,3669838,5702.72,38.01,17-SEP-2025,02-Oct-2026
URJA,URJA.NS,Urja Global Limited,EQ,8.61,8.77,-1.824401368301028,520756,44.88,66.82,28-MAR-2017,02-Oct-2026
USASEEDS,USASEEDS.NS,USASEEDS,SM,88.95,89.0,-0.05617977528089568,856,0.74,50.0,,02-Oct-2026
USHAFIN,USHAFIN.NS,USHAFIN,ST,46.7,48.45,-3.611971104231166,12800,5.96,100.0,,02-Oct-2026
USHAMART,USHAMART.NS,Usha Martin Limited,EQ,491.7,498.65,-1.393763160533438,431464,2113.02,47.65,11-OCT-2000,02-Oct-2026
USK,USK.NS,Udayshivakumar Infra Limited,EQ,18.39,19.14,-3.9184952978056424,51053,9.36,65.39,03-APR-2023,02-Oct-2026
UTIAMC,UTIAMC.NS,UTI Asset Management Company Limited,EQ,883.7,882.4,0.14732547597462242,65757,578.85,48.33,12-OCT-2020,02-Oct-2026
UTKAL,UTKAL.NS,UTKAL,ST,48.0,47.5,1.0526315789473684,2000,0.96,100.0,,02-Oct-2026
UTKARSHBNK,UTKARSHBNK.NS,Utkarsh Small Finance Bank Limited,EQ,13.43,13.76,-2.398255813953489,3995033,537.86,49.18,21-JUL-2023,02-Oct-2026
UTLSOLAR,UTLSOLAR.NS,Fujiyama Power Systems Limited,EQ,401.65,398.45,0.8031120592295115,236989,937.73,47.34,20-NOV-2025,02-Oct-2026
UTSSAV,UTSSAV.NS,UTSSAV,SM,766.8,750.2,2.212743268461731,95400,732.78,55.97,,02-Oct-2026
UTTAMSUGAR,UTTAMSUGAR.NS,Uttam Sugar Mills Limited,EQ,276.1,288.4,-4.264909847434104,186895,520.26,46.5,10-APR-2006,02-Oct-2026
UYFINCORP,UYFINCORP.NS,U. Y. Fincorp Limited,BE,22.86,21.8,4.862385321100912,414760,94.07,0.0,03-OCT-2024,02-Oct-2026
V2RETAIL,V2RETAIL.NS,V2 Retail Limited,EQ,201.39,208.74,-3.5211267605633907,1693991,3422.94,59.38,04-JUL-2007,02-Oct-2026
VADILALIND,VADILALIND.NS,Vadilal Industries Limited,EQ,7187.0,7253.0,-0.9099682889838687,6060,434.61,46.37,15-JUN-2011,02-Oct-2026
VADILENT,VADILENT.NS,Vadilal Enterprises Limited,EQ,9910.0,10151.0,-2.374150330016747,86,8.6,100.0,17-AUG-2026,02-Oct-2026
VAIBHAVGBL,VAIBHAVGBL.NS,Vaibhav Global Limited,EQ,203.53,204.32,-0.3866483946750157,254791,513.37,43.96,05-APR-2004,02-Oct-2026
VAISHALI,VAISHALI.NS,Vaishali Pharma Limited,EQ,8.38,8.35,0.3592814371257621,226659,19.05,80.74,15-JAN-2020,02-Oct-2026
VAKRANGEE,VAKRANGEE.NS,Vakrangee Limited,EQ,5.12,5.14,-0.3891050583657505,839936,42.86,51.06,03-APR-2006,02-Oct-2026
VAL30IETF,VAL30IETF.NS,VAL30IETF,EQ,14.3,14.48,-1.2430939226519317,480358,68.28,51.09,,02-Oct-2026
VALIANTLAB,VALIANTLAB.NS,Valiant Laboratories Limited,BE,125.08,126.23,-0.9110354115503492,163055,199.95,0.0,06-OCT-2023,02-Oct-2026
VALIANTORG,VALIANTORG.NS,Valiant Organics Limited,EQ,477.15,455.1,4.845088991430445,551682,2567.28,33.25,23-JUL-2021,02-Oct-2026
VALUE,VALUE.NS,VALUE,EQ,15.14,15.33,-1.2393998695368527,35200,5.33,98.7,,02-Oct-2026
VALUE360,VALUE360.NS,VALUE360,SM,54.85,55.8,-1.7025089605734691,13200,6.99,63.64,,02-Oct-2026
VALUEAXIS,VALUEAXIS.NS,VALUEAXIS,EQ,30.91,31.36,-1.4349489795918344,162292,50.11,65.89,,02-Oct-2026
VAML,VAML.NS,Vedanta Aluminium Metal Limited,EQ,402.75,412.9,-2.4582223298619468,6985636,28350.03,48.3,15-JUN-2026,02-Oct-2026
VARDHACRLC,VARDHACRLC.NS,Vardhman Acrylics Limited,BE,44.34,43.64,1.6040329972502356,61608,27.46,0.0,30-SEP-2003,02-Oct-2026
VARDMNPOLY,VARDMNPOLY.NS,Vardhman Polytex Limited,EQ,5.7,5.8,-1.7241379310344769,135098,7.77,90.89,12-MAY-2003,02-Oct-2026
VARMORA,VARMORA.NS,Varmora Granito Limited,EQ,134.3,139.65,-3.83100608664518,3139608,4309.04,30.58,29-SEP-2026,02-Oct-2026
VARROC,VARROC.NS,Varroc Engineering Limited,EQ,830.6,862.95,-3.74876875832899,261699,2181.45,41.58,06-JUL-2018,02-Oct-2026
VASCONEQ,VASCONEQ.NS,Vascon Engineers Limited,EQ,32.58,33.67,-3.2373032373032475,712339,232.68,56.01,15-FEB-2010,02-Oct-2026
VASUPRADA,VASUPRADA.NS,Shri Vasuprada Plantations Limited,EQ,95.52,95.0,0.5473684210526274,4200,4.17,100.0,17-AUG-2026,02-Oct-2026
VASWANI,VASWANI.NS,Vaswani Industries Limited,EQ,44.36,44.57,-0.47116894772268536,2864,1.27,71.16,20-SEP-2011,02-Oct-2026
VBL,VBL.NS,Varun Beverages Limited,EQ,425.3,432.0,-1.5509259259259234,8516414,35995.91,55.87,08-NOV-2016,02-Oct-2026
VCL,VCL.NS,Vaxtex Cotfab Limited,BE,1.37,1.31,4.580152671755729,598905,8.06,0.0,19-APR-2022,02-Oct-2026
VDEAL,VDEAL.NS,VDEAL,SM,110.5,108.5,1.8433179723502304,3000,3.38,80.0,,02-Oct-2026
VEDAVAAG,VEDAVAAG.NS,VEDAVAAG Systems Limited,EQ,22.16,22.24,-0.35971223021581966,46023,10.06,77.25,17-AUG-2026,02-Oct-2026
VEDL,VEDL.NS,Vedanta Limited,EQ,252.05,259.0,-2.683397683397679,10131800,25484.77,51.7,13-MAY-1998,02-Oct-2026
VEDPOWER,VEDPOWER.NS,Vedanta Power Limited,EQ,32.77,32.84,-0.2131546894031677,18705111,6074.53,51.32,15-JUN-2026,02-Oct-2026
VEEDOL,VEEDOL.NS,Veedol Corporation Limited,EQ,1356.6,1373.3,-1.216048933226538,9354,126.55,59.4,16-JAN-2007,02-Oct-2026
VEEGALAND,VEEGALAND.NS,Veegaland Developers Limited,BE,141.79,142.41,-0.4353626852046939,121565,172.45,0.0,18-SEP-2026,02-Oct-2026
VEEKAYEM,VEEKAYEM.NS,VEEKAYEM,SM,104.0,105.2,-1.1406844106463905,11000,11.45,50.0,,02-Oct-2026
VELJAN,VELJAN.NS,Veljan Denison Limited,BE,2296.1,2186.8,4.998170843241253,2631,60.34,0.0,20-APR-2026,02-Oct-2026
VENKEYS,VENKEYS.NS,Venky's (India) Limited,EQ,1613.0,1588.1,1.5679113405956864,57612,914.14,45.07,28-JUL-2003,02-Oct-2026
VENTIVE,VENTIVE.NS,Ventive Hospitality Limited,EQ,552.2,558.4,-1.1103151862464062,26555,147.04,49.26,30-DEC-2024,02-Oct-2026
VENUSPIPES,VENUSPIPES.NS,Venus Pipes & Tubes Limited,EQ,2204.9,2147.1,2.692003167062558,161732,3535.61,27.95,24-MAY-2022,02-Oct-2026
VENUSREM,VENUSREM.NS,Venus Remedies Limited,EQ,1796.7,1796.1,0.03340571237682403,116523,2119.67,56.09,20-DEC-2006,02-Oct-2026
VERANDA,VERANDA.NS,Veranda Learning Solutions Limited,EQ,213.8,220.75,-3.148357870894672,522323,1144.87,51.49,11-APR-2022,02-Oct-2026
VERITAAS,VERITAAS.NS,VERITAAS,SM,31.6,30.85,2.4311183144246353,7200,2.29,100.0,,02-Oct-2026
VERTOZ,VERTOZ.NS,Vertoz Limited,EQ,35.66,35.59,0.19668446192748854,20836,7.32,79.0,14-MAY-2020,02-Oct-2026
VESUVIUS,VESUVIUS.NS,Vesuvius India Limited,EQ,404.1,424.2,-4.738330975954731,306434,1259.62,27.99,04-OCT-2002,02-Oct-2026
VETO,VETO.NS,Veto Switchgears And Cables Limited,EQ,136.79,142.72,-4.154988789237673,94273,130.09,55.82,29-APR-2015,02-Oct-2026
VGCL,VGCL.NS,Vibrant Global Capital Limited,EQ,47.89,48.66,-1.5824085491163091,1904,0.91,94.49,17-AUG-2026,02-Oct-2026
VGINFOTECH,VGINFOTECH.NS,VGINFOTECH,SM,139.0,138.75,0.18018018018018017,13000,17.94,69.23,,02-Oct-2026
VGL,VGL.NS,VARVEE GLOBAL LIMITED,EQ,63.11,64.05,-1.467603434816546,65923,42.34,80.38,21-NOV-2006,02-Oct-2026
VGUARD,VGUARD.NS,V-Guard Industries Limited,EQ,294.55,296.45,-0.6409175240343995,359135,1056.92,56.05,13-MAR-2008,02-Oct-2026
VHL,VHL.NS,Vardhman Holdings Limited,EQ,3435.3,3400.8,1.0144671841919548,1027,34.9,80.72,30-JUN-2005,02-Oct-2026
VHLTD,VHLTD.NS,Viceroy Hotels Limited,BE,127.7,129.66,-1.5116458429739272,16427,21.3,0.0,03-APR-2024,02-Oct-2026
VIAZ,VIAZ.NS,VIAZ,SM,84.0,83.35,0.7798440311937681,24000,20.0,58.33,,02-Oct-2026
VICTORYEV,VICTORYEV.NS,VICTORYEV,SM,13.5,14.35,-5.923344947735189,18000,2.41,66.67,,02-Oct-2026
VIDHIING,VIDHIING.NS,Vidhi Specialty Food Ingredients Limited,EQ,350.25,357.6,-2.055369127516785,25543,89.52,80.99,02-MAR-2016,02-Oct-2026
VIDYAWIRES,VIDYAWIRES.NS,Vidya Wires Limited,EQ,90.97,94.41,-3.6436818133672255,1066713,971.11,59.79,10-DEC-2025,02-Oct-2026
VIESL,VIESL.NS,VIESL,SM,365.0,365.0,0.0,3200,11.65,75.0,,02-Oct-2026
VIGOR,VIGOR.NS,VIGOR,SM,80.0,85.8,-6.759906759906757,64000,50.64,55.0,,02-Oct-2026
VIJAYA,VIJAYA.NS,Vijaya Diagnostic Centre Limited,EQ,1428.0,1437.7,-0.6746887389580611,188777,2682.02,58.09,14-SEP-2021,02-Oct-2026
VIJAYPD,VIJAYPD.NS,VIJAYPD,SM,80.05,79.2,1.073232323232316,158000,126.69,92.41,,02-Oct-2026
VIJIFIN,VIJIFIN.NS,Viji Finance Limited,BE,15.16,15.46,-1.940491591203109,22956,3.48,0.0,11-JUL-2016,02-Oct-2026
VIJSOLX,VIJSOLX.NS,Vijay Solvex Limited,EQ,623.3,625.1,-0.28795392737163145,1064,6.81,91.64,17-AUG-2026,02-Oct-2026
VIKASECO,VIKASECO.NS,Vikas EcoTech Limited,EQ,1.01,1.03,-1.9417475728155356,1556275,15.91,65.08,12-DEC-2011,02-Oct-2026
VIKASLIFE,VIKASLIFE.NS,Vikas Lifecare Limited,EQ,1.2,1.21,-0.8264462809917362,2801015,33.6,51.59,08-MAY-2019,02-Oct-2026
VIKRAMSOLR,VIKRAMSOLR.NS,Vikram Solar Limited,EQ,154.35,160.01,-3.537278920067494,2528456,3923.96,39.65,26-AUG-2025,02-Oct-2026
VIKRAN,VIKRAN.NS,Vikran Engineering Limited,EQ,58.27,59.71,-2.4116563389716927,860999,501.87,40.4,03-SEP-2025,02-Oct-2026
VILAS,VILAS.NS,VILAS,SM,398.75,399.4,-0.16274411617425572,47750,188.52,71.73,,02-Oct-2026
VIMTALABS,VIMTALABS.NS,Vimta Labs Limited,EQ,584.35,600.3,-2.657004830917863,118361,692.38,41.27,15-DEC-2005,02-Oct-2026
VINATIORGA,VINATIORGA.NS,Vinati Organics Limited,EQ,1208.1,1168.3,3.4066592484806946,60315,708.48,51.84,28-JUL-2009,02-Oct-2026
VINCOFE,VINCOFE.NS,Vintage Coffee And Beverages Limited,EQ,178.95,179.96,-0.5612358301844962,1031758,1838.05,45.66,18-OCT-2024,02-Oct-2026
VINDHYATEL,VINDHYATEL.NS,Vindhya Telelinks Limited,EQ,2617.0,2662.9,-1.723684704645315,30792,804.14,49.83,08-FEB-1995,02-Oct-2026
VINEETLAB,VINEETLAB.NS,Vineet Laboratories Limited,EQ,35.91,37.16,-3.3638320775026918,50068,18.15,73.42,15-JUN-2021,02-Oct-2026
VINNY,VINNY.NS,Vinny Overseas Limited,EQ,0.9,0.89,1.1235955056179785,135375,1.23,65.21,28-NOV-2022,02-Oct-2026
VINOD,VINOD.NS,VINOD,SM,50.85,56.5,-9.999999999999998,6000,3.05,100.0,,02-Oct-2026
VINSYS,VINSYS.NS,VINSYS,ST,579.5,589.0,-1.6129032258064515,1750,10.13,100.0,,02-Oct-2026
VINYAS,VINYAS.NS,VINYAS,SM,1375.15,1455.95,-5.5496411277859785,26500,361.05,73.58,,02-Oct-2026
VINYLINDIA,VINYLINDIA.NS,Vinyl Chemicals (India) Limited,EQ,214.23,219.03,-2.19148061909328,3116,6.71,85.69,21-JUL-2008,02-Oct-2026
VIPCLOTHNG,VIPCLOTHNG.NS,VIP Clothing Limited,EQ,20.11,20.51,-1.950268161872268,34037,6.85,81.94,06-AUG-2007,02-Oct-2026
VIPIND,VIPIND.NS,VIP Industries Limited,EQ,280.75,290.95,-3.5057570029214604,382593,1079.81,52.05,02-MAR-2005,02-Oct-2026
VIPULLTD,VIPULLTD.NS,Vipul Limited,BE,10.59,11.0,-3.7272727272727284,86714,9.22,0.0,23-APR-2015,02-Oct-2026
VIRAT,VIRAT.NS,Virat Industries Limited,EQ,335.8,339.2,-1.002358490566031,9885,32.88,69.88,17-AUG-2026,02-Oct-2026
VIRINCHI,VIRINCHI.NS,Virinchi Limited,EQ,13.29,13.47,-1.3363028953229508,44029,5.81,81.21,03-MAY-2023,02-Oct-2026
VIRTUALG,VIRTUALG.NS,Virtual Global Education Limited,BE,0.44,0.44,0.0,155914,0.69,0.0,17-AUG-2026,02-Oct-2026
VISACHROME,VISACHROME.NS,VISA Chrome Limited,EQ,35.91,36.77,-2.338863203698685,87413,33.11,72.82,17-MAR-2006,02-Oct-2026
VISAKAIND,VISAKAIND.NS,Visaka Industries Limited,BE,83.58,83.58,0.0,112131,92.89,0.0,28-AUG-1996,02-Oct-2026
VISAMAN,VISAMAN.NS,VISAMAN,SM,27.2,28.6,-4.895104895104902,4000,1.09,100.0,,02-Oct-2026
VISDEM,VISDEM.NS,VISDEM,SM,91.0,92.7,-1.8338727076591184,13200,12.0,81.82,,02-Oct-2026
VISHAL,VISHAL.NS,Vishal Fabrics Limited,EQ,17.38,17.66,-1.585503963759916,47525,8.31,86.18,17-AUG-2026,02-Oct-2026
VISHNU,VISHNU.NS,Vishnu Chemicals Limited,EQ,658.25,664.5,-0.9405568096313018,95244,625.4,44.35,05-MAR-2015,02-Oct-2026
VISHNUINFR,VISHNUINFR.NS,VISHNUINFR,SM,148.7,147.6,0.7452574525745219,5000,7.4,80.0,,02-Oct-2026
VISHWARAJ,VISHWARAJ.NS,Vishwaraj Sugar Industries Limited,EQ,5.18,5.26,-1.5209125475285186,156177,8.09,62.81,15-OCT-2019,02-Oct-2026
VISHWAS,VISHWAS.NS,VISHWAS,SM,44.45,42.4,4.834905660377369,8000,3.49,100.0,,02-Oct-2026
VISL,VISL.NS,Vedanta Iron and Steel Limited,EQ,31.17,32.3,-3.4984520123838876,23116178,7222.9,53.37,15-JUN-2026,02-Oct-2026
VITAL,VITAL.NS,Vital Chemtech Limited,EQ,53.46,53.9,-0.8163265306122406,1975,1.02,100.0,11-MAR-2026,02-Oct-2026
VIVIANA,VIVIANA.NS,Viviana Power Tech Limited,EQ,774.5,704.35,9.959537161922336,140440,1055.14,37.54,02-JUN-2026,02-Oct-2026
VIVIDEL,VIVIDEL.NS,VIVIDEL,SM,1747.65,1731.0,0.9618717504332809,30720,530.0,78.91,,02-Oct-2026
VIVIDHA,VIVIDHA.NS,Visagar Polytex Limited,EQ,0.5,0.51,-1.960784313725492,606973,3.13,42.12,21-MAY-2013,02-Oct-2026
VIVIMEDLAB,VIVIMEDLAB.NS,Vivimed Labs Limited,BE,5.71,5.44,4.963235294117639,23364,1.33,0.0,17-AUG-2005,02-Oct-2026
VIVOBIOT,VIVOBIOT.NS,Vivo Bio Tech Limited,EQ,17.13,17.06,0.41031652989449174,18186,3.13,79.55,17-AUG-2026,02-Oct-2026
VIYASH,VIYASH.NS,Viyash Scientific Limited,EQ,231.75,235.8,-1.7175572519084015,3532864,8146.54,60.93,10-MAR-2016,02-Oct-2026
VLEGOV,VLEGOV.NS,VL E-Governance & IT Solutions Limited,EQ,9.6,9.99,-3.9039039039039096,101558,9.87,75.54,14-AUG-2023,02-Oct-2026
VLINFRA,VLINFRA.NS,VLINFRA,SM,24.9,24.0,3.7499999999999942,1500,0.37,100.0,,02-Oct-2026
VLSFINANCE,VLSFINANCE.NS,VLS Finance Limited,EQ,230.87,234.09,-1.3755393224828054,8899,20.8,65.14,25-MAY-1995,02-Oct-2026
VMARCIND,VMARCIND.NS,VMARCIND,SM,325.0,334.8,-2.927120669056156,136500,442.84,54.95,,02-Oct-2026
VMART,VMART.NS,V-Mart Retail Limited,EQ,746.1,753.7,-1.0083587634337299,47930,359.27,45.42,20-FEB-2013,02-Oct-2026
VMM,VMM.NS,Vishal Mega Mart Limited,EQ,99.5,101.0,-1.4851485148514851,11791052,11731.35,58.63,18-DEC-2024,02-Oct-2026
VMOBILE,VMOBILE.NS,VMOBILE,SM,56.05,59.0,-5.000000000000005,5600,3.2,100.0,,02-Oct-2026
VMSTMT,VMSTMT.NS,VMS TMT Limited,EQ,46.65,49.12,-5.028501628664493,162379,79.21,48.67,24-SEP-2025,02-Oct-2026
VOEPL,VOEPL.NS,Virtuoso Optoelectronics Limited,EQ,493.0,493.15,-0.0304167089120911,39897,196.04,54.98,01-JUL-2026,02-Oct-2026
VOGL,VOGL.NS,Vedanta Oil and Gas Limited,EQ,31.98,33.11,-3.4128662035638753,26250953,8398.35,51.72,15-JUN-2026,02-Oct-2026
VOITHPAPR,VOITHPAPR.NS,Voith Paper Fabrics India Limited,EQ,1407.3,1449.9,-2.938133664390657,226,3.2,84.51,17-AUG-2026,02-Oct-2026
VOLERCAR,VOLERCAR.NS,VOLERCAR,SM,216.3,218.05,-0.8025682182985553,6400,13.96,62.5,,02-Oct-2026
VOLTAMP,VOLTAMP.NS,Voltamp Transformers Limited,EQ,10426.0,10500.0,-0.7047619047619047,16047,1667.05,43.57,20-SEP-2006,02-Oct-2026
VOLTAS,VOLTAS.NS,Voltas Limited,EQ,1053.2,1070.0,-1.5700934579439207,638996,6739.35,39.25,12-APR-1995,02-Oct-2026
VPRPL,VPRPL.NS,Vishnu Prakash R Punglia Limited,EQ,28.39,29.62,-4.152599594868334,507617,144.91,55.57,05-SEP-2023,02-Oct-2026
VRAJ,VRAJ.NS,Vraj Iron and Steel Limited,EQ,121.76,123.85,-1.6875252321356393,23186,28.28,70.85,03-JUL-2024,02-Oct-2026
VRLLOG,VRLLOG.NS,VRL Logistics Limited,EQ,285.05,287.15,-0.7313250914156246,147978,422.41,58.66,30-APR-2015,02-Oct-2026
VSCL,VSCL.NS,VSCL,SM,20.4,19.5,4.615384615384608,6000,1.23,100.0,,02-Oct-2026
VSSL,VSSL.NS,Vardhman Special Steels Limited,EQ,383.3,401.05,-4.425882059593567,164787,633.13,51.21,17-MAY-2012,02-Oct-2026
VSTIND,VSTIND.NS,VST Industries Limited,EQ,201.14,203.16,-0.99429021460918,142755,287.04,60.05,05-SEP-2003,02-Oct-2026
VSTL,VSTL.NS,Vibhor Steel Tubes Limited,EQ,108.85,112.09,-2.8905343920064315,8447,9.22,79.71,20-FEB-2024,02-Oct-2026
VSTTILLERS,VSTTILLERS.NS,V.S.T Tillers Tractors Limited,EQ,4339.8,4390.0,-1.143507972665144,47446,2116.39,18.49,20-JUN-2011,02-Oct-2026
VTL,VTL.NS,Vardhman Textiles Limited,EQ,529.25,534.6,-1.0007482229704494,260173,1368.0,49.24,14-JAN-2003,02-Oct-2026
VTMLTD,VTMLTD.NS,VTM Limited,EQ,38.15,38.88,-1.8775720164609155,102484,38.72,44.24,23-SEP-2026,02-Oct-2026
WAAREEENER,WAAREEENER.NS,Waaree Energies Limited,EQ,2340.0,2374.4,-1.4487870619946128,841593,19702.59,41.1,28-OCT-2024,02-Oct-2026
WAAREEINDO,WAAREEINDO.NS,Indosolar Limited,EQ,203.39,209.95,-3.124553465110742,240812,491.15,51.26,29-SEP-2010,02-Oct-2026
WAAREERTL,WAAREERTL.NS,Waaree Renewable Technologies Limited,EQ,808.8,819.95,-1.3598390145740704,129374,1045.41,50.29,09-APR-2025,02-Oct-2026
WABAG,WABAG.NS,VA Tech Wabag Limited,EQ,2004.9,2061.4,-2.7408557291161344,398624,7983.83,39.85,13-OCT-2010,02-Oct-2026
WAKEFIT,WAKEFIT.NS,Wakefit Innovations Limited,EQ,139.88,143.82,-2.739535530524265,172897,243.41,38.63,15-DEC-2025,02-Oct-2026
WALCHANNAG,WALCHANNAG.NS,Walchandnagar Industries Limited,EQ,196.08,200.24,-2.077506991610066,612063,1201.82,45.39,18-SEP-1996,02-Oct-2026
WALPAR,WALPAR.NS,WALPAR,SM,27.4,28.45,-3.690685413005275,4000,1.13,100.0,,02-Oct-2026
WANBURY,WANBURY.NS,Wanbury Limited,EQ,197.99,199.5,-0.7568922305764366,563970,1106.06,46.81,29-JAN-2007,02-Oct-2026
WARDINMOBI,WARDINMOBI.NS,Wardwizard Innovations & Mobility Limited,EQ,5.31,5.45,-2.5688073394495516,253655,13.57,76.47,17-AUG-2026,02-Oct-2026
WATERBASE,WATERBASE.NS,Waterbase Limited,EQ,45.4,46.7,-2.783725910064249,21523,9.91,67.72,17-AUG-2026,02-Oct-2026
WCIL,WCIL.NS,Western Carriers (India) Limited,EQ,93.01,93.16,-0.16101331043365336,72195,66.8,54.21,24-SEP-2024,02-Oct-2026
WEALTH,WEALTH.NS,Wealth First Portfolio Managers Limited,EQ,889.95,907.85,-1.9716913587046292,4145,37.58,61.59,20-JAN-2021,02-Oct-2026
WEBELSOLAR,WEBELSOLAR.NS,Websol Energy System Limited,EQ,68.7,70.56,-2.6360544217687067,2357402,1617.48,50.96,15-MAY-2007,02-Oct-2026
WEIZMANIND,WEIZMANIND.NS,Weizmann Limited,EQ,71.45,70.88,0.8041760722347734,999,0.7,93.79,10-MAY-1995,02-Oct-2026
WEL,WEL.NS,Wonder Electricals Limited,EQ,71.7,72.63,-1.2804626187525714,186921,134.43,55.62,17-JAN-2022,02-Oct-2026
WELCORP,WELCORP.NS,Welspun Corp Limited,EQ,2605.8,2717.0,-4.092749355907244,2309126,60315.82,41.47,24-MAY-2005,02-Oct-2026
WELENT,WELENT.NS,Welspun Enterprises Limited,EQ,724.45,742.7,-2.4572505722364344,396051,2906.23,45.71,04-NOV-2004,02-Oct-2026
WELINV,WELINV.NS,Welspun Investments and Commercials Limited,BE,2478.0,2482.0,-0.16116035455278002,54,1.34,0.0,20-SEP-2010,02-Oct-2026
WELSPLSOL,WELSPLSOL.NS,Welspun Specialty Solutions Limited,EQ,52.58,53.98,-2.5935531678399384,821620,430.54,52.8,20-APR-2026,02-Oct-2026
WELSPUNLIV,WELSPUNLIV.NS,Welspun Living Limited,EQ,239.17,227.33,5.208287511547079,22516675,53649.1,12.07,04-DEC-2003,02-Oct-2026
WENDT,WENDT.NS,Wendt (India) Limited,EQ,8116.0,8351.5,-2.8198527210680715,14731,1193.77,49.79,07-AUG-2006,02-Oct-2026
WESTLIFE,WESTLIFE.NS,WESTLIFE FOODWORLD LIMITED,EQ,588.05,589.85,-0.3051623294057927,119967,711.73,30.07,05-JUN-2023,02-Oct-2026
WEWIN,WEWIN.NS,WE WIN LIMITED,EQ,51.65,50.81,1.6532178704979261,8010,4.14,87.28,15-JUN-2022,02-Oct-2026
WEWORK,WEWORK.NS,WeWork India Management Limited,EQ,659.6,660.45,-0.12870012870013214,303711,1994.9,68.35,10-OCT-2025,02-Oct-2026
WHBRADY,WHBRADY.NS,WH Brady & Company Limited,EQ,465.05,491.0,-5.285132382892055,207,0.96,99.03,17-AUG-2026,02-Oct-2026
WHEELS,WHEELS.NS,Wheels India Limited,EQ,2241.3,2221.0,0.9140027014858254,183997,4043.28,45.83,07-APR-2000,02-Oct-2026
WHIRLPOOL,WHIRLPOOL.NS,Whirlpool of India Limited,EQ,861.65,890.25,-3.2125807357483875,1044003,9133.0,24.07,06-APR-2010,02-Oct-2026
WILLAMAGOR,WILLAMAGOR.NS,Williamson Magor & Company Limited,EQ,21.19,22.99,-7.8294910830795885,10397,2.23,69.21,08-FEB-1995,02-Oct-2026
WINDLAS,WINDLAS.NS,Windlas Biotech Limited,EQ,1082.4,1091.3,-0.8155410977732855,63775,686.24,49.6,16-AUG-2021,02-Oct-2026
WINDMACHIN,WINDMACHIN.NS,Windsor Machines Limited,EQ,293.15,300.2,-2.3484343770819494,99959,293.36,45.63,17-AUG-2011,02-Oct-2026
WINSOL,WINSOL.NS,WINSOL,SM,106.0,109.95,-3.5925420645748094,1600,1.7,50.0,,02-Oct-2026
WIPL,WIPL.NS,The Western India Plywoods Limited,EQ,161.0,164.8,-2.3058252427184533,936,1.53,84.62,17-APR-2017,02-Oct-2026
WIPRO,WIPRO.NS,Wipro Limited,EQ,159.35,158.5,0.5362776025236557,18521731,29477.15,58.02,08-NOV-1995,02-Oct-2026
WOCKPHARMA,WOCKPHARMA.NS,Wockhardt Limited,EQ,2083.9,2116.3,-1.530973869489207,784540,16306.54,35.01,23-FEB-2000,02-Oct-2026
WOL3D,WOL3D.NS,WOL3D,SM,134.0,139.0,-3.597122302158273,1000,1.34,100.0,,02-Oct-2026
WOMANCART,WOMANCART.NS,WOMANCART,ST,96.35,95.95,0.41688379364251327,6400,6.1,75.0,,02-Oct-2026
WONDERLA,WONDERLA.NS,Wonderla Holidays Limited,EQ,495.1,500.3,-1.0393763741754924,79594,394.66,61.52,09-MAY-2014,02-Oct-2026
WORTHPERI,WORTHPERI.NS,Worth Peripherals Limited,EQ,143.74,146.02,-1.5614299411039592,1747,2.54,91.53,04-AUG-2020,02-Oct-2026
WPIL,WPIL.NS,WPIL Limited,EQ,430.65,438.85,-1.8685199954426444,28634,123.35,53.72,20-APR-2026,02-Oct-2026
WSI,WSI.NS,W S Industries (I) Limited,EQ,53.2,54.04,-1.5544041450777135,39222,20.98,83.38,01-AUG-2007,02-Oct-2026
WSTCSTPAPR,WSTCSTPAPR.NS,West Coast Paper Mills Limited,EQ,727.65,736.6,-1.2150420852565904,145287,1044.92,39.07,17-JAN-2001,02-Oct-2026
WTICAB,WTICAB.NS,WTICAB,SM,95.0,95.05,-0.05260389268805593,13500,12.84,70.37,,02-Oct-2026
XCHANGING,XCHANGING.NS,Xchanging Solutions Limited,EQ,59.73,61.24,-2.4657086871326013,58010,34.86,69.89,09-MAR-2005,02-Oct-2026
XELPMOC,XELPMOC.NS,Xelpmoc Design And Tech Limited,EQ,93.67,80.24,16.737288135593232,244539,223.78,32.66,04-FEB-2019,02-Oct-2026
XPROINDIA,XPROINDIA.NS,Xpro India Limited,EQ,1136.2,1161.9,-2.211894311042262,42823,486.55,52.97,27-APR-2004,02-Oct-2026
XTGLOBAL,XTGLOBAL.NS,Xtglobal Infotech Limited,EQ,28.69,29.19,-1.7129153819801302,19992,5.8,66.78,16-SEP-2024,02-Oct-2026
XTRANET,XTRANET.NS,Xtranet Technologies Limited,EQ,272.4,285.05,-4.437817926679542,796522,2216.4,52.61,30-JUL-2026,02-Oct-2026
YAAP,YAAP.NS,YAAP,SM,122.0,126.25,-3.3663366336633667,41000,50.99,60.98,,02-Oct-2026
YASHO,YASHO.NS,Yasho Industries Limited,EQ,4036.0,4005.4,0.7639686423328484,22593,910.19,45.16,21-AUG-2023,02-Oct-2026
YASHOPTICS,YASHOPTICS.NS,YASHOPTICS,SM,135.4,131.25,3.1619047619047667,68800,92.54,87.21,,02-Oct-2026
YATHARTH,YATHARTH.NS,Yatharth Hospital & Trauma Care Services Limited,EQ,1033.7,1032.5,0.1162227602905613,508885,5268.99,37.75,07-AUG-2023,02-Oct-2026
YATRA,YATRA.NS,Yatra Online Limited,EQ,98.83,99.89,-1.0611672840124158,2022495,2028.96,27.06,28-SEP-2023,02-Oct-2026
YESBANK,YESBANK.NS,Yes Bank Limited,EQ,20.75,20.95,-0.9546539379474906,80611659,16770.74,51.2,12-JUL-2005,02-Oct-2026
YOGI,YOGI.NS,Yogi Limited,EQ,159.35,160.56,-0.7536123567513752,2356,3.76,95.54,17-AUG-2026,02-Oct-2026
YUDIZ,YUDIZ.NS,YUDIZ,SM,24.05,22.95,4.793028322440093,800,0.19,100.0,,02-Oct-2026
YUKEN,YUKEN.NS,Yuken India Limited,EQ,1141.4,1131.1,0.9106179824949326,15046,168.29,58.66,02-SEP-2021,02-Oct-2026
ZAGGLE,ZAGGLE.NS,Zaggle Prepaid Ocean Services Limited,EQ,171.73,173.18,-0.8372791315394486,843126,1453.36,42.24,22-SEP-2023,02-Oct-2026
ZEAL,ZEAL.NS,ZEAL,SM,68.55,76.0,-9.802631578947372,1200,0.87,100.0,,02-Oct-2026
ZEEL,ZEEL.NS,Zee Entertainment Enterprises Limited,EQ,71.92,74.47,-3.4241976634886493,13789871,10008.59,37.13,09-SEP-1998,02-Oct-2026
ZEELEARN,ZEELEARN.NS,Zee Learn Limited,EQ,6.3,6.5,-3.0769230769230793,249693,15.85,79.37,20-DEC-2010,02-Oct-2026
ZEEMEDIA,ZEEMEDIA.NS,Zee Media Corporation Limited,EQ,7.2,7.21,-0.13869625520110662,764827,54.9,66.83,10-JAN-2007,02-Oct-2026
ZENITHDRUG,ZENITHDRUG.NS,ZENITHDRUG,SM,42.05,44.5,-5.505617977528096,4000,1.7,100.0,,02-Oct-2026
ZENITHEXPO,ZENITHEXPO.NS,Zenith Exports Limited,EQ,203.04,199.0,2.03015075376884,79,0.16,100.0,10-JUL-1996,02-Oct-2026
ZENITHSTL,ZENITHSTL.NS,Zenith Steel Pipes & Industries Limited,EQ,5.1,5.3,-3.7735849056603805,57191,2.94,78.45,30-APR-2007,02-Oct-2026
ZENSARTECH,ZENSARTECH.NS,Zensar Technologies Limited,EQ,434.35,422.1,2.902155887230514,1843893,7939.85,23.27,09-JUL-2003,02-Oct-2026
ZENTEC,ZENTEC.NS,Zen Technologies Limited,EQ,1576.1,1605.2,-1.81285821081486,251378,3972.51,44.59,30-MAR-2015,02-Oct-2026
ZFCVINDIA,ZFCVINDIA.NS,ZF Commercial Vehicle Control Systems India Limited,EQ,2241.0,2341.0,-4.271678769756514,154904,3501.12,64.61,01-OCT-2008,02-Oct-2026
ZFSTEERING,ZFSTEERING.NS,ZF Steering Gear (India) Limited,EQ,708.4,714.5,-0.8537438768369521,1845,13.13,77.78,20-APR-2026,02-Oct-2026
ZIMLAB,ZIMLAB.NS,Zim Laboratories Limited,EQ,137.02,137.97,-0.6885554830760229,129941,175.38,51.18,25-NOV-2022,02-Oct-2026
ZODIAC,ZODIAC.NS,Zodiac Energy Limited,EQ,216.91,216.32,0.27274408284023827,8175,17.51,64.56,14-DEC-2021,02-Oct-2026
ZODIACLOTH,ZODIACLOTH.NS,Zodiac Clothing Company Limited,EQ,66.71,69.03,-3.3608575981457447,1851,1.24,86.82,27-SEP-1995,02-Oct-2026
ZOTA,ZOTA.NS,Zota Health Care LImited,EQ,1267.8,1294.7,-2.0777013980072674,225359,2945.21,81.7,19-AUG-2019,02-Oct-2026
ZSARACOM,ZSARACOM.NS,Saraswati Commercial India Limited,EQ,10017.0,10140.0,-1.21301775147929,23,2.32,86.96,20-APR-2026,02-Oct-2026
ZTECH,ZTECH.NS,ZTECH,SM,437.05,430.75,1.4625652930934443,8700,37.37,86.21,,02-Oct-2026
ZUARI,ZUARI.NS,Zuari Agro Chemicals Limited,EQ,212.88,220.33,-3.381291698815421,68426,146.71,52.93,27-NOV-2012,02-Oct-2026
ZUARIIND,ZUARIIND.NS,ZUARI INDUSTRIES LIMITED,EQ,281.85,282.2,-0.12402551381997375,109193,311.08,55.53,12-APR-1995,02-Oct-2026
ZYDUSLIFE,ZYDUSLIFE.NS,Zydus Lifesciences Limited,EQ,1145.7,1162.0,-1.4027538726333868,2547369,29113.76,58.46,18-APR-2000,02-Oct-2026
ZYDUSWELL,ZYDUSWELL.NS,Zydus Wellness Limited,EQ,493.25,512.8,-3.8124024960998355,151840,755.46,48.11,13-NOV-2009,02-Oct-2026
